2026-05-03 21:19:22 [INFO ] Load generated SIDs from isruc.txt
2026-05-03 21:19:22 [INFO ] SIDs (100): [  1   2   3   4   5   6   7   8   9  10  11  12  13  14  15  16  17  18
  19  20  21  22  23  24  25  26  27  28  29  30  31  32  33  34  35  36
  37  38  39  40  41  42  43  44  45  46  47  48  49  50  51  52  53  54
  55  56  57  58  59  60  61  62  63  64  65  66  67  68  69  70  71  72
  73  74  75  76  77  78  79  80  81  82  83  84  85  86  87  88  89  90
  91  92  93  94  95  96  97  98  99 100]
2026-05-03 21:19:22 [INFO ] Train SIDs: (81) [ 12  13  14  15  16  17  18  19  20  22  23  24  25  26  27  28  29  30
  31  32  34  35  36  38  39  40  41  42  43  44  45  46  47  48  49  52
  53  54  55  56  57  58  59  60  61  62  63  64  65  67  68  69  70  71
  72  73  74  75  77  78  79  80  82  83  84  85  86  87  88  89  90  91
  92  93  94  95  96  97  98  99 100]
2026-05-03 21:19:22 [INFO ] Valid SIDs: (9) [51 33 66 81 11 37 50 76 21]
2026-05-03 21:19:22 [INFO ] Test SIDs: (10) [ 1  2  3  4  5  6  7  8  9 10]
2026-05-03 21:19:23 [INFO ] Training set (n_night_sleeps=81)
2026-05-03 21:19:23 [INFO ] (850, 3000, 1, 1)
2026-05-03 21:19:23 [INFO ] (882, 3000, 1, 1)
2026-05-03 21:19:23 [INFO ] (906, 3000, 1, 1)
2026-05-03 21:19:23 [INFO ] (786, 3000, 1, 1)
2026-05-03 21:19:23 [INFO ] (883, 3000, 1, 1)
2026-05-03 21:19:23 [INFO ] (851, 3000, 1, 1)
2026-05-03 21:19:23 [INFO ] (999, 3000, 1, 1)
2026-05-03 21:19:23 [INFO ] (828, 3000, 1, 1)
2026-05-03 21:19:23 [INFO ] (950, 3000, 1, 1)
2026-05-03 21:19:23 [INFO ] (849, 3000, 1, 1)
2026-05-03 21:19:23 [INFO ] (892, 3000, 1, 1)
2026-05-03 21:19:23 [INFO ] (830, 3000, 1, 1)
2026-05-03 21:19:23 [INFO ] (921, 3000, 1, 1)
2026-05-03 21:19:23 [INFO ] (1062, 3000, 1, 1)
2026-05-03 21:19:23 [INFO ] (918, 3000, 1, 1)
2026-05-03 21:19:23 [INFO ] (882, 3000, 1, 1)
2026-05-03 21:19:23 [INFO ] (912, 3000, 1, 1)
2026-05-03 21:19:23 [INFO ] (882, 3000, 1, 1)
2026-05-03 21:19:23 [INFO ] (877, 3000, 1, 1)
2026-05-03 21:19:23 [INFO ] (1010, 3000, 1, 1)
2026-05-03 21:19:23 [INFO ] (871, 3000, 1, 1)
2026-05-03 21:19:23 [INFO ] (788, 3000, 1, 1)
2026-05-03 21:19:23 [INFO ] (987, 3000, 1, 1)
2026-05-03 21:19:23 [INFO ] (932, 3000, 1, 1)
2026-05-03 21:19:23 [INFO ] (900, 3000, 1, 1)
2026-05-03 21:19:23 [INFO ] (875, 3000, 1, 1)
2026-05-03 21:19:23 [INFO ] (974, 3000, 1, 1)
2026-05-03 21:19:23 [INFO ] (812, 3000, 1, 1)
2026-05-03 21:19:23 [INFO ] (747, 3000, 1, 1)
2026-05-03 21:19:23 [INFO ] (932, 3000, 1, 1)
2026-05-03 21:19:23 [INFO ] (906, 3000, 1, 1)
2026-05-03 21:19:23 [INFO ] (863, 3000, 1, 1)
2026-05-03 21:19:23 [INFO ] (838, 3000, 1, 1)
2026-05-03 21:19:23 [INFO ] (981, 3000, 1, 1)
2026-05-03 21:19:23 [INFO ] (793, 3000, 1, 1)
2026-05-03 21:19:23 [INFO ] (912, 3000, 1, 1)
2026-05-03 21:19:23 [INFO ] (910, 3000, 1, 1)
2026-05-03 21:19:23 [INFO ] (814, 3000, 1, 1)
2026-05-03 21:19:23 [INFO ] (879, 3000, 1, 1)
2026-05-03 21:19:23 [INFO ] (956, 3000, 1, 1)
2026-05-03 21:19:23 [INFO ] (1007, 3000, 1, 1)
2026-05-03 21:19:23 [INFO ] (965, 3000, 1, 1)
2026-05-03 21:19:23 [INFO ] (942, 3000, 1, 1)
2026-05-03 21:19:23 [INFO ] (916, 3000, 1, 1)
2026-05-03 21:19:23 [INFO ] (852, 3000, 1, 1)
2026-05-03 21:19:23 [INFO ] (864, 3000, 1, 1)
2026-05-03 21:19:23 [INFO ] (954, 3000, 1, 1)
2026-05-03 21:19:23 [INFO ] (892, 3000, 1, 1)
2026-05-03 21:19:23 [INFO ] (1014, 3000, 1, 1)
2026-05-03 21:19:23 [INFO ] (862, 3000, 1, 1)
2026-05-03 21:19:23 [INFO ] (956, 3000, 1, 1)
2026-05-03 21:19:23 [INFO ] (815, 3000, 1, 1)
2026-05-03 21:19:23 [INFO ] (893, 3000, 1, 1)
2026-05-03 21:19:23 [INFO ] (829, 3000, 1, 1)
2026-05-03 21:19:23 [INFO ] (872, 3000, 1, 1)
2026-05-03 21:19:23 [INFO ] (997, 3000, 1, 1)
2026-05-03 21:19:23 [INFO ] (897, 3000, 1, 1)
2026-05-03 21:19:23 [INFO ] (898, 3000, 1, 1)
2026-05-03 21:19:23 [INFO ] (805, 3000, 1, 1)
2026-05-03 21:19:23 [INFO ] (894, 3000, 1, 1)
2026-05-03 21:19:23 [INFO ] (880, 3000, 1, 1)
2026-05-03 21:19:23 [INFO ] (889, 3000, 1, 1)
2026-05-03 21:19:23 [INFO ] (882, 3000, 1, 1)
2026-05-03 21:19:23 [INFO ] (925, 3000, 1, 1)
2026-05-03 21:19:23 [INFO ] (963, 3000, 1, 1)
2026-05-03 21:19:23 [INFO ] (896, 3000, 1, 1)
2026-05-03 21:19:23 [INFO ] (964, 3000, 1, 1)
2026-05-03 21:19:23 [INFO ] (926, 3000, 1, 1)
2026-05-03 21:19:23 [INFO ] (1002, 3000, 1, 1)
2026-05-03 21:19:23 [INFO ] (1036, 3000, 1, 1)
2026-05-03 21:19:23 [INFO ] (933, 3000, 1, 1)
2026-05-03 21:19:23 [INFO ] (990, 3000, 1, 1)
2026-05-03 21:19:23 [INFO ] (877, 3000, 1, 1)
2026-05-03 21:19:23 [INFO ] (870, 3000, 1, 1)
2026-05-03 21:19:23 [INFO ] (846, 3000, 1, 1)
2026-05-03 21:19:23 [INFO ] (865, 3000, 1, 1)
2026-05-03 21:19:23 [INFO ] (858, 3000, 1, 1)
2026-05-03 21:19:23 [INFO ] (912, 3000, 1, 1)
2026-05-03 21:19:23 [INFO ] (899, 3000, 1, 1)
2026-05-03 21:19:23 [INFO ] (835, 3000, 1, 1)
2026-05-03 21:19:23 [INFO ] (861, 3000, 1, 1)
2026-05-03 21:19:23 [INFO ] W: 16144
2026-05-03 21:19:23 [INFO ] N1: 9608
2026-05-03 21:19:23 [INFO ] N2: 23110
2026-05-03 21:19:23 [INFO ] N3: 14304
2026-05-03 21:19:23 [INFO ] REM: 9707
2026-05-03 21:19:23 [INFO ] Validation set (n_night_sleeps=9)
2026-05-03 21:19:23 [INFO ] (856, 3000, 1, 1)
2026-05-03 21:19:23 [INFO ] (920, 3000, 1, 1)
2026-05-03 21:19:23 [INFO ] (845, 3000, 1, 1)
2026-05-03 21:19:23 [INFO ] (911, 3000, 1, 1)
2026-05-03 21:19:23 [INFO ] (997, 3000, 1, 1)
2026-05-03 21:19:23 [INFO ] (806, 3000, 1, 1)
2026-05-03 21:19:23 [INFO ] (905, 3000, 1, 1)
2026-05-03 21:19:23 [INFO ] (850, 3000, 1, 1)
2026-05-03 21:19:23 [INFO ] (1054, 3000, 1, 1)
2026-05-03 21:19:23 [INFO ] W: 2323
2026-05-03 21:19:23 [INFO ] N1: 803
2026-05-03 21:19:23 [INFO ] N2: 2506
2026-05-03 21:19:23 [INFO ] N3: 1435
2026-05-03 21:19:23 [INFO ] REM: 1077
2026-05-03 21:19:23 [INFO ] Test set (n_night_sleeps=10)
2026-05-03 21:19:23 [INFO ] (880, 3000, 1, 1)
2026-05-03 21:19:23 [INFO ] (964, 3000, 1, 1)
2026-05-03 21:19:23 [INFO ] (943, 3000, 1, 1)
2026-05-03 21:19:23 [INFO ] (963, 3000, 1, 1)
2026-05-03 21:19:23 [INFO ] (875, 3000, 1, 1)
2026-05-03 21:19:23 [INFO ] (897, 3000, 1, 1)
2026-05-03 21:19:23 [INFO ] (933, 3000, 1, 1)
2026-05-03 21:19:23 [INFO ] (904, 3000, 1, 1)
2026-05-03 21:19:23 [INFO ] (969, 3000, 1, 1)
2026-05-03 21:19:23 [INFO ] (842, 3000, 1, 1)
2026-05-03 21:19:23 [INFO ] W: 2512
2026-05-03 21:19:23 [INFO ] N1: 1102
2026-05-03 21:19:23 [INFO ] N2: 2671
2026-05-03 21:19:23 [INFO ] N3: 1741
2026-05-03 21:19:23 [INFO ] REM: 1144
2026-05-03 21:19:23 [INFO ]   Weighted cross entropy: True
2026-05-03 21:19:23 [INFO ]   Weighted cross entropy: [1.  1.5 1.  1.  1. ]
2026-05-03 21:19:23 [INFO ] using device 0
2026-05-03 21:22:00 [INFO ] Load generated SIDs from isruc.txt
2026-05-03 21:22:00 [INFO ] SIDs (100): [  1   2   3   4   5   6   7   8   9  10  11  12  13  14  15  16  17  18
  19  20  21  22  23  24  25  26  27  28  29  30  31  32  33  34  35  36
  37  38  39  40  41  42  43  44  45  46  47  48  49  50  51  52  53  54
  55  56  57  58  59  60  61  62  63  64  65  66  67  68  69  70  71  72
  73  74  75  76  77  78  79  80  81  82  83  84  85  86  87  88  89  90
  91  92  93  94  95  96  97  98  99 100]
2026-05-03 21:22:00 [INFO ] Train SIDs: (81) [ 12  13  14  15  16  17  18  19  20  22  23  24  25  26  27  28  29  30
  31  32  34  35  36  38  39  40  41  42  43  44  45  46  47  48  49  52
  53  54  55  56  57  58  59  60  61  62  63  64  65  67  68  69  70  71
  72  73  74  75  77  78  79  80  82  83  84  85  86  87  88  89  90  91
  92  93  94  95  96  97  98  99 100]
2026-05-03 21:22:00 [INFO ] Valid SIDs: (9) [51 33 66 81 11 37 50 76 21]
2026-05-03 21:22:00 [INFO ] Test SIDs: (10) [ 1  2  3  4  5  6  7  8  9 10]
2026-05-03 21:22:01 [INFO ] Training set (n_night_sleeps=81)
2026-05-03 21:22:01 [INFO ] (850, 3000, 1, 1)
2026-05-03 21:22:01 [INFO ] (882, 3000, 1, 1)
2026-05-03 21:22:01 [INFO ] (906, 3000, 1, 1)
2026-05-03 21:22:01 [INFO ] (786, 3000, 1, 1)
2026-05-03 21:22:01 [INFO ] (883, 3000, 1, 1)
2026-05-03 21:22:01 [INFO ] (851, 3000, 1, 1)
2026-05-03 21:22:01 [INFO ] (999, 3000, 1, 1)
2026-05-03 21:22:01 [INFO ] (828, 3000, 1, 1)
2026-05-03 21:22:01 [INFO ] (950, 3000, 1, 1)
2026-05-03 21:22:01 [INFO ] (849, 3000, 1, 1)
2026-05-03 21:22:01 [INFO ] (892, 3000, 1, 1)
2026-05-03 21:22:01 [INFO ] (830, 3000, 1, 1)
2026-05-03 21:22:01 [INFO ] (921, 3000, 1, 1)
2026-05-03 21:22:01 [INFO ] (1062, 3000, 1, 1)
2026-05-03 21:22:01 [INFO ] (918, 3000, 1, 1)
2026-05-03 21:22:01 [INFO ] (882, 3000, 1, 1)
2026-05-03 21:22:01 [INFO ] (912, 3000, 1, 1)
2026-05-03 21:22:01 [INFO ] (882, 3000, 1, 1)
2026-05-03 21:22:01 [INFO ] (877, 3000, 1, 1)
2026-05-03 21:22:01 [INFO ] (1010, 3000, 1, 1)
2026-05-03 21:22:01 [INFO ] (871, 3000, 1, 1)
2026-05-03 21:22:01 [INFO ] (788, 3000, 1, 1)
2026-05-03 21:22:01 [INFO ] (987, 3000, 1, 1)
2026-05-03 21:22:01 [INFO ] (932, 3000, 1, 1)
2026-05-03 21:22:01 [INFO ] (900, 3000, 1, 1)
2026-05-03 21:22:01 [INFO ] (875, 3000, 1, 1)
2026-05-03 21:22:01 [INFO ] (974, 3000, 1, 1)
2026-05-03 21:22:01 [INFO ] (812, 3000, 1, 1)
2026-05-03 21:22:01 [INFO ] (747, 3000, 1, 1)
2026-05-03 21:22:01 [INFO ] (932, 3000, 1, 1)
2026-05-03 21:22:01 [INFO ] (906, 3000, 1, 1)
2026-05-03 21:22:01 [INFO ] (863, 3000, 1, 1)
2026-05-03 21:22:01 [INFO ] (838, 3000, 1, 1)
2026-05-03 21:22:01 [INFO ] (981, 3000, 1, 1)
2026-05-03 21:22:01 [INFO ] (793, 3000, 1, 1)
2026-05-03 21:22:01 [INFO ] (912, 3000, 1, 1)
2026-05-03 21:22:01 [INFO ] (910, 3000, 1, 1)
2026-05-03 21:22:01 [INFO ] (814, 3000, 1, 1)
2026-05-03 21:22:01 [INFO ] (879, 3000, 1, 1)
2026-05-03 21:22:01 [INFO ] (956, 3000, 1, 1)
2026-05-03 21:22:01 [INFO ] (1007, 3000, 1, 1)
2026-05-03 21:22:01 [INFO ] (965, 3000, 1, 1)
2026-05-03 21:22:01 [INFO ] (942, 3000, 1, 1)
2026-05-03 21:22:01 [INFO ] (916, 3000, 1, 1)
2026-05-03 21:22:01 [INFO ] (852, 3000, 1, 1)
2026-05-03 21:22:01 [INFO ] (864, 3000, 1, 1)
2026-05-03 21:22:01 [INFO ] (954, 3000, 1, 1)
2026-05-03 21:22:01 [INFO ] (892, 3000, 1, 1)
2026-05-03 21:22:01 [INFO ] (1014, 3000, 1, 1)
2026-05-03 21:22:01 [INFO ] (862, 3000, 1, 1)
2026-05-03 21:22:01 [INFO ] (956, 3000, 1, 1)
2026-05-03 21:22:01 [INFO ] (815, 3000, 1, 1)
2026-05-03 21:22:01 [INFO ] (893, 3000, 1, 1)
2026-05-03 21:22:01 [INFO ] (829, 3000, 1, 1)
2026-05-03 21:22:01 [INFO ] (872, 3000, 1, 1)
2026-05-03 21:22:01 [INFO ] (997, 3000, 1, 1)
2026-05-03 21:22:01 [INFO ] (897, 3000, 1, 1)
2026-05-03 21:22:01 [INFO ] (898, 3000, 1, 1)
2026-05-03 21:22:01 [INFO ] (805, 3000, 1, 1)
2026-05-03 21:22:01 [INFO ] (894, 3000, 1, 1)
2026-05-03 21:22:01 [INFO ] (880, 3000, 1, 1)
2026-05-03 21:22:01 [INFO ] (889, 3000, 1, 1)
2026-05-03 21:22:01 [INFO ] (882, 3000, 1, 1)
2026-05-03 21:22:01 [INFO ] (925, 3000, 1, 1)
2026-05-03 21:22:01 [INFO ] (963, 3000, 1, 1)
2026-05-03 21:22:01 [INFO ] (896, 3000, 1, 1)
2026-05-03 21:22:01 [INFO ] (964, 3000, 1, 1)
2026-05-03 21:22:01 [INFO ] (926, 3000, 1, 1)
2026-05-03 21:22:01 [INFO ] (1002, 3000, 1, 1)
2026-05-03 21:22:01 [INFO ] (1036, 3000, 1, 1)
2026-05-03 21:22:01 [INFO ] (933, 3000, 1, 1)
2026-05-03 21:22:01 [INFO ] (990, 3000, 1, 1)
2026-05-03 21:22:01 [INFO ] (877, 3000, 1, 1)
2026-05-03 21:22:01 [INFO ] (870, 3000, 1, 1)
2026-05-03 21:22:01 [INFO ] (846, 3000, 1, 1)
2026-05-03 21:22:01 [INFO ] (865, 3000, 1, 1)
2026-05-03 21:22:01 [INFO ] (858, 3000, 1, 1)
2026-05-03 21:22:01 [INFO ] (912, 3000, 1, 1)
2026-05-03 21:22:01 [INFO ] (899, 3000, 1, 1)
2026-05-03 21:22:01 [INFO ] (835, 3000, 1, 1)
2026-05-03 21:22:01 [INFO ] (861, 3000, 1, 1)
2026-05-03 21:22:01 [INFO ] W: 16144
2026-05-03 21:22:01 [INFO ] N1: 9608
2026-05-03 21:22:01 [INFO ] N2: 23110
2026-05-03 21:22:01 [INFO ] N3: 14304
2026-05-03 21:22:01 [INFO ] REM: 9707
2026-05-03 21:22:01 [INFO ] Validation set (n_night_sleeps=9)
2026-05-03 21:22:01 [INFO ] (856, 3000, 1, 1)
2026-05-03 21:22:01 [INFO ] (920, 3000, 1, 1)
2026-05-03 21:22:01 [INFO ] (845, 3000, 1, 1)
2026-05-03 21:22:01 [INFO ] (911, 3000, 1, 1)
2026-05-03 21:22:01 [INFO ] (997, 3000, 1, 1)
2026-05-03 21:22:01 [INFO ] (806, 3000, 1, 1)
2026-05-03 21:22:01 [INFO ] (905, 3000, 1, 1)
2026-05-03 21:22:01 [INFO ] (850, 3000, 1, 1)
2026-05-03 21:22:01 [INFO ] (1054, 3000, 1, 1)
2026-05-03 21:22:01 [INFO ] W: 2323
2026-05-03 21:22:01 [INFO ] N1: 803
2026-05-03 21:22:01 [INFO ] N2: 2506
2026-05-03 21:22:01 [INFO ] N3: 1435
2026-05-03 21:22:01 [INFO ] REM: 1077
2026-05-03 21:22:01 [INFO ] Test set (n_night_sleeps=10)
2026-05-03 21:22:01 [INFO ] (880, 3000, 1, 1)
2026-05-03 21:22:01 [INFO ] (964, 3000, 1, 1)
2026-05-03 21:22:01 [INFO ] (943, 3000, 1, 1)
2026-05-03 21:22:01 [INFO ] (963, 3000, 1, 1)
2026-05-03 21:22:01 [INFO ] (875, 3000, 1, 1)
2026-05-03 21:22:01 [INFO ] (897, 3000, 1, 1)
2026-05-03 21:22:01 [INFO ] (933, 3000, 1, 1)
2026-05-03 21:22:01 [INFO ] (904, 3000, 1, 1)
2026-05-03 21:22:01 [INFO ] (969, 3000, 1, 1)
2026-05-03 21:22:01 [INFO ] (842, 3000, 1, 1)
2026-05-03 21:22:01 [INFO ] W: 2512
2026-05-03 21:22:01 [INFO ] N1: 1102
2026-05-03 21:22:01 [INFO ] N2: 2671
2026-05-03 21:22:01 [INFO ] N3: 1741
2026-05-03 21:22:01 [INFO ] REM: 1144
2026-05-03 21:22:01 [INFO ]   Weighted cross entropy: True
2026-05-03 21:22:01 [INFO ]   Weighted cross entropy: [1.  1.5 1.  1.  1. ]
2026-05-03 21:22:01 [INFO ] using device 0
2026-05-03 21:22:59 [INFO ] Load generated SIDs from isruc.txt
2026-05-03 21:22:59 [INFO ] SIDs (100): [  1   2   3   4   5   6   7   8   9  10  11  12  13  14  15  16  17  18
  19  20  21  22  23  24  25  26  27  28  29  30  31  32  33  34  35  36
  37  38  39  40  41  42  43  44  45  46  47  48  49  50  51  52  53  54
  55  56  57  58  59  60  61  62  63  64  65  66  67  68  69  70  71  72
  73  74  75  76  77  78  79  80  81  82  83  84  85  86  87  88  89  90
  91  92  93  94  95  96  97  98  99 100]
2026-05-03 21:22:59 [INFO ] Train SIDs: (81) [ 12  13  14  15  16  17  18  19  20  22  23  24  25  26  27  28  29  30
  31  32  34  35  36  38  39  40  41  42  43  44  45  46  47  48  49  52
  53  54  55  56  57  58  59  60  61  62  63  64  65  67  68  69  70  71
  72  73  74  75  77  78  79  80  82  83  84  85  86  87  88  89  90  91
  92  93  94  95  96  97  98  99 100]
2026-05-03 21:22:59 [INFO ] Valid SIDs: (9) [51 33 66 81 11 37 50 76 21]
2026-05-03 21:22:59 [INFO ] Test SIDs: (10) [ 1  2  3  4  5  6  7  8  9 10]
2026-05-03 21:23:00 [INFO ] Training set (n_night_sleeps=81)
2026-05-03 21:23:00 [INFO ] (850, 3000, 1, 1)
2026-05-03 21:23:00 [INFO ] (882, 3000, 1, 1)
2026-05-03 21:23:00 [INFO ] (906, 3000, 1, 1)
2026-05-03 21:23:00 [INFO ] (786, 3000, 1, 1)
2026-05-03 21:23:00 [INFO ] (883, 3000, 1, 1)
2026-05-03 21:23:00 [INFO ] (851, 3000, 1, 1)
2026-05-03 21:23:00 [INFO ] (999, 3000, 1, 1)
2026-05-03 21:23:00 [INFO ] (828, 3000, 1, 1)
2026-05-03 21:23:00 [INFO ] (950, 3000, 1, 1)
2026-05-03 21:23:00 [INFO ] (849, 3000, 1, 1)
2026-05-03 21:23:00 [INFO ] (892, 3000, 1, 1)
2026-05-03 21:23:00 [INFO ] (830, 3000, 1, 1)
2026-05-03 21:23:00 [INFO ] (921, 3000, 1, 1)
2026-05-03 21:23:00 [INFO ] (1062, 3000, 1, 1)
2026-05-03 21:23:00 [INFO ] (918, 3000, 1, 1)
2026-05-03 21:23:00 [INFO ] (882, 3000, 1, 1)
2026-05-03 21:23:00 [INFO ] (912, 3000, 1, 1)
2026-05-03 21:23:00 [INFO ] (882, 3000, 1, 1)
2026-05-03 21:23:00 [INFO ] (877, 3000, 1, 1)
2026-05-03 21:23:00 [INFO ] (1010, 3000, 1, 1)
2026-05-03 21:23:00 [INFO ] (871, 3000, 1, 1)
2026-05-03 21:23:00 [INFO ] (788, 3000, 1, 1)
2026-05-03 21:23:00 [INFO ] (987, 3000, 1, 1)
2026-05-03 21:23:00 [INFO ] (932, 3000, 1, 1)
2026-05-03 21:23:00 [INFO ] (900, 3000, 1, 1)
2026-05-03 21:23:00 [INFO ] (875, 3000, 1, 1)
2026-05-03 21:23:00 [INFO ] (974, 3000, 1, 1)
2026-05-03 21:23:00 [INFO ] (812, 3000, 1, 1)
2026-05-03 21:23:00 [INFO ] (747, 3000, 1, 1)
2026-05-03 21:23:00 [INFO ] (932, 3000, 1, 1)
2026-05-03 21:23:00 [INFO ] (906, 3000, 1, 1)
2026-05-03 21:23:00 [INFO ] (863, 3000, 1, 1)
2026-05-03 21:23:00 [INFO ] (838, 3000, 1, 1)
2026-05-03 21:23:00 [INFO ] (981, 3000, 1, 1)
2026-05-03 21:23:00 [INFO ] (793, 3000, 1, 1)
2026-05-03 21:23:00 [INFO ] (912, 3000, 1, 1)
2026-05-03 21:23:00 [INFO ] (910, 3000, 1, 1)
2026-05-03 21:23:00 [INFO ] (814, 3000, 1, 1)
2026-05-03 21:23:00 [INFO ] (879, 3000, 1, 1)
2026-05-03 21:23:00 [INFO ] (956, 3000, 1, 1)
2026-05-03 21:23:00 [INFO ] (1007, 3000, 1, 1)
2026-05-03 21:23:00 [INFO ] (965, 3000, 1, 1)
2026-05-03 21:23:00 [INFO ] (942, 3000, 1, 1)
2026-05-03 21:23:00 [INFO ] (916, 3000, 1, 1)
2026-05-03 21:23:00 [INFO ] (852, 3000, 1, 1)
2026-05-03 21:23:00 [INFO ] (864, 3000, 1, 1)
2026-05-03 21:23:00 [INFO ] (954, 3000, 1, 1)
2026-05-03 21:23:00 [INFO ] (892, 3000, 1, 1)
2026-05-03 21:23:00 [INFO ] (1014, 3000, 1, 1)
2026-05-03 21:23:00 [INFO ] (862, 3000, 1, 1)
2026-05-03 21:23:00 [INFO ] (956, 3000, 1, 1)
2026-05-03 21:23:00 [INFO ] (815, 3000, 1, 1)
2026-05-03 21:23:00 [INFO ] (893, 3000, 1, 1)
2026-05-03 21:23:00 [INFO ] (829, 3000, 1, 1)
2026-05-03 21:23:00 [INFO ] (872, 3000, 1, 1)
2026-05-03 21:23:00 [INFO ] (997, 3000, 1, 1)
2026-05-03 21:23:00 [INFO ] (897, 3000, 1, 1)
2026-05-03 21:23:00 [INFO ] (898, 3000, 1, 1)
2026-05-03 21:23:00 [INFO ] (805, 3000, 1, 1)
2026-05-03 21:23:00 [INFO ] (894, 3000, 1, 1)
2026-05-03 21:23:00 [INFO ] (880, 3000, 1, 1)
2026-05-03 21:23:00 [INFO ] (889, 3000, 1, 1)
2026-05-03 21:23:00 [INFO ] (882, 3000, 1, 1)
2026-05-03 21:23:00 [INFO ] (925, 3000, 1, 1)
2026-05-03 21:23:00 [INFO ] (963, 3000, 1, 1)
2026-05-03 21:23:00 [INFO ] (896, 3000, 1, 1)
2026-05-03 21:23:00 [INFO ] (964, 3000, 1, 1)
2026-05-03 21:23:00 [INFO ] (926, 3000, 1, 1)
2026-05-03 21:23:00 [INFO ] (1002, 3000, 1, 1)
2026-05-03 21:23:00 [INFO ] (1036, 3000, 1, 1)
2026-05-03 21:23:00 [INFO ] (933, 3000, 1, 1)
2026-05-03 21:23:00 [INFO ] (990, 3000, 1, 1)
2026-05-03 21:23:00 [INFO ] (877, 3000, 1, 1)
2026-05-03 21:23:00 [INFO ] (870, 3000, 1, 1)
2026-05-03 21:23:00 [INFO ] (846, 3000, 1, 1)
2026-05-03 21:23:00 [INFO ] (865, 3000, 1, 1)
2026-05-03 21:23:00 [INFO ] (858, 3000, 1, 1)
2026-05-03 21:23:00 [INFO ] (912, 3000, 1, 1)
2026-05-03 21:23:00 [INFO ] (899, 3000, 1, 1)
2026-05-03 21:23:00 [INFO ] (835, 3000, 1, 1)
2026-05-03 21:23:00 [INFO ] (861, 3000, 1, 1)
2026-05-03 21:23:00 [INFO ] W: 16144
2026-05-03 21:23:00 [INFO ] N1: 9608
2026-05-03 21:23:00 [INFO ] N2: 23110
2026-05-03 21:23:00 [INFO ] N3: 14304
2026-05-03 21:23:00 [INFO ] REM: 9707
2026-05-03 21:23:00 [INFO ] Validation set (n_night_sleeps=9)
2026-05-03 21:23:00 [INFO ] (856, 3000, 1, 1)
2026-05-03 21:23:00 [INFO ] (920, 3000, 1, 1)
2026-05-03 21:23:00 [INFO ] (845, 3000, 1, 1)
2026-05-03 21:23:00 [INFO ] (911, 3000, 1, 1)
2026-05-03 21:23:00 [INFO ] (997, 3000, 1, 1)
2026-05-03 21:23:00 [INFO ] (806, 3000, 1, 1)
2026-05-03 21:23:00 [INFO ] (905, 3000, 1, 1)
2026-05-03 21:23:00 [INFO ] (850, 3000, 1, 1)
2026-05-03 21:23:00 [INFO ] (1054, 3000, 1, 1)
2026-05-03 21:23:00 [INFO ] W: 2323
2026-05-03 21:23:00 [INFO ] N1: 803
2026-05-03 21:23:00 [INFO ] N2: 2506
2026-05-03 21:23:00 [INFO ] N3: 1435
2026-05-03 21:23:00 [INFO ] REM: 1077
2026-05-03 21:23:00 [INFO ] Test set (n_night_sleeps=10)
2026-05-03 21:23:00 [INFO ] (880, 3000, 1, 1)
2026-05-03 21:23:00 [INFO ] (964, 3000, 1, 1)
2026-05-03 21:23:00 [INFO ] (943, 3000, 1, 1)
2026-05-03 21:23:00 [INFO ] (963, 3000, 1, 1)
2026-05-03 21:23:00 [INFO ] (875, 3000, 1, 1)
2026-05-03 21:23:00 [INFO ] (897, 3000, 1, 1)
2026-05-03 21:23:00 [INFO ] (933, 3000, 1, 1)
2026-05-03 21:23:00 [INFO ] (904, 3000, 1, 1)
2026-05-03 21:23:00 [INFO ] (969, 3000, 1, 1)
2026-05-03 21:23:00 [INFO ] (842, 3000, 1, 1)
2026-05-03 21:23:00 [INFO ] W: 2512
2026-05-03 21:23:00 [INFO ] N1: 1102
2026-05-03 21:23:00 [INFO ] N2: 2671
2026-05-03 21:23:00 [INFO ] N3: 1741
2026-05-03 21:23:00 [INFO ] REM: 1144
2026-05-03 21:23:00 [INFO ]   Weighted cross entropy: True
2026-05-03 21:23:00 [INFO ]   Weighted cross entropy: [1.  1.5 1.  1.  1. ]
2026-05-03 21:23:00 [INFO ] using device 0
2026-05-03 21:23:02 [INFO ] Data Augmentation
2026-05-03 21:23:02 [INFO ]   Sequence: True
2026-05-03 21:23:02 [INFO ]   Signal full: True
2026-05-03 21:23:09 [INFO ] [e1/200 s302] TR (n=72638) l=1.6743 a=38.2 f1=31.9 (5.8s)| VA (n=8144) l=1.1063 a=64.8, f1=59.6 (0.3s) | TE (n=9170) l=1.2086 a=57.0, f1=52.2 (0.3s)
2026-05-03 21:23:09 [INFO ] Saved best checkpoint to out_isruc_gru_se/train/0/best_ckpt/best_model.ckpt
2026-05-03 21:23:16 [INFO ] [e2/200 s606] TR (n=72609) l=1.4291 a=51.6 f1=44.1 (5.3s)| VA (n=8144) l=1.9101 a=43.1, f1=31.1 (0.3s) | TE (n=9170) l=1.9601 a=39.9, f1=29.5 (0.3s)
2026-05-03 21:23:22 [INFO ] [e3/200 s913] TR (n=72642) l=1.3573 a=53.6 f1=46.3 (5.4s)| VA (n=8144) l=1.6822 a=43.6, f1=32.8 (0.3s) | TE (n=9170) l=1.9073 a=36.6, f1=24.3 (0.3s)
2026-05-03 21:23:29 [INFO ] [e4/200 s1216] TR (n=72652) l=1.2618 a=57.9 f1=52.6 (5.3s)| VA (n=8144) l=1.1882 a=60.3, f1=52.7 (0.3s) | TE (n=9170) l=1.3296 a=57.1, f1=49.4 (0.3s)
2026-05-03 21:23:36 [INFO ] [e5/200 s1523] TR (n=72624) l=1.2677 a=57.9 f1=53.5 (5.4s)| VA (n=8144) l=1.7283 a=52.7, f1=44.6 (0.3s) | TE (n=9170) l=1.9350 a=42.3, f1=31.8 (0.3s)
2026-05-03 21:23:42 [INFO ] [e6/200 s1829] TR (n=72637) l=1.2006 a=59.7 f1=55.6 (5.4s)| VA (n=8144) l=1.1111 a=59.9, f1=55.5 (0.3s) | TE (n=9170) l=1.2307 a=55.6, f1=51.3 (0.3s)
2026-05-03 21:23:49 [INFO ] [e7/200 s2131] TR (n=72652) l=1.1544 a=61.9 f1=58.7 (5.4s)| VA (n=8144) l=0.9113 a=67.9, f1=63.6 (0.3s) | TE (n=9170) l=0.9306 a=67.0, f1=63.3 (0.3s)
2026-05-03 21:23:49 [INFO ] Saved best checkpoint to out_isruc_gru_se/train/0/best_ckpt/best_model.ckpt
2026-05-03 21:23:56 [INFO ] [e8/200 s2437] TR (n=72634) l=1.1237 a=63.9 f1=61.0 (5.5s)| VA (n=8144) l=0.9388 a=66.7, f1=64.4 (0.3s) | TE (n=9170) l=0.9024 a=68.2, f1=66.8 (0.3s)
2026-05-03 21:24:02 [INFO ] [e9/200 s2739] TR (n=72623) l=1.1001 a=64.9 f1=62.1 (5.4s)| VA (n=8144) l=1.4810 a=50.7, f1=38.7 (0.3s) | TE (n=9170) l=1.8813 a=43.8, f1=33.2 (0.3s)
2026-05-03 21:24:09 [INFO ] [e10/200 s3044] TR (n=72646) l=1.0704 a=66.1 f1=63.5 (5.5s)| VA (n=8144) l=1.0508 a=63.9, f1=58.6 (0.3s) | TE (n=9170) l=1.0800 a=60.5, f1=56.7 (0.3s)
2026-05-03 21:24:16 [INFO ] [e11/200 s3350] TR (n=72618) l=1.0241 a=66.5 f1=64.0 (5.5s)| VA (n=8144) l=0.9447 a=65.4, f1=61.8 (0.3s) | TE (n=9170) l=1.0318 a=61.0, f1=58.6 (0.3s)
2026-05-03 21:24:23 [INFO ] [e12/200 s3654] TR (n=72610) l=1.0703 a=67.4 f1=65.1 (5.5s)| VA (n=8144) l=0.7305 a=75.0, f1=71.6 (0.3s) | TE (n=9170) l=0.9809 a=66.2, f1=61.7 (0.3s)
2026-05-03 21:24:23 [INFO ] Saved best checkpoint to out_isruc_gru_se/train/0/best_ckpt/best_model.ckpt
2026-05-03 21:24:29 [INFO ] [e13/200 s3958] TR (n=72619) l=1.0157 a=67.9 f1=65.5 (5.5s)| VA (n=8144) l=1.2191 a=62.5, f1=55.7 (0.3s) | TE (n=9170) l=1.2092 a=59.0, f1=53.5 (0.3s)
2026-05-03 21:24:36 [INFO ] [e14/200 s4260] TR (n=72621) l=1.0197 a=68.0 f1=65.7 (5.4s)| VA (n=8144) l=1.3401 a=56.4, f1=56.1 (0.3s) | TE (n=9170) l=1.4136 a=55.7, f1=53.9 (0.3s)
2026-05-03 21:24:43 [INFO ] [e15/200 s4567] TR (n=72643) l=1.0241 a=68.3 f1=66.1 (5.6s)| VA (n=8144) l=1.0621 a=61.8, f1=60.4 (0.3s) | TE (n=9170) l=1.1531 a=57.2, f1=56.3 (0.3s)
2026-05-03 21:24:49 [INFO ] [e16/200 s4873] TR (n=72648) l=0.9547 a=70.1 f1=67.9 (5.5s)| VA (n=8144) l=1.1544 a=61.0, f1=58.2 (0.3s) | TE (n=9170) l=1.5337 a=51.1, f1=48.0 (0.3s)
2026-05-03 21:24:56 [INFO ] [e17/200 s5177] TR (n=72627) l=0.9697 a=70.3 f1=68.1 (5.4s)| VA (n=8144) l=0.7372 a=75.8, f1=72.8 (0.3s) | TE (n=9170) l=0.8786 a=70.7, f1=67.8 (0.3s)
2026-05-03 21:24:56 [INFO ] Saved best checkpoint to out_isruc_gru_se/train/0/best_ckpt/best_model.ckpt
2026-05-03 21:25:03 [INFO ] [e18/200 s5483] TR (n=72638) l=0.9402 a=70.7 f1=68.6 (5.5s)| VA (n=8144) l=0.9762 a=66.8, f1=64.4 (0.3s) | TE (n=9170) l=1.2388 a=59.4, f1=56.2 (0.3s)
2026-05-03 21:25:10 [INFO ] [e19/200 s5790] TR (n=72616) l=0.9604 a=71.0 f1=68.9 (5.5s)| VA (n=8144) l=0.6364 a=79.4, f1=75.8 (0.3s) | TE (n=9170) l=0.7772 a=72.8, f1=70.2 (0.3s)
2026-05-03 21:25:10 [INFO ] Saved best checkpoint to out_isruc_gru_se/train/0/best_ckpt/best_model.ckpt
2026-05-03 21:25:16 [INFO ] [e20/200 s6096] TR (n=72624) l=0.9351 a=71.2 f1=69.0 (5.5s)| VA (n=8144) l=0.7473 a=74.6, f1=70.7 (0.3s) | TE (n=9170) l=0.9104 a=67.9, f1=65.6 (0.3s)
2026-05-03 21:25:23 [INFO ] [e21/200 s6400] TR (n=72624) l=0.8990 a=72.1 f1=70.1 (5.5s)| VA (n=8144) l=0.7697 a=75.5, f1=71.4 (0.3s) | TE (n=9170) l=0.9216 a=68.8, f1=66.6 (0.3s)
2026-05-03 21:25:30 [INFO ] [e22/200 s6706] TR (n=72641) l=0.9132 a=72.0 f1=69.9 (5.5s)| VA (n=8144) l=0.5904 a=80.1, f1=76.5 (0.3s) | TE (n=9170) l=0.7006 a=75.7, f1=73.1 (0.3s)
2026-05-03 21:25:30 [INFO ] Saved best checkpoint to out_isruc_gru_se/train/0/best_ckpt/best_model.ckpt
2026-05-03 21:25:36 [INFO ] [e23/200 s7012] TR (n=72640) l=0.8974 a=72.1 f1=70.4 (5.5s)| VA (n=8144) l=0.6451 a=78.8, f1=73.4 (0.3s) | TE (n=9170) l=0.7048 a=76.1, f1=71.7 (0.3s)
2026-05-03 21:25:43 [INFO ] [e24/200 s7315] TR (n=72653) l=0.9063 a=72.1 f1=69.8 (5.5s)| VA (n=8144) l=0.7575 a=73.6, f1=70.2 (0.3s) | TE (n=9170) l=1.0465 a=64.1, f1=62.0 (0.3s)
2026-05-03 21:25:50 [INFO ] [e25/200 s7621] TR (n=72636) l=0.8581 a=72.9 f1=70.9 (5.5s)| VA (n=8144) l=0.7202 a=74.4, f1=71.7 (0.3s) | TE (n=9170) l=0.9589 a=66.2, f1=63.5 (0.3s)
2026-05-03 21:25:57 [INFO ] [e26/200 s7924] TR (n=72627) l=0.8450 a=73.1 f1=71.1 (5.4s)| VA (n=8144) l=0.6486 a=76.3, f1=73.3 (0.3s) | TE (n=9170) l=0.8695 a=67.8, f1=65.5 (0.3s)
2026-05-03 21:26:02 [INFO ] [e27/200 s8229] TR (n=72630) l=0.8442 a=73.9 f1=71.9 (4.9s)| VA (n=8144) l=0.6582 a=76.0, f1=72.9 (0.3s) | TE (n=9170) l=0.8200 a=69.4, f1=66.9 (0.3s)
2026-05-03 21:26:09 [INFO ] [e28/200 s8531] TR (n=72631) l=0.8294 a=73.7 f1=71.7 (5.1s)| VA (n=8144) l=0.6890 a=76.2, f1=72.6 (0.3s) | TE (n=9170) l=1.0113 a=67.1, f1=65.0 (0.3s)
2026-05-03 21:26:15 [INFO ] [e29/200 s8838] TR (n=72646) l=0.8215 a=74.6 f1=72.8 (5.6s)| VA (n=8144) l=0.8026 a=74.2, f1=70.5 (0.3s) | TE (n=9170) l=1.1331 a=64.2, f1=60.5 (0.3s)
2026-05-03 21:26:22 [INFO ] [e30/200 s9143] TR (n=72628) l=0.8277 a=74.4 f1=72.4 (5.6s)| VA (n=8144) l=0.5531 a=80.8, f1=77.6 (0.3s) | TE (n=9170) l=0.6637 a=76.7, f1=74.2 (0.3s)
2026-05-03 21:26:22 [INFO ] Saved best checkpoint to out_isruc_gru_se/train/0/best_ckpt/best_model.ckpt
2026-05-03 21:26:29 [INFO ] [e31/200 s9449] TR (n=72650) l=0.8049 a=74.5 f1=72.6 (5.6s)| VA (n=8144) l=0.7645 a=72.8, f1=69.7 (0.3s) | TE (n=9170) l=1.1312 a=63.7, f1=61.4 (0.3s)
2026-05-03 21:26:36 [INFO ] [e32/200 s9754] TR (n=72619) l=0.8273 a=74.9 f1=73.1 (5.5s)| VA (n=8144) l=0.6101 a=79.7, f1=75.4 (0.3s) | TE (n=9170) l=0.6770 a=76.8, f1=72.8 (0.3s)
2026-05-03 21:26:43 [INFO ] [e33/200 s10059] TR (n=72639) l=0.8021 a=75.5 f1=73.6 (5.6s)| VA (n=8144) l=1.0166 a=64.0, f1=60.5 (0.3s) | TE (n=9170) l=1.5839 a=54.8, f1=49.1 (0.3s)
2026-05-03 21:26:49 [INFO ] [e34/200 s10363] TR (n=72625) l=0.7806 a=75.9 f1=74.0 (5.5s)| VA (n=8144) l=0.5821 a=78.0, f1=76.5 (0.3s) | TE (n=9170) l=0.7250 a=72.0, f1=71.1 (0.3s)
2026-05-03 21:26:56 [INFO ] [e35/200 s10665] TR (n=72636) l=0.7822 a=76.3 f1=74.5 (5.5s)| VA (n=8144) l=0.5858 a=78.4, f1=76.6 (0.3s) | TE (n=9170) l=0.7326 a=71.9, f1=70.4 (0.3s)
2026-05-03 21:27:03 [INFO ] [e36/200 s10968] TR (n=72644) l=0.7785 a=76.7 f1=75.0 (5.4s)| VA (n=8144) l=1.0017 a=68.9, f1=64.1 (0.3s) | TE (n=9170) l=0.9974 a=67.7, f1=66.1 (0.3s)
2026-05-03 21:27:09 [INFO ] [e37/200 s11268] TR (n=72645) l=0.7683 a=76.6 f1=74.9 (5.4s)| VA (n=8144) l=0.6982 a=77.3, f1=74.3 (0.3s) | TE (n=9170) l=0.8856 a=70.7, f1=67.6 (0.3s)
2026-05-03 21:27:16 [INFO ] [e38/200 s11573] TR (n=72626) l=0.7516 a=76.7 f1=75.2 (5.5s)| VA (n=8144) l=0.7059 a=77.3, f1=73.1 (0.3s) | TE (n=9170) l=0.7227 a=74.5, f1=71.1 (0.3s)
2026-05-03 21:27:23 [INFO ] [e39/200 s11877] TR (n=72622) l=0.7354 a=77.1 f1=75.5 (5.5s)| VA (n=8144) l=0.6224 a=79.7, f1=77.5 (0.3s) | TE (n=9170) l=0.6985 a=73.7, f1=71.7 (0.3s)
2026-05-03 21:27:29 [INFO ] [e40/200 s12179] TR (n=72633) l=0.7587 a=76.4 f1=74.8 (5.5s)| VA (n=8144) l=0.5595 a=80.9, f1=77.9 (0.3s) | TE (n=9170) l=0.7088 a=74.6, f1=72.5 (0.3s)
2026-05-03 21:27:29 [INFO ] Saved best checkpoint to out_isruc_gru_se/train/0/best_ckpt/best_model.ckpt
2026-05-03 21:27:36 [INFO ] [e41/200 s12484] TR (n=72620) l=0.7849 a=76.7 f1=75.1 (5.5s)| VA (n=8144) l=0.5141 a=82.5, f1=80.2 (0.3s) | TE (n=9170) l=0.5464 a=80.5, f1=78.1 (0.3s)
2026-05-03 21:27:36 [INFO ] Saved best checkpoint to out_isruc_gru_se/train/0/best_ckpt/best_model.ckpt
2026-05-03 21:27:43 [INFO ] [e42/200 s12791] TR (n=72599) l=0.7456 a=77.5 f1=75.8 (5.6s)| VA (n=8144) l=0.7074 a=75.6, f1=73.5 (0.3s) | TE (n=9170) l=1.1654 a=64.1, f1=63.2 (0.3s)
2026-05-03 21:27:49 [INFO ] [e43/200 s13098] TR (n=72617) l=0.7754 a=76.9 f1=75.3 (5.6s)| VA (n=8144) l=0.6478 a=77.5, f1=74.7 (0.3s) | TE (n=9170) l=0.6976 a=74.1, f1=72.6 (0.3s)
2026-05-03 21:27:56 [INFO ] [e44/200 s13400] TR (n=72625) l=0.7770 a=76.5 f1=75.0 (5.5s)| VA (n=8144) l=0.7499 a=76.7, f1=73.4 (0.3s) | TE (n=9170) l=0.6776 a=75.7, f1=73.6 (0.3s)
2026-05-03 21:28:03 [INFO ] [e45/200 s13699] TR (n=72628) l=0.7495 a=78.1 f1=76.5 (5.5s)| VA (n=8144) l=0.5483 a=81.9, f1=79.1 (0.3s) | TE (n=9170) l=0.6548 a=76.4, f1=74.2 (0.3s)
2026-05-03 21:28:10 [INFO ] [e46/200 s14000] TR (n=72634) l=0.7178 a=77.8 f1=76.2 (5.5s)| VA (n=8144) l=0.5588 a=79.7, f1=77.5 (0.3s) | TE (n=9170) l=0.6800 a=73.8, f1=72.2 (0.3s)
2026-05-03 21:28:16 [INFO ] [e47/200 s14307] TR (n=72639) l=0.7177 a=77.9 f1=76.3 (5.6s)| VA (n=8144) l=0.8731 a=71.1, f1=67.0 (0.3s) | TE (n=9170) l=0.8995 a=68.6, f1=65.7 (0.3s)
2026-05-03 21:28:23 [INFO ] [e48/200 s14612] TR (n=72628) l=0.7307 a=77.8 f1=76.2 (5.5s)| VA (n=8144) l=1.2583 a=64.4, f1=59.9 (0.3s) | TE (n=9170) l=1.3514 a=58.8, f1=55.1 (0.3s)
2026-05-03 21:28:30 [INFO ] [e49/200 s14915] TR (n=72628) l=0.7338 a=77.8 f1=76.1 (5.5s)| VA (n=8144) l=0.6056 a=80.7, f1=76.9 (0.3s) | TE (n=9170) l=0.6158 a=78.7, f1=74.9 (0.3s)
2026-05-03 21:28:36 [INFO ] [e50/200 s15219] TR (n=72631) l=0.7063 a=78.3 f1=76.6 (5.5s)| VA (n=8144) l=0.5839 a=79.6, f1=76.5 (0.3s) | TE (n=9170) l=0.6906 a=75.2, f1=73.0 (0.3s)
2026-05-03 21:28:36 [INFO ] >> Confusion Matrix
2026-05-03 21:28:36 [INFO ] [[1715  496  147    7  147]
 [  42  561  344   21  134]
 [   5   67 2222  211  166]
 [   0    0  271 1461    9]
 [   1   67  133    3  940]]
2026-05-03 21:28:43 [INFO ] [e51/200 s15524] TR (n=72644) l=0.7172 a=78.3 f1=76.8 (5.5s)| VA (n=8144) l=1.1914 a=69.8, f1=66.7 (0.3s) | TE (n=9170) l=0.9401 a=68.4, f1=66.8 (0.3s)
2026-05-03 21:28:50 [INFO ] [e52/200 s15832] TR (n=72631) l=0.6899 a=78.5 f1=77.0 (5.6s)| VA (n=8144) l=0.6906 a=76.0, f1=72.4 (0.3s) | TE (n=9170) l=0.8483 a=69.7, f1=67.2 (0.3s)
2026-05-03 21:28:56 [INFO ] [e53/200 s16135] TR (n=72624) l=0.7289 a=78.4 f1=76.9 (5.5s)| VA (n=8144) l=0.7686 a=75.2, f1=71.0 (0.3s) | TE (n=9170) l=1.1503 a=65.5, f1=61.0 (0.3s)
2026-05-03 21:29:03 [INFO ] [e54/200 s16442] TR (n=72641) l=0.6799 a=78.7 f1=77.3 (5.6s)| VA (n=8144) l=0.6119 a=79.7, f1=76.0 (0.3s) | TE (n=9170) l=0.7664 a=72.6, f1=69.8 (0.3s)
2026-05-03 21:29:10 [INFO ] [e55/200 s16745] TR (n=72620) l=0.7416 a=77.8 f1=76.4 (5.5s)| VA (n=8144) l=0.5163 a=83.5, f1=79.9 (0.3s) | TE (n=9170) l=0.7183 a=76.0, f1=73.6 (0.3s)
2026-05-03 21:29:17 [INFO ] [e56/200 s17052] TR (n=72637) l=0.7285 a=77.8 f1=76.2 (5.6s)| VA (n=8144) l=0.5065 a=84.0, f1=80.8 (0.3s) | TE (n=9170) l=0.6232 a=77.7, f1=74.7 (0.3s)
2026-05-03 21:29:17 [INFO ] Saved best checkpoint to out_isruc_gru_se/train/0/best_ckpt/best_model.ckpt
2026-05-03 21:29:24 [INFO ] [e57/200 s17357] TR (n=72621) l=0.6578 a=79.6 f1=78.2 (5.6s)| VA (n=8144) l=0.8371 a=72.8, f1=69.4 (0.3s) | TE (n=9170) l=1.2974 a=62.3, f1=59.1 (0.3s)
2026-05-03 21:29:30 [INFO ] [e58/200 s17658] TR (n=72619) l=0.6933 a=78.9 f1=77.5 (5.5s)| VA (n=8144) l=0.5708 a=79.5, f1=76.6 (0.3s) | TE (n=9170) l=0.7460 a=73.5, f1=71.0 (0.3s)
2026-05-03 21:29:37 [INFO ] [e59/200 s17961] TR (n=72645) l=0.6885 a=78.9 f1=77.4 (5.5s)| VA (n=8144) l=0.5539 a=81.7, f1=79.4 (0.3s) | TE (n=9170) l=0.9083 a=69.6, f1=68.3 (0.3s)
2026-05-03 21:29:44 [INFO ] [e60/200 s18266] TR (n=72655) l=0.7036 a=78.6 f1=77.1 (5.5s)| VA (n=8144) l=0.6122 a=79.4, f1=76.5 (0.3s) | TE (n=9170) l=0.7992 a=70.3, f1=68.3 (0.3s)
2026-05-03 21:29:50 [INFO ] [e61/200 s18572] TR (n=72620) l=0.6717 a=78.7 f1=77.2 (5.6s)| VA (n=8144) l=0.5994 a=79.8, f1=76.9 (0.3s) | TE (n=9170) l=0.5979 a=78.0, f1=75.3 (0.3s)
2026-05-03 21:29:57 [INFO ] [e62/200 s18877] TR (n=72625) l=0.6695 a=79.2 f1=77.8 (5.5s)| VA (n=8144) l=0.5879 a=79.9, f1=76.6 (0.3s) | TE (n=9170) l=0.8004 a=72.2, f1=70.6 (0.3s)
2026-05-03 21:30:04 [INFO ] [e63/200 s19184] TR (n=72623) l=0.6564 a=79.2 f1=77.8 (5.6s)| VA (n=8144) l=0.5027 a=83.5, f1=80.0 (0.3s) | TE (n=9170) l=0.5768 a=80.0, f1=76.6 (0.3s)
2026-05-03 21:30:11 [INFO ] [e64/200 s19487] TR (n=72636) l=0.6546 a=79.2 f1=77.8 (5.5s)| VA (n=8144) l=0.5742 a=80.2, f1=77.3 (0.3s) | TE (n=9170) l=0.6763 a=75.9, f1=73.8 (0.3s)
2026-05-03 21:30:17 [INFO ] [e65/200 s19793] TR (n=72635) l=0.6822 a=79.2 f1=77.8 (5.5s)| VA (n=8144) l=0.6351 a=80.2, f1=77.0 (0.3s) | TE (n=9170) l=0.5928 a=78.1, f1=75.6 (0.3s)
2026-05-03 21:30:24 [INFO ] [e66/200 s20100] TR (n=72635) l=0.6585 a=79.2 f1=77.8 (5.6s)| VA (n=8144) l=0.5953 a=79.3, f1=76.9 (0.3s) | TE (n=9170) l=0.6212 a=76.8, f1=74.7 (0.3s)
2026-05-03 21:30:31 [INFO ] [e67/200 s20406] TR (n=72632) l=0.6544 a=79.2 f1=77.8 (5.5s)| VA (n=8144) l=0.6118 a=79.4, f1=75.9 (0.3s) | TE (n=9170) l=1.0322 a=67.5, f1=65.8 (0.3s)
2026-05-03 21:30:38 [INFO ] [e68/200 s20714] TR (n=72623) l=0.6675 a=78.7 f1=77.3 (5.6s)| VA (n=8144) l=0.5327 a=81.3, f1=78.6 (0.3s) | TE (n=9170) l=0.6875 a=74.3, f1=72.9 (0.3s)
2026-05-03 21:30:44 [INFO ] [e69/200 s21022] TR (n=72633) l=0.6435 a=79.8 f1=78.5 (5.6s)| VA (n=8144) l=0.5279 a=81.9, f1=79.2 (0.3s) | TE (n=9170) l=0.6674 a=75.5, f1=73.9 (0.3s)
2026-05-03 21:30:51 [INFO ] [e70/200 s21327] TR (n=72647) l=0.6771 a=79.5 f1=78.1 (5.5s)| VA (n=8144) l=0.6909 a=78.2, f1=74.8 (0.3s) | TE (n=9170) l=0.7948 a=73.9, f1=70.9 (0.3s)
2026-05-03 21:30:58 [INFO ] [e71/200 s21627] TR (n=72621) l=0.6450 a=79.7 f1=78.2 (5.4s)| VA (n=8144) l=0.5579 a=80.4, f1=77.6 (0.3s) | TE (n=9170) l=0.7775 a=73.0, f1=71.1 (0.3s)
2026-05-03 21:31:04 [INFO ] [e72/200 s21932] TR (n=72628) l=0.6311 a=80.1 f1=78.8 (5.5s)| VA (n=8144) l=0.6044 a=79.7, f1=76.4 (0.3s) | TE (n=9170) l=0.7368 a=74.1, f1=72.1 (0.3s)
2026-05-03 21:31:11 [INFO ] [e73/200 s22236] TR (n=72622) l=0.6335 a=80.0 f1=78.7 (5.5s)| VA (n=8144) l=0.6083 a=79.8, f1=77.3 (0.3s) | TE (n=9170) l=0.8656 a=70.9, f1=68.8 (0.3s)
2026-05-03 21:31:18 [INFO ] [e74/200 s22545] TR (n=72633) l=0.6602 a=79.7 f1=78.2 (5.6s)| VA (n=8144) l=0.7783 a=74.7, f1=71.1 (0.3s) | TE (n=9170) l=1.0144 a=67.7, f1=64.8 (0.3s)
2026-05-03 21:31:24 [INFO ] [e75/200 s22852] TR (n=72654) l=0.6419 a=79.8 f1=78.4 (5.6s)| VA (n=8144) l=0.5650 a=80.3, f1=78.0 (0.3s) | TE (n=9170) l=0.6078 a=76.6, f1=74.9 (0.3s)
2026-05-03 21:31:31 [INFO ] [e76/200 s23154] TR (n=72650) l=0.6378 a=79.4 f1=78.0 (5.5s)| VA (n=8144) l=0.5873 a=79.1, f1=76.6 (0.3s) | TE (n=9170) l=0.6194 a=77.5, f1=75.6 (0.3s)
2026-05-03 21:31:38 [INFO ] [e77/200 s23461] TR (n=72659) l=0.6419 a=80.0 f1=78.7 (5.6s)| VA (n=8144) l=0.4661 a=84.1, f1=81.2 (0.3s) | TE (n=9170) l=0.5661 a=80.5, f1=78.1 (0.3s)
2026-05-03 21:31:38 [INFO ] Saved best checkpoint to out_isruc_gru_se/train/0/best_ckpt/best_model.ckpt
2026-05-03 21:31:45 [INFO ] [e78/200 s23766] TR (n=72607) l=0.6475 a=79.9 f1=78.6 (5.6s)| VA (n=8144) l=0.6664 a=78.1, f1=74.7 (0.3s) | TE (n=9170) l=0.6964 a=75.0, f1=72.6 (0.3s)
2026-05-03 21:31:51 [INFO ] [e79/200 s24069] TR (n=72617) l=0.6289 a=80.1 f1=78.7 (5.5s)| VA (n=8144) l=0.5817 a=79.8, f1=76.8 (0.3s) | TE (n=9170) l=0.6794 a=76.1, f1=74.6 (0.3s)
2026-05-03 21:31:58 [INFO ] [e80/200 s24377] TR (n=72630) l=0.6519 a=80.1 f1=78.8 (5.6s)| VA (n=8144) l=0.5314 a=81.1, f1=78.6 (0.3s) | TE (n=9170) l=0.5646 a=79.6, f1=77.2 (0.3s)
2026-05-03 21:32:05 [INFO ] [e81/200 s24682] TR (n=72619) l=0.6372 a=80.3 f1=78.9 (5.5s)| VA (n=8144) l=0.5131 a=82.3, f1=79.7 (0.3s) | TE (n=9170) l=0.6501 a=76.0, f1=74.2 (0.3s)
2026-05-03 21:32:12 [INFO ] [e82/200 s24989] TR (n=72627) l=0.6268 a=80.7 f1=79.3 (5.8s)| VA (n=8144) l=0.6031 a=78.6, f1=76.3 (0.3s) | TE (n=9170) l=0.8108 a=72.7, f1=71.7 (0.3s)
2026-05-03 21:32:19 [INFO ] [e83/200 s25295] TR (n=72628) l=0.6533 a=80.1 f1=78.8 (5.6s)| VA (n=8144) l=0.5564 a=80.8, f1=78.1 (0.3s) | TE (n=9170) l=0.5842 a=78.3, f1=76.3 (0.3s)
2026-05-03 21:32:26 [INFO ] [e84/200 s25597] TR (n=72617) l=0.6465 a=79.9 f1=78.6 (5.5s)| VA (n=8144) l=0.6542 a=77.5, f1=74.7 (0.3s) | TE (n=9170) l=0.8365 a=71.1, f1=69.2 (0.3s)
2026-05-03 21:32:32 [INFO ] [e85/200 s25903] TR (n=72631) l=0.6378 a=80.3 f1=79.0 (5.6s)| VA (n=8144) l=0.7402 a=76.0, f1=72.7 (0.3s) | TE (n=9170) l=0.6955 a=75.3, f1=72.0 (0.3s)
2026-05-03 21:32:39 [INFO ] [e86/200 s26211] TR (n=72636) l=0.6236 a=80.4 f1=79.0 (5.6s)| VA (n=8144) l=0.5637 a=80.3, f1=77.7 (0.3s) | TE (n=9170) l=0.6515 a=76.0, f1=74.4 (0.3s)
2026-05-03 21:32:46 [INFO ] [e87/200 s26515] TR (n=72608) l=0.6461 a=80.2 f1=78.9 (5.6s)| VA (n=8144) l=0.5243 a=81.5, f1=79.2 (0.3s) | TE (n=9170) l=0.5859 a=79.2, f1=76.7 (0.3s)
2026-05-03 21:32:53 [INFO ] [e88/200 s26820] TR (n=72642) l=0.6200 a=80.2 f1=78.9 (5.6s)| VA (n=8144) l=0.4981 a=83.4, f1=80.7 (0.3s) | TE (n=9170) l=0.5388 a=81.2, f1=78.8 (0.3s)
2026-05-03 21:32:59 [INFO ] [e89/200 s27124] TR (n=72621) l=0.6221 a=80.7 f1=79.4 (5.5s)| VA (n=8144) l=0.6716 a=77.1, f1=74.9 (0.3s) | TE (n=9170) l=0.8255 a=72.7, f1=70.3 (0.3s)
2026-05-03 21:33:06 [INFO ] [e90/200 s27428] TR (n=72637) l=0.6071 a=80.8 f1=79.5 (5.3s)| VA (n=8144) l=0.6692 a=79.6, f1=75.4 (0.3s) | TE (n=9170) l=0.6227 a=78.8, f1=75.9 (0.3s)
2026-05-03 21:33:12 [INFO ] [e91/200 s27732] TR (n=72626) l=0.6289 a=81.0 f1=79.6 (5.1s)| VA (n=8144) l=0.5524 a=80.6, f1=78.4 (0.3s) | TE (n=9170) l=0.7074 a=74.1, f1=72.4 (0.3s)
2026-05-03 21:33:19 [INFO ] [e92/200 s28037] TR (n=72633) l=0.6158 a=80.5 f1=79.1 (5.6s)| VA (n=8144) l=0.5049 a=82.7, f1=79.8 (0.3s) | TE (n=9170) l=0.5805 a=79.5, f1=77.5 (0.3s)
2026-05-03 21:33:26 [INFO ] [e93/200 s28344] TR (n=72606) l=0.6232 a=80.6 f1=79.3 (5.6s)| VA (n=8144) l=0.6595 a=77.1, f1=74.6 (0.3s) | TE (n=9170) l=1.0087 a=68.2, f1=66.8 (0.3s)
2026-05-03 21:33:33 [INFO ] [e94/200 s28651] TR (n=72622) l=0.5749 a=81.4 f1=80.1 (5.6s)| VA (n=8144) l=0.7288 a=76.8, f1=72.7 (0.3s) | TE (n=9170) l=0.7270 a=76.0, f1=73.3 (0.3s)
2026-05-03 21:33:39 [INFO ] [e95/200 s28952] TR (n=72632) l=0.6142 a=80.8 f1=79.4 (5.5s)| VA (n=8144) l=0.6023 a=80.3, f1=77.4 (0.3s) | TE (n=9170) l=0.6615 a=77.1, f1=75.2 (0.3s)
2026-05-03 21:33:46 [INFO ] [e96/200 s29252] TR (n=72615) l=0.6235 a=80.8 f1=79.5 (5.5s)| VA (n=8144) l=0.6006 a=80.3, f1=77.0 (0.3s) | TE (n=9170) l=0.7101 a=74.8, f1=72.1 (0.3s)
2026-05-03 21:33:52 [INFO ] [e97/200 s29557] TR (n=72637) l=0.5866 a=81.1 f1=79.9 (5.5s)| VA (n=8144) l=0.4939 a=82.0, f1=80.0 (0.3s) | TE (n=9170) l=0.6176 a=78.1, f1=76.0 (0.3s)
2026-05-03 21:33:59 [INFO ] [e98/200 s29861] TR (n=72616) l=0.5947 a=80.9 f1=79.7 (5.5s)| VA (n=8144) l=0.7279 a=78.4, f1=74.8 (0.3s) | TE (n=9170) l=0.6450 a=76.1, f1=74.3 (0.3s)
2026-05-03 21:34:06 [INFO ] [e99/200 s30165] TR (n=72621) l=0.6133 a=80.6 f1=79.3 (5.6s)| VA (n=8144) l=0.5771 a=80.9, f1=78.7 (0.3s) | TE (n=9170) l=0.6864 a=74.6, f1=73.3 (0.3s)
2026-05-03 21:34:13 [INFO ] [e100/200 s30469] TR (n=72631) l=0.5793 a=81.1 f1=79.9 (5.5s)| VA (n=8144) l=0.5697 a=80.4, f1=77.9 (0.3s) | TE (n=9170) l=0.6032 a=77.8, f1=76.4 (0.3s)
2026-05-03 21:34:13 [INFO ] >> Confusion Matrix
2026-05-03 21:34:13 [INFO ] [[1876  469  121    3   43]
 [  69  704  245   11   73]
 [   8  125 2043  357  138]
 [   1    0  148 1580   12]
 [  10   95  107    3  929]]
2026-05-03 21:34:19 [INFO ] [e101/200 s30778] TR (n=72639) l=0.6160 a=81.1 f1=79.7 (5.6s)| VA (n=8144) l=0.6118 a=81.0, f1=77.5 (0.3s) | TE (n=9170) l=0.6246 a=78.1, f1=76.6 (0.3s)
2026-05-03 21:34:26 [INFO ] [e102/200 s31083] TR (n=72637) l=0.6012 a=81.1 f1=79.8 (5.6s)| VA (n=8144) l=0.5493 a=81.6, f1=78.3 (0.3s) | TE (n=9170) l=0.6231 a=77.4, f1=74.7 (0.3s)
2026-05-03 21:34:33 [INFO ] [e103/200 s31388] TR (n=72618) l=0.5897 a=81.4 f1=80.2 (5.6s)| VA (n=8144) l=0.5229 a=82.0, f1=79.1 (0.3s) | TE (n=9170) l=0.5935 a=77.8, f1=75.8 (0.3s)
2026-05-03 21:34:40 [INFO ] [e104/200 s31691] TR (n=72631) l=0.6142 a=80.6 f1=79.5 (5.5s)| VA (n=8144) l=0.5345 a=81.7, f1=79.0 (0.3s) | TE (n=9170) l=0.6860 a=75.5, f1=73.6 (0.3s)
2026-05-03 21:34:46 [INFO ] [e105/200 s31998] TR (n=72623) l=0.5905 a=81.2 f1=80.0 (5.6s)| VA (n=8144) l=0.6814 a=76.7, f1=73.4 (0.3s) | TE (n=9170) l=0.7561 a=73.7, f1=72.4 (0.3s)
2026-05-03 21:34:53 [INFO ] [e106/200 s32305] TR (n=72641) l=0.5976 a=81.4 f1=80.1 (5.6s)| VA (n=8144) l=0.6352 a=78.5, f1=75.9 (0.3s) | TE (n=9170) l=0.8353 a=72.6, f1=70.6 (0.3s)
2026-05-03 21:35:00 [INFO ] [e107/200 s32610] TR (n=72639) l=0.6187 a=81.4 f1=80.2 (5.6s)| VA (n=8144) l=0.6640 a=77.2, f1=74.2 (0.3s) | TE (n=9170) l=0.7754 a=72.1, f1=69.6 (0.3s)
2026-05-03 21:35:07 [INFO ] [e108/200 s32916] TR (n=72627) l=0.5826 a=81.5 f1=80.1 (5.7s)| VA (n=8144) l=0.5482 a=81.5, f1=78.0 (0.3s) | TE (n=9170) l=0.5780 a=80.1, f1=77.7 (0.3s)
2026-05-03 21:35:13 [INFO ] [e109/200 s33220] TR (n=72634) l=0.5995 a=81.2 f1=79.9 (5.6s)| VA (n=8144) l=0.5743 a=81.5, f1=78.8 (0.3s) | TE (n=9170) l=0.5217 a=82.0, f1=79.6 (0.3s)
2026-05-03 21:35:20 [INFO ] [e110/200 s33521] TR (n=72623) l=0.5699 a=81.8 f1=80.6 (5.5s)| VA (n=8144) l=0.5067 a=82.7, f1=80.1 (0.3s) | TE (n=9170) l=0.5754 a=78.8, f1=77.1 (0.3s)
2026-05-03 21:35:27 [INFO ] [e111/200 s33826] TR (n=72613) l=0.5796 a=81.7 f1=80.5 (5.5s)| VA (n=8144) l=0.6669 a=76.0, f1=74.0 (0.3s) | TE (n=9170) l=0.7569 a=74.3, f1=72.1 (0.3s)
2026-05-03 21:35:34 [INFO ] [e112/200 s34132] TR (n=72625) l=0.5802 a=81.3 f1=80.2 (5.5s)| VA (n=8144) l=0.6194 a=79.4, f1=76.2 (0.3s) | TE (n=9170) l=1.0212 a=68.9, f1=67.6 (0.3s)
2026-05-03 21:35:40 [INFO ] [e113/200 s34439] TR (n=72622) l=0.5849 a=81.8 f1=80.6 (5.6s)| VA (n=8144) l=0.5987 a=80.2, f1=77.5 (0.3s) | TE (n=9170) l=0.7282 a=74.9, f1=72.7 (0.3s)
2026-05-03 21:35:47 [INFO ] [e114/200 s34747] TR (n=72639) l=0.5960 a=81.7 f1=80.4 (5.6s)| VA (n=8144) l=0.7427 a=76.0, f1=73.5 (0.3s) | TE (n=9170) l=1.0008 a=68.6, f1=66.9 (0.3s)
2026-05-03 21:35:54 [INFO ] [e115/200 s35053] TR (n=72651) l=0.5661 a=81.7 f1=80.6 (5.6s)| VA (n=8144) l=0.7439 a=74.1, f1=70.8 (0.3s) | TE (n=9170) l=1.1118 a=64.0, f1=62.0 (0.3s)
2026-05-03 21:36:01 [INFO ] [e116/200 s35358] TR (n=72626) l=0.5866 a=81.6 f1=80.4 (5.5s)| VA (n=8144) l=0.6406 a=79.6, f1=76.7 (0.3s) | TE (n=9170) l=0.8171 a=73.5, f1=71.0 (0.3s)
2026-05-03 21:36:07 [INFO ] [e117/200 s35665] TR (n=72606) l=0.5842 a=81.3 f1=80.1 (5.6s)| VA (n=8144) l=0.5835 a=80.2, f1=77.3 (0.3s) | TE (n=9170) l=0.6239 a=76.9, f1=75.1 (0.3s)
2026-05-03 21:36:14 [INFO ] [e118/200 s35966] TR (n=72621) l=0.5631 a=81.7 f1=80.6 (5.5s)| VA (n=8144) l=0.5218 a=82.4, f1=79.9 (0.3s) | TE (n=9170) l=0.6379 a=77.5, f1=75.7 (0.3s)
2026-05-03 21:36:21 [INFO ] [e119/200 s36269] TR (n=72635) l=0.5662 a=81.6 f1=80.3 (5.5s)| VA (n=8144) l=0.5173 a=82.4, f1=79.8 (0.3s) | TE (n=9170) l=0.5450 a=79.8, f1=77.5 (0.3s)
2026-05-03 21:36:28 [INFO ] [e120/200 s36575] TR (n=72670) l=0.5836 a=81.9 f1=80.6 (5.5s)| VA (n=8144) l=0.5913 a=79.8, f1=77.2 (0.3s) | TE (n=9170) l=0.7288 a=74.9, f1=73.1 (0.3s)
2026-05-03 21:36:34 [INFO ] [e121/200 s36881] TR (n=72628) l=0.5745 a=81.5 f1=80.4 (5.5s)| VA (n=8144) l=0.5340 a=82.3, f1=78.9 (0.3s) | TE (n=9170) l=0.6877 a=76.2, f1=74.1 (0.3s)
2026-05-03 21:36:41 [INFO ] [e122/200 s37188] TR (n=72649) l=0.5618 a=82.2 f1=80.9 (5.6s)| VA (n=8144) l=0.5679 a=81.3, f1=77.9 (0.3s) | TE (n=9170) l=0.6163 a=78.0, f1=75.7 (0.3s)
2026-05-03 21:36:48 [INFO ] [e123/200 s37490] TR (n=72617) l=0.5592 a=82.0 f1=80.7 (5.5s)| VA (n=8144) l=0.5569 a=80.9, f1=77.8 (0.3s) | TE (n=9170) l=0.5525 a=80.2, f1=77.9 (0.3s)
2026-05-03 21:36:55 [INFO ] [e124/200 s37794] TR (n=72617) l=0.5771 a=81.5 f1=80.2 (5.5s)| VA (n=8144) l=0.5568 a=80.7, f1=78.7 (0.3s) | TE (n=9170) l=0.6757 a=75.6, f1=73.6 (0.3s)
2026-05-03 21:37:01 [INFO ] [e125/200 s38099] TR (n=72627) l=0.5803 a=81.9 f1=80.8 (5.6s)| VA (n=8144) l=0.5763 a=80.9, f1=77.7 (0.3s) | TE (n=9170) l=0.6045 a=79.4, f1=76.4 (0.3s)
2026-05-03 21:37:08 [INFO ] [e126/200 s38406] TR (n=72597) l=0.5600 a=82.3 f1=81.1 (5.7s)| VA (n=8144) l=0.7050 a=75.7, f1=73.3 (0.3s) | TE (n=9170) l=0.9339 a=69.1, f1=67.3 (0.3s)
2026-05-03 21:37:15 [INFO ] [e127/200 s38712] TR (n=72631) l=0.5796 a=81.8 f1=80.6 (5.6s)| VA (n=8144) l=0.4947 a=83.2, f1=80.5 (0.3s) | TE (n=9170) l=0.7414 a=75.5, f1=73.6 (0.3s)
2026-05-03 21:37:22 [INFO ] [e128/200 s39014] TR (n=72645) l=0.5404 a=82.3 f1=81.0 (5.5s)| VA (n=8144) l=0.6374 a=78.8, f1=76.2 (0.3s) | TE (n=9170) l=0.6570 a=76.2, f1=74.7 (0.3s)
2026-05-03 21:37:22 [INFO ] *** Early-stopping ***





















2026-05-03 21:58:54 [INFO ] Load generated SIDs from isruc.txt
2026-05-03 21:58:54 [INFO ] SIDs (100): [  1   2   3   4   5   6   7   8   9  10  11  12  13  14  15  16  17  18
  19  20  21  22  23  24  25  26  27  28  29  30  31  32  33  34  35  36
  37  38  39  40  41  42  43  44  45  46  47  48  49  50  51  52  53  54
  55  56  57  58  59  60  61  62  63  64  65  66  67  68  69  70  71  72
  73  74  75  76  77  78  79  80  81  82  83  84  85  86  87  88  89  90
  91  92  93  94  95  96  97  98  99 100]
2026-05-03 21:58:54 [INFO ] Train SIDs: (81) [ 12  13  14  15  16  17  18  19  20  22  23  24  25  26  27  28  29  30
  31  32  34  35  36  38  39  40  41  42  43  44  45  46  47  48  49  52
  53  54  55  56  57  58  59  60  61  62  63  64  65  67  68  69  70  71
  72  73  74  75  77  78  79  80  82  83  84  85  86  87  88  89  90  91
  92  93  94  95  96  97  98  99 100]
2026-05-03 21:58:54 [INFO ] Valid SIDs: (9) [51 33 66 81 11 37 50 76 21]
2026-05-03 21:58:54 [INFO ] Test SIDs: (10) [ 1  2  3  4  5  6  7  8  9 10]
2026-05-03 21:58:56 [INFO ] Training set (n_night_sleeps=81)
2026-05-03 21:58:56 [INFO ] (850, 3000, 1, 1)
2026-05-03 21:58:56 [INFO ] (882, 3000, 1, 1)
2026-05-03 21:58:56 [INFO ] (906, 3000, 1, 1)
2026-05-03 21:58:56 [INFO ] (786, 3000, 1, 1)
2026-05-03 21:58:56 [INFO ] (883, 3000, 1, 1)
2026-05-03 21:58:56 [INFO ] (851, 3000, 1, 1)
2026-05-03 21:58:56 [INFO ] (999, 3000, 1, 1)
2026-05-03 21:58:56 [INFO ] (828, 3000, 1, 1)
2026-05-03 21:58:56 [INFO ] (950, 3000, 1, 1)
2026-05-03 21:58:56 [INFO ] (849, 3000, 1, 1)
2026-05-03 21:58:56 [INFO ] (892, 3000, 1, 1)
2026-05-03 21:58:56 [INFO ] (830, 3000, 1, 1)
2026-05-03 21:58:56 [INFO ] (921, 3000, 1, 1)
2026-05-03 21:58:56 [INFO ] (1062, 3000, 1, 1)
2026-05-03 21:58:56 [INFO ] (918, 3000, 1, 1)
2026-05-03 21:58:56 [INFO ] (882, 3000, 1, 1)
2026-05-03 21:58:56 [INFO ] (912, 3000, 1, 1)
2026-05-03 21:58:56 [INFO ] (882, 3000, 1, 1)
2026-05-03 21:58:56 [INFO ] (877, 3000, 1, 1)
2026-05-03 21:58:56 [INFO ] (1010, 3000, 1, 1)
2026-05-03 21:58:56 [INFO ] (871, 3000, 1, 1)
2026-05-03 21:58:56 [INFO ] (788, 3000, 1, 1)
2026-05-03 21:58:56 [INFO ] (987, 3000, 1, 1)
2026-05-03 21:58:56 [INFO ] (932, 3000, 1, 1)
2026-05-03 21:58:56 [INFO ] (900, 3000, 1, 1)
2026-05-03 21:58:56 [INFO ] (875, 3000, 1, 1)
2026-05-03 21:58:56 [INFO ] (974, 3000, 1, 1)
2026-05-03 21:58:56 [INFO ] (812, 3000, 1, 1)
2026-05-03 21:58:56 [INFO ] (747, 3000, 1, 1)
2026-05-03 21:58:56 [INFO ] (932, 3000, 1, 1)
2026-05-03 21:58:56 [INFO ] (906, 3000, 1, 1)
2026-05-03 21:58:56 [INFO ] (863, 3000, 1, 1)
2026-05-03 21:58:56 [INFO ] (838, 3000, 1, 1)
2026-05-03 21:58:56 [INFO ] (981, 3000, 1, 1)
2026-05-03 21:58:56 [INFO ] (793, 3000, 1, 1)
2026-05-03 21:58:56 [INFO ] (912, 3000, 1, 1)
2026-05-03 21:58:56 [INFO ] (910, 3000, 1, 1)
2026-05-03 21:58:56 [INFO ] (814, 3000, 1, 1)
2026-05-03 21:58:56 [INFO ] (879, 3000, 1, 1)
2026-05-03 21:58:56 [INFO ] (956, 3000, 1, 1)
2026-05-03 21:58:56 [INFO ] (1007, 3000, 1, 1)
2026-05-03 21:58:56 [INFO ] (965, 3000, 1, 1)
2026-05-03 21:58:56 [INFO ] (942, 3000, 1, 1)
2026-05-03 21:58:56 [INFO ] (916, 3000, 1, 1)
2026-05-03 21:58:56 [INFO ] (852, 3000, 1, 1)
2026-05-03 21:58:56 [INFO ] (864, 3000, 1, 1)
2026-05-03 21:58:56 [INFO ] (954, 3000, 1, 1)
2026-05-03 21:58:56 [INFO ] (892, 3000, 1, 1)
2026-05-03 21:58:56 [INFO ] (1014, 3000, 1, 1)
2026-05-03 21:58:56 [INFO ] (862, 3000, 1, 1)
2026-05-03 21:58:56 [INFO ] (956, 3000, 1, 1)
2026-05-03 21:58:56 [INFO ] (815, 3000, 1, 1)
2026-05-03 21:58:56 [INFO ] (893, 3000, 1, 1)
2026-05-03 21:58:56 [INFO ] (829, 3000, 1, 1)
2026-05-03 21:58:56 [INFO ] (872, 3000, 1, 1)
2026-05-03 21:58:56 [INFO ] (997, 3000, 1, 1)
2026-05-03 21:58:56 [INFO ] (897, 3000, 1, 1)
2026-05-03 21:58:56 [INFO ] (898, 3000, 1, 1)
2026-05-03 21:58:56 [INFO ] (805, 3000, 1, 1)
2026-05-03 21:58:56 [INFO ] (894, 3000, 1, 1)
2026-05-03 21:58:56 [INFO ] (880, 3000, 1, 1)
2026-05-03 21:58:56 [INFO ] (889, 3000, 1, 1)
2026-05-03 21:58:56 [INFO ] (882, 3000, 1, 1)
2026-05-03 21:58:56 [INFO ] (925, 3000, 1, 1)
2026-05-03 21:58:56 [INFO ] (963, 3000, 1, 1)
2026-05-03 21:58:56 [INFO ] (896, 3000, 1, 1)
2026-05-03 21:58:56 [INFO ] (964, 3000, 1, 1)
2026-05-03 21:58:56 [INFO ] (926, 3000, 1, 1)
2026-05-03 21:58:56 [INFO ] (1002, 3000, 1, 1)
2026-05-03 21:58:56 [INFO ] (1036, 3000, 1, 1)
2026-05-03 21:58:56 [INFO ] (933, 3000, 1, 1)
2026-05-03 21:58:56 [INFO ] (990, 3000, 1, 1)
2026-05-03 21:58:56 [INFO ] (877, 3000, 1, 1)
2026-05-03 21:58:56 [INFO ] (870, 3000, 1, 1)
2026-05-03 21:58:56 [INFO ] (846, 3000, 1, 1)
2026-05-03 21:58:56 [INFO ] (865, 3000, 1, 1)
2026-05-03 21:58:56 [INFO ] (858, 3000, 1, 1)
2026-05-03 21:58:56 [INFO ] (912, 3000, 1, 1)
2026-05-03 21:58:56 [INFO ] (899, 3000, 1, 1)
2026-05-03 21:58:56 [INFO ] (835, 3000, 1, 1)
2026-05-03 21:58:56 [INFO ] (861, 3000, 1, 1)
2026-05-03 21:58:56 [INFO ] W: 16144
2026-05-03 21:58:56 [INFO ] N1: 9608
2026-05-03 21:58:56 [INFO ] N2: 23110
2026-05-03 21:58:56 [INFO ] N3: 14304
2026-05-03 21:58:56 [INFO ] REM: 9707
2026-05-03 21:58:56 [INFO ] Validation set (n_night_sleeps=9)
2026-05-03 21:58:56 [INFO ] (856, 3000, 1, 1)
2026-05-03 21:58:56 [INFO ] (920, 3000, 1, 1)
2026-05-03 21:58:56 [INFO ] (845, 3000, 1, 1)
2026-05-03 21:58:56 [INFO ] (911, 3000, 1, 1)
2026-05-03 21:58:56 [INFO ] (997, 3000, 1, 1)
2026-05-03 21:58:56 [INFO ] (806, 3000, 1, 1)
2026-05-03 21:58:56 [INFO ] (905, 3000, 1, 1)
2026-05-03 21:58:56 [INFO ] (850, 3000, 1, 1)
2026-05-03 21:58:56 [INFO ] (1054, 3000, 1, 1)
2026-05-03 21:58:56 [INFO ] W: 2323
2026-05-03 21:58:56 [INFO ] N1: 803
2026-05-03 21:58:56 [INFO ] N2: 2506
2026-05-03 21:58:56 [INFO ] N3: 1435
2026-05-03 21:58:56 [INFO ] REM: 1077
2026-05-03 21:58:56 [INFO ] Test set (n_night_sleeps=10)
2026-05-03 21:58:56 [INFO ] (880, 3000, 1, 1)
2026-05-03 21:58:56 [INFO ] (964, 3000, 1, 1)
2026-05-03 21:58:56 [INFO ] (943, 3000, 1, 1)
2026-05-03 21:58:56 [INFO ] (963, 3000, 1, 1)
2026-05-03 21:58:56 [INFO ] (875, 3000, 1, 1)
2026-05-03 21:58:56 [INFO ] (897, 3000, 1, 1)
2026-05-03 21:58:56 [INFO ] (933, 3000, 1, 1)
2026-05-03 21:58:56 [INFO ] (904, 3000, 1, 1)
2026-05-03 21:58:56 [INFO ] (969, 3000, 1, 1)
2026-05-03 21:58:56 [INFO ] (842, 3000, 1, 1)
2026-05-03 21:58:56 [INFO ] W: 2512
2026-05-03 21:58:56 [INFO ] N1: 1102
2026-05-03 21:58:56 [INFO ] N2: 2671
2026-05-03 21:58:56 [INFO ] N3: 1741
2026-05-03 21:58:56 [INFO ] REM: 1144
2026-05-03 21:58:56 [INFO ]   Weighted cross entropy: True
2026-05-03 21:58:56 [INFO ]   Weighted cross entropy: [1.  1.5 1.  1.  1. ]
2026-05-03 21:58:56 [INFO ] using device 0
2026-05-03 21:58:57 [INFO ] Data Augmentation
2026-05-03 21:58:57 [INFO ]   Sequence: True
2026-05-03 21:58:57 [INFO ]   Signal full: True
2026-05-03 21:59:05 [INFO ] [e1/200 s302] TR (n=72638) l=1.6770 a=37.8 f1=31.9 (6.1s)| VA (n=8144) l=1.0526 a=64.8, f1=56.1 (0.4s) | TE (n=9170) l=1.1629 a=58.6, f1=51.4 (0.3s)
2026-05-03 21:59:05 [INFO ] Saved best checkpoint to out_isruc_gru_se/train/0/best_ckpt/best_model.ckpt
2026-05-03 21:59:12 [INFO ] [e2/200 s606] TR (n=72609) l=1.4244 a=51.5 f1=44.2 (5.4s)| VA (n=8144) l=1.7639 a=40.7, f1=27.7 (0.3s) | TE (n=9170) l=1.7649 a=37.4, f1=26.6 (0.3s)
2026-05-03 21:59:19 [INFO ] [e3/200 s913] TR (n=72642) l=1.3590 a=53.4 f1=46.7 (5.2s)| VA (n=8144) l=1.3148 a=54.4, f1=48.0 (0.3s) | TE (n=9170) l=1.4239 a=47.7, f1=41.1 (0.3s)
2026-05-03 21:59:25 [INFO ] [e4/200 s1216] TR (n=72652) l=1.2634 a=58.2 f1=53.0 (4.8s)| VA (n=8144) l=1.3857 a=52.5, f1=41.3 (0.3s) | TE (n=9170) l=1.4844 a=52.6, f1=40.2 (0.3s)
2026-05-03 21:59:31 [INFO ] [e5/200 s1523] TR (n=72624) l=1.2629 a=58.3 f1=53.9 (5.1s)| VA (n=8144) l=1.5165 a=45.1, f1=41.4 (0.3s) | TE (n=9170) l=1.7148 a=40.5, f1=36.3 (0.3s)
2026-05-03 21:59:38 [INFO ] [e6/200 s1829] TR (n=72637) l=1.1749 a=61.4 f1=57.6 (5.3s)| VA (n=8144) l=1.5806 a=49.5, f1=43.9 (0.3s) | TE (n=9170) l=1.7489 a=45.9, f1=38.9 (0.3s)
2026-05-03 21:59:45 [INFO ] [e7/200 s2131] TR (n=72652) l=1.1268 a=63.3 f1=60.5 (5.6s)| VA (n=8144) l=0.7541 a=73.5, f1=69.8 (0.3s) | TE (n=9170) l=0.9124 a=65.8, f1=61.8 (0.3s)
2026-05-03 21:59:45 [INFO ] Saved best checkpoint to out_isruc_gru_se/train/0/best_ckpt/best_model.ckpt
2026-05-03 21:59:52 [INFO ] [e8/200 s2437] TR (n=72634) l=1.0956 a=65.5 f1=62.9 (5.4s)| VA (n=8144) l=0.8974 a=69.3, f1=66.8 (0.3s) | TE (n=9170) l=0.9722 a=67.5, f1=65.7 (0.3s)
2026-05-03 21:59:59 [INFO ] [e9/200 s2739] TR (n=72623) l=1.0775 a=66.2 f1=63.6 (5.4s)| VA (n=8144) l=0.9097 a=66.5, f1=63.6 (0.3s) | TE (n=9170) l=1.2520 a=58.3, f1=55.1 (0.3s)
2026-05-03 22:00:06 [INFO ] [e10/200 s3044] TR (n=72646) l=1.0462 a=66.8 f1=64.2 (5.6s)| VA (n=8144) l=0.9430 a=67.7, f1=62.9 (0.3s) | TE (n=9170) l=1.1842 a=60.2, f1=55.7 (0.3s)
2026-05-03 22:00:12 [INFO ] [e11/200 s3350] TR (n=72618) l=1.0072 a=66.9 f1=64.5 (5.6s)| VA (n=8144) l=0.8214 a=71.7, f1=67.3 (0.3s) | TE (n=9170) l=1.0440 a=63.9, f1=60.3 (0.3s)
2026-05-03 22:00:19 [INFO ] [e12/200 s3654] TR (n=72610) l=1.0520 a=67.7 f1=65.3 (5.4s)| VA (n=8144) l=0.7532 a=75.5, f1=71.5 (0.3s) | TE (n=9170) l=0.7416 a=73.8, f1=70.9 (0.3s)
2026-05-03 22:00:19 [INFO ] Saved best checkpoint to out_isruc_gru_se/train/0/best_ckpt/best_model.ckpt
2026-05-03 22:00:26 [INFO ] [e13/200 s3958] TR (n=72619) l=0.9968 a=68.7 f1=66.3 (5.5s)| VA (n=8144) l=1.0929 a=68.1, f1=65.0 (0.3s) | TE (n=9170) l=1.0519 a=65.0, f1=63.4 (0.3s)
2026-05-03 22:00:33 [INFO ] [e14/200 s4260] TR (n=72621) l=1.0195 a=68.2 f1=66.0 (5.5s)| VA (n=8144) l=1.8672 a=43.8, f1=44.9 (0.3s) | TE (n=9170) l=1.8444 a=43.7, f1=44.3 (0.3s)
2026-05-03 22:00:40 [INFO ] [e15/200 s4567] TR (n=72643) l=1.0120 a=69.0 f1=66.9 (5.7s)| VA (n=8144) l=1.1266 a=60.2, f1=58.0 (0.3s) | TE (n=9170) l=1.2824 a=55.2, f1=53.1 (0.3s)
2026-05-03 22:00:47 [INFO ] [e16/200 s4873] TR (n=72648) l=0.9379 a=70.3 f1=68.1 (5.6s)| VA (n=8144) l=1.1707 a=61.6, f1=58.1 (0.3s) | TE (n=9170) l=1.5548 a=51.5, f1=47.2 (0.3s)
2026-05-03 22:00:54 [INFO ] [e17/200 s5177] TR (n=72627) l=0.9554 a=70.2 f1=68.0 (5.6s)| VA (n=8144) l=0.8024 a=73.0, f1=70.7 (0.3s) | TE (n=9170) l=1.0062 a=65.0, f1=62.5 (0.3s)
2026-05-03 22:01:01 [INFO ] [e18/200 s5483] TR (n=72638) l=0.9286 a=71.1 f1=69.0 (5.5s)| VA (n=8144) l=1.0625 a=63.5, f1=60.9 (0.3s) | TE (n=9170) l=1.3306 a=57.5, f1=53.5 (0.3s)
2026-05-03 22:01:09 [INFO ] [e19/200 s5790] TR (n=72616) l=0.9545 a=71.0 f1=68.9 (5.7s)| VA (n=8144) l=0.7410 a=72.9, f1=71.1 (0.3s) | TE (n=9170) l=0.9459 a=64.6, f1=62.8 (0.3s)
2026-05-03 22:01:16 [INFO ] [e20/200 s6096] TR (n=72624) l=0.9174 a=71.3 f1=69.0 (5.5s)| VA (n=8144) l=0.7914 a=73.4, f1=68.8 (0.3s) | TE (n=9170) l=0.9104 a=69.1, f1=64.7 (0.3s)
2026-05-03 22:01:23 [INFO ] [e21/200 s6400] TR (n=72624) l=0.8979 a=72.3 f1=70.2 (5.6s)| VA (n=8144) l=0.8197 a=75.0, f1=71.9 (0.3s) | TE (n=9170) l=0.9731 a=67.3, f1=65.6 (0.3s)
2026-05-03 22:01:31 [INFO ] [e22/200 s6706] TR (n=72641) l=0.8979 a=72.1 f1=70.0 (5.7s)| VA (n=8144) l=0.6214 a=78.3, f1=74.7 (0.3s) | TE (n=9170) l=0.7513 a=73.7, f1=71.2 (0.3s)
2026-05-03 22:01:31 [INFO ] Saved best checkpoint to out_isruc_gru_se/train/0/best_ckpt/best_model.ckpt
2026-05-03 22:01:38 [INFO ] [e23/200 s7012] TR (n=72640) l=0.8836 a=72.2 f1=70.3 (5.5s)| VA (n=8144) l=0.6413 a=78.4, f1=73.0 (0.3s) | TE (n=9170) l=0.6649 a=78.7, f1=74.0 (0.3s)
2026-05-03 22:01:45 [INFO ] [e24/200 s7315] TR (n=72653) l=0.8976 a=72.5 f1=70.2 (5.5s)| VA (n=8144) l=1.0798 a=64.3, f1=63.0 (0.3s) | TE (n=9170) l=1.4205 a=53.8, f1=53.0 (0.3s)
2026-05-03 22:01:52 [INFO ] [e25/200 s7621] TR (n=72636) l=0.8604 a=72.9 f1=70.9 (5.6s)| VA (n=8144) l=0.8474 a=72.0, f1=68.5 (0.3s) | TE (n=9170) l=1.1365 a=64.9, f1=61.1 (0.3s)
2026-05-03 22:01:59 [INFO ] [e26/200 s7924] TR (n=72627) l=0.8438 a=73.7 f1=71.6 (5.5s)| VA (n=8144) l=0.8114 a=73.1, f1=70.0 (0.3s) | TE (n=9170) l=1.2217 a=61.1, f1=58.5 (0.3s)
2026-05-03 22:02:06 [INFO ] [e27/200 s8229] TR (n=72630) l=0.8579 a=73.7 f1=71.7 (5.7s)| VA (n=8144) l=0.7625 a=73.0, f1=69.1 (0.3s) | TE (n=9170) l=0.9880 a=65.6, f1=62.9 (0.3s)
2026-05-03 22:02:13 [INFO ] [e28/200 s8531] TR (n=72631) l=0.8242 a=73.7 f1=71.6 (5.7s)| VA (n=8144) l=0.6541 a=77.2, f1=73.9 (0.3s) | TE (n=9170) l=0.9602 a=68.6, f1=66.7 (0.3s)
2026-05-03 22:02:20 [INFO ] [e29/200 s8838] TR (n=72646) l=0.8297 a=74.4 f1=72.6 (5.5s)| VA (n=8144) l=0.9103 a=70.7, f1=66.5 (0.3s) | TE (n=9170) l=1.3329 a=61.5, f1=58.0 (0.3s)
2026-05-03 22:02:28 [INFO ] [e30/200 s9143] TR (n=72628) l=0.8179 a=74.5 f1=72.6 (5.7s)| VA (n=8144) l=0.5875 a=79.2, f1=76.1 (0.3s) | TE (n=9170) l=0.6661 a=76.3, f1=73.7 (0.3s)
2026-05-03 22:02:28 [INFO ] Saved best checkpoint to out_isruc_gru_se/train/0/best_ckpt/best_model.ckpt
2026-05-03 22:02:35 [INFO ] [e31/200 s9449] TR (n=72650) l=0.8013 a=74.8 f1=72.9 (5.6s)| VA (n=8144) l=0.8986 a=69.9, f1=68.5 (0.3s) | TE (n=9170) l=1.3392 a=56.6, f1=56.8 (0.3s)
2026-05-03 22:02:43 [INFO ] [e32/200 s9754] TR (n=72619) l=0.8345 a=74.9 f1=73.1 (5.6s)| VA (n=8144) l=0.6670 a=78.4, f1=73.9 (0.4s) | TE (n=9170) l=0.6590 a=77.7, f1=73.7 (0.3s)
2026-05-03 22:02:51 [INFO ] [e33/200 s10059] TR (n=72639) l=0.7970 a=75.6 f1=73.8 (5.6s)| VA (n=8144) l=0.8956 a=67.8, f1=65.0 (0.3s) | TE (n=9170) l=1.3417 a=58.8, f1=54.4 (0.3s)
2026-05-03 22:02:58 [INFO ] [e34/200 s10363] TR (n=72625) l=0.7833 a=76.0 f1=74.1 (5.7s)| VA (n=8144) l=0.6005 a=76.6, f1=75.1 (0.3s) | TE (n=9170) l=0.8463 a=68.1, f1=67.4 (0.3s)
2026-05-03 22:03:05 [INFO ] [e35/200 s10665] TR (n=72636) l=0.7973 a=75.9 f1=73.9 (5.7s)| VA (n=8144) l=0.5946 a=78.9, f1=76.3 (0.3s) | TE (n=9170) l=0.6673 a=74.9, f1=73.1 (0.3s)
2026-05-03 22:03:12 [INFO ] [e36/200 s10968] TR (n=72644) l=0.7765 a=76.2 f1=74.4 (5.6s)| VA (n=8144) l=0.9549 a=69.3, f1=65.4 (0.3s) | TE (n=9170) l=0.9941 a=65.7, f1=64.3 (0.3s)
2026-05-03 22:03:19 [INFO ] [e37/200 s11268] TR (n=72645) l=0.7715 a=76.5 f1=74.8 (5.7s)| VA (n=8144) l=0.7229 a=76.1, f1=72.8 (0.3s) | TE (n=9170) l=0.9635 a=69.1, f1=66.2 (0.3s)
2026-05-03 22:03:27 [INFO ] [e38/200 s11573] TR (n=72626) l=0.7507 a=76.7 f1=75.1 (5.8s)| VA (n=8144) l=0.6868 a=77.7, f1=73.6 (0.3s) | TE (n=9170) l=0.7453 a=73.3, f1=70.4 (0.3s)
2026-05-03 22:03:34 [INFO ] [e39/200 s11877] TR (n=72622) l=0.7418 a=77.1 f1=75.4 (5.7s)| VA (n=8144) l=0.5723 a=81.2, f1=78.4 (0.3s) | TE (n=9170) l=0.6987 a=74.7, f1=72.8 (0.3s)
2026-05-03 22:03:34 [INFO ] Saved best checkpoint to out_isruc_gru_se/train/0/best_ckpt/best_model.ckpt
2026-05-03 22:03:41 [INFO ] [e40/200 s12179] TR (n=72633) l=0.7424 a=77.3 f1=75.7 (5.5s)| VA (n=8144) l=0.5939 a=79.0, f1=76.8 (0.3s) | TE (n=9170) l=0.8593 a=69.7, f1=68.4 (0.3s)
2026-05-03 22:03:48 [INFO ] [e41/200 s12484] TR (n=72620) l=0.7790 a=76.7 f1=75.0 (5.7s)| VA (n=8144) l=0.5166 a=81.9, f1=79.5 (0.3s) | TE (n=9170) l=0.6660 a=74.8, f1=73.0 (0.3s)
2026-05-03 22:03:48 [INFO ] Saved best checkpoint to out_isruc_gru_se/train/0/best_ckpt/best_model.ckpt
2026-05-03 22:03:55 [INFO ] [e42/200 s12791] TR (n=72599) l=0.7349 a=77.5 f1=75.9 (5.6s)| VA (n=8144) l=0.5861 a=78.9, f1=76.7 (0.3s) | TE (n=9170) l=0.9248 a=68.5, f1=67.6 (0.3s)
2026-05-03 22:04:02 [INFO ] [e43/200 s13098] TR (n=72617) l=0.7648 a=77.1 f1=75.5 (5.7s)| VA (n=8144) l=0.7131 a=75.1, f1=72.1 (0.3s) | TE (n=9170) l=0.9179 a=69.0, f1=67.8 (0.3s)
2026-05-03 22:04:09 [INFO ] [e44/200 s13400] TR (n=72625) l=0.7652 a=76.9 f1=75.3 (5.6s)| VA (n=8144) l=0.8992 a=74.8, f1=70.5 (0.3s) | TE (n=9170) l=0.6786 a=76.2, f1=73.0 (0.3s)
2026-05-03 22:04:16 [INFO ] [e45/200 s13699] TR (n=72628) l=0.7680 a=77.7 f1=76.2 (5.6s)| VA (n=8144) l=0.6751 a=78.8, f1=76.1 (0.3s) | TE (n=9170) l=0.7170 a=72.5, f1=70.3 (0.3s)
2026-05-03 22:04:23 [INFO ] [e46/200 s14000] TR (n=72634) l=0.7226 a=78.0 f1=76.4 (5.6s)| VA (n=8144) l=0.5744 a=79.9, f1=77.5 (0.3s) | TE (n=9170) l=0.7255 a=72.7, f1=70.9 (0.3s)
2026-05-03 22:04:31 [INFO ] [e47/200 s14307] TR (n=72639) l=0.7294 a=77.5 f1=75.9 (5.7s)| VA (n=8144) l=0.6338 a=78.8, f1=75.7 (0.3s) | TE (n=9170) l=0.8183 a=71.3, f1=69.1 (0.3s)
2026-05-03 22:04:38 [INFO ] [e48/200 s14612] TR (n=72628) l=0.7421 a=77.7 f1=76.0 (5.6s)| VA (n=8144) l=0.8964 a=73.1, f1=69.2 (0.3s) | TE (n=9170) l=0.9565 a=67.6, f1=65.6 (0.3s)
2026-05-03 22:04:45 [INFO ] [e49/200 s14915] TR (n=72628) l=0.7394 a=77.4 f1=75.7 (5.6s)| VA (n=8144) l=0.5713 a=81.8, f1=76.9 (0.3s) | TE (n=9170) l=0.7183 a=76.1, f1=70.4 (0.3s)
2026-05-03 22:04:52 [INFO ] [e50/200 s15219] TR (n=72631) l=0.7249 a=77.8 f1=76.1 (5.7s)| VA (n=8144) l=0.5609 a=80.1, f1=77.3 (0.3s) | TE (n=9170) l=0.6336 a=77.7, f1=75.5 (0.3s)
2026-05-03 22:04:52 [INFO ] >> Confusion Matrix
2026-05-03 22:04:52 [INFO ] [[1909  425   84    8   86]
 [  62  616  322   16   86]
 [   7   86 2292  184  102]
 [   0    0  303 1438    0]
 [   3  103  163    3  872]]
2026-05-03 22:04:59 [INFO ] [e51/200 s15524] TR (n=72644) l=0.7317 a=78.2 f1=76.7 (5.6s)| VA (n=8144) l=1.2833 a=68.0, f1=64.8 (0.3s) | TE (n=9170) l=0.9861 a=69.0, f1=66.3 (0.3s)
2026-05-03 22:05:06 [INFO ] [e52/200 s15832] TR (n=72631) l=0.6987 a=78.4 f1=76.9 (5.7s)| VA (n=8144) l=0.7773 a=75.1, f1=72.5 (0.3s) | TE (n=9170) l=1.0059 a=64.7, f1=62.8 (0.3s)
2026-05-03 22:05:13 [INFO ] [e53/200 s16135] TR (n=72624) l=0.7330 a=78.5 f1=76.9 (5.5s)| VA (n=8144) l=0.6357 a=78.8, f1=74.7 (0.3s) | TE (n=9170) l=0.9293 a=69.0, f1=65.8 (0.3s)
2026-05-03 22:05:20 [INFO ] [e54/200 s16442] TR (n=72641) l=0.6868 a=79.0 f1=77.6 (5.5s)| VA (n=8144) l=0.6240 a=78.0, f1=75.1 (0.3s) | TE (n=9170) l=0.9725 a=66.2, f1=64.4 (0.3s)
2026-05-03 22:05:27 [INFO ] [e55/200 s16745] TR (n=72620) l=0.7405 a=77.5 f1=76.0 (5.7s)| VA (n=8144) l=0.5822 a=79.9, f1=74.7 (0.3s) | TE (n=9170) l=0.7592 a=73.1, f1=70.2 (0.3s)
2026-05-03 22:05:35 [INFO ] [e56/200 s17052] TR (n=72637) l=0.7166 a=77.8 f1=76.2 (5.6s)| VA (n=8144) l=0.5430 a=82.0, f1=78.2 (0.3s) | TE (n=9170) l=0.6884 a=75.5, f1=72.7 (0.3s)
2026-05-03 22:05:42 [INFO ] [e57/200 s17357] TR (n=72621) l=0.6650 a=79.5 f1=78.1 (5.5s)| VA (n=8144) l=0.7267 a=76.0, f1=72.5 (0.3s) | TE (n=9170) l=1.1993 a=63.6, f1=61.5 (0.3s)
2026-05-03 22:05:49 [INFO ] [e58/200 s17658] TR (n=72619) l=0.7053 a=78.4 f1=76.9 (5.5s)| VA (n=8144) l=0.5282 a=81.8, f1=78.6 (0.3s) | TE (n=9170) l=0.7328 a=72.1, f1=70.6 (0.3s)
2026-05-03 22:05:56 [INFO ] [e59/200 s17961] TR (n=72645) l=0.6841 a=78.7 f1=77.2 (5.6s)| VA (n=8144) l=0.5859 a=78.8, f1=76.2 (0.3s) | TE (n=9170) l=1.0476 a=65.9, f1=64.7 (0.3s)
2026-05-03 22:06:03 [INFO ] [e60/200 s18266] TR (n=72655) l=0.7045 a=78.6 f1=77.1 (5.5s)| VA (n=8144) l=0.5169 a=82.4, f1=79.5 (0.3s) | TE (n=9170) l=0.7574 a=72.2, f1=70.4 (0.3s)
2026-05-03 22:06:10 [INFO ] [e61/200 s18572] TR (n=72620) l=0.6771 a=78.9 f1=77.3 (5.6s)| VA (n=8144) l=0.6290 a=79.8, f1=76.9 (0.3s) | TE (n=9170) l=0.5964 a=77.2, f1=74.9 (0.3s)
2026-05-03 22:06:17 [INFO ] [e62/200 s18877] TR (n=72625) l=0.6731 a=79.2 f1=77.8 (5.6s)| VA (n=8144) l=0.5208 a=81.7, f1=78.7 (0.3s) | TE (n=9170) l=0.6807 a=75.5, f1=73.5 (0.3s)
2026-05-03 22:06:24 [INFO ] [e63/200 s19184] TR (n=72623) l=0.6728 a=79.0 f1=77.6 (5.5s)| VA (n=8144) l=0.5872 a=82.3, f1=78.1 (0.3s) | TE (n=9170) l=0.7191 a=77.6, f1=72.7 (0.3s)
2026-05-03 22:06:31 [INFO ] [e64/200 s19487] TR (n=72636) l=0.6680 a=78.8 f1=77.3 (5.5s)| VA (n=8144) l=0.5952 a=78.7, f1=76.2 (0.3s) | TE (n=9170) l=0.7626 a=72.8, f1=70.9 (0.3s)
2026-05-03 22:06:37 [INFO ] [e65/200 s19793] TR (n=72635) l=0.6659 a=79.5 f1=78.1 (5.4s)| VA (n=8144) l=0.6453 a=79.3, f1=76.5 (0.3s) | TE (n=9170) l=0.6236 a=77.5, f1=74.9 (0.3s)
2026-05-03 22:06:45 [INFO ] [e66/200 s20100] TR (n=72635) l=0.6588 a=79.5 f1=78.0 (5.6s)| VA (n=8144) l=0.5624 a=80.3, f1=78.2 (0.3s) | TE (n=9170) l=0.8365 a=70.6, f1=69.0 (0.3s)
2026-05-03 22:06:52 [INFO ] [e67/200 s20406] TR (n=72632) l=0.6631 a=78.8 f1=77.4 (5.6s)| VA (n=8144) l=0.5807 a=79.7, f1=76.1 (0.3s) | TE (n=9170) l=0.9668 a=68.5, f1=66.5 (0.3s)
2026-05-03 22:06:59 [INFO ] [e68/200 s20714] TR (n=72623) l=0.6873 a=78.2 f1=76.7 (5.5s)| VA (n=8144) l=0.5789 a=79.8, f1=76.9 (0.3s) | TE (n=9170) l=0.6340 a=77.1, f1=74.6 (0.3s)
2026-05-03 22:07:06 [INFO ] [e69/200 s21022] TR (n=72633) l=0.6537 a=79.4 f1=78.0 (5.6s)| VA (n=8144) l=0.5978 a=79.3, f1=76.5 (0.3s) | TE (n=9170) l=0.7392 a=73.6, f1=71.8 (0.3s)
2026-05-03 22:07:13 [INFO ] [e70/200 s21327] TR (n=72647) l=0.6862 a=79.1 f1=77.7 (5.5s)| VA (n=8144) l=0.6236 a=79.1, f1=76.1 (0.3s) | TE (n=9170) l=0.7038 a=75.6, f1=72.8 (0.3s)
2026-05-03 22:07:20 [INFO ] [e71/200 s21627] TR (n=72621) l=0.6537 a=79.5 f1=78.0 (5.5s)| VA (n=8144) l=0.5226 a=82.5, f1=79.9 (0.3s) | TE (n=9170) l=0.6979 a=74.4, f1=72.4 (0.3s)
2026-05-03 22:07:20 [INFO ] Saved best checkpoint to out_isruc_gru_se/train/0/best_ckpt/best_model.ckpt
2026-05-03 22:07:27 [INFO ] [e72/200 s21932] TR (n=72628) l=0.6461 a=79.7 f1=78.4 (5.6s)| VA (n=8144) l=0.6462 a=78.6, f1=74.8 (0.3s) | TE (n=9170) l=0.7210 a=76.1, f1=73.1 (0.3s)
2026-05-03 22:07:34 [INFO ] [e73/200 s22236] TR (n=72622) l=0.6302 a=80.1 f1=78.7 (5.5s)| VA (n=8144) l=0.4968 a=83.3, f1=80.5 (0.3s) | TE (n=9170) l=0.5798 a=78.8, f1=76.0 (0.3s)
2026-05-03 22:07:34 [INFO ] Saved best checkpoint to out_isruc_gru_se/train/0/best_ckpt/best_model.ckpt
2026-05-03 22:07:41 [INFO ] [e74/200 s22545] TR (n=72633) l=0.6585 a=79.4 f1=77.9 (5.7s)| VA (n=8144) l=0.9314 a=70.5, f1=66.8 (0.3s) | TE (n=9170) l=1.3405 a=60.6, f1=58.0 (0.3s)
2026-05-03 22:07:48 [INFO ] [e75/200 s22852] TR (n=72654) l=0.6583 a=79.6 f1=78.2 (5.6s)| VA (n=8144) l=0.5349 a=81.6, f1=79.5 (0.3s) | TE (n=9170) l=0.5933 a=76.7, f1=74.6 (0.3s)
2026-05-03 22:07:55 [INFO ] [e76/200 s23154] TR (n=72650) l=0.6392 a=79.4 f1=77.9 (5.4s)| VA (n=8144) l=0.5465 a=80.6, f1=78.0 (0.3s) | TE (n=9170) l=0.5974 a=78.1, f1=76.0 (0.3s)
2026-05-03 22:08:02 [INFO ] [e77/200 s23461] TR (n=72659) l=0.6408 a=80.1 f1=78.7 (5.6s)| VA (n=8144) l=0.4783 a=84.2, f1=81.4 (0.3s) | TE (n=9170) l=0.5467 a=80.8, f1=77.6 (0.3s)
2026-05-03 22:08:02 [INFO ] Saved best checkpoint to out_isruc_gru_se/train/0/best_ckpt/best_model.ckpt
2026-05-03 22:08:09 [INFO ] [e78/200 s23766] TR (n=72607) l=0.6623 a=79.5 f1=78.2 (5.5s)| VA (n=8144) l=0.6533 a=78.0, f1=74.5 (0.3s) | TE (n=9170) l=0.7406 a=71.9, f1=69.5 (0.3s)
2026-05-03 22:08:16 [INFO ] [e79/200 s24069] TR (n=72617) l=0.6471 a=80.1 f1=78.6 (5.3s)| VA (n=8144) l=0.6011 a=78.8, f1=76.0 (0.3s) | TE (n=9170) l=0.6806 a=76.2, f1=74.0 (0.4s)
2026-05-03 22:08:24 [INFO ] [e80/200 s24377] TR (n=72630) l=0.6549 a=80.2 f1=78.8 (5.7s)| VA (n=8144) l=0.5757 a=80.5, f1=77.5 (0.3s) | TE (n=9170) l=0.6230 a=76.9, f1=73.9 (0.3s)
2026-05-03 22:08:31 [INFO ] [e81/200 s24682] TR (n=72619) l=0.6491 a=79.9 f1=78.4 (5.5s)| VA (n=8144) l=0.5088 a=82.2, f1=79.6 (0.3s) | TE (n=9170) l=0.5695 a=77.9, f1=76.2 (0.3s)
2026-05-03 22:08:38 [INFO ] [e82/200 s24989] TR (n=72627) l=0.6270 a=80.3 f1=78.9 (5.5s)| VA (n=8144) l=0.7634 a=73.3, f1=70.8 (0.3s) | TE (n=9170) l=1.0096 a=66.3, f1=64.7 (0.3s)
2026-05-03 22:08:45 [INFO ] [e83/200 s25295] TR (n=72628) l=0.6549 a=80.1 f1=78.7 (5.6s)| VA (n=8144) l=0.5519 a=81.1, f1=78.3 (0.3s) | TE (n=9170) l=0.5615 a=78.9, f1=77.1 (0.3s)
2026-05-03 22:08:52 [INFO ] [e84/200 s25597] TR (n=72617) l=0.6356 a=80.3 f1=79.0 (5.6s)| VA (n=8144) l=0.6742 a=76.8, f1=73.9 (0.3s) | TE (n=9170) l=0.8005 a=72.7, f1=71.2 (0.3s)
2026-05-03 22:08:59 [INFO ] [e85/200 s25903] TR (n=72631) l=0.6434 a=80.3 f1=78.9 (5.4s)| VA (n=8144) l=0.6085 a=80.4, f1=77.2 (0.3s) | TE (n=9170) l=0.6188 a=78.1, f1=75.5 (0.3s)
2026-05-03 22:09:06 [INFO ] [e86/200 s26211] TR (n=72636) l=0.6321 a=80.3 f1=78.8 (5.6s)| VA (n=8144) l=0.7042 a=76.0, f1=73.1 (0.3s) | TE (n=9170) l=0.7846 a=71.0, f1=68.8 (0.3s)
2026-05-03 22:09:13 [INFO ] [e87/200 s26515] TR (n=72608) l=0.6545 a=80.0 f1=78.6 (5.4s)| VA (n=8144) l=0.5413 a=81.5, f1=79.1 (0.3s) | TE (n=9170) l=0.6425 a=77.0, f1=74.1 (0.3s)
2026-05-03 22:09:20 [INFO ] [e88/200 s26820] TR (n=72642) l=0.6319 a=80.2 f1=78.8 (5.6s)| VA (n=8144) l=0.4670 a=84.6, f1=82.1 (0.3s) | TE (n=9170) l=0.5172 a=81.9, f1=79.4 (0.3s)
2026-05-03 22:09:20 [INFO ] Saved best checkpoint to out_isruc_gru_se/train/0/best_ckpt/best_model.ckpt
2026-05-03 22:09:26 [INFO ] [e89/200 s27124] TR (n=72621) l=0.6287 a=80.4 f1=79.1 (5.4s)| VA (n=8144) l=0.6849 a=77.6, f1=75.5 (0.3s) | TE (n=9170) l=0.7621 a=74.1, f1=71.5 (0.3s)
2026-05-03 22:09:34 [INFO ] [e90/200 s27428] TR (n=72637) l=0.6097 a=80.7 f1=79.4 (5.6s)| VA (n=8144) l=0.6481 a=78.1, f1=74.6 (0.3s) | TE (n=9170) l=0.6785 a=76.1, f1=73.8 (0.3s)
2026-05-03 22:09:41 [INFO ] [e91/200 s27732] TR (n=72626) l=0.6189 a=80.9 f1=79.5 (5.5s)| VA (n=8144) l=0.5508 a=81.3, f1=78.8 (0.3s) | TE (n=9170) l=0.6865 a=76.1, f1=73.4 (0.3s)
2026-05-03 22:09:48 [INFO ] [e92/200 s28037] TR (n=72633) l=0.6222 a=80.7 f1=79.4 (5.6s)| VA (n=8144) l=0.6154 a=80.0, f1=77.0 (0.3s) | TE (n=9170) l=0.7299 a=74.3, f1=72.5 (0.3s)
2026-05-03 22:09:55 [INFO ] [e93/200 s28344] TR (n=72606) l=0.6280 a=80.6 f1=79.3 (5.6s)| VA (n=8144) l=0.7049 a=76.8, f1=74.0 (0.3s) | TE (n=9170) l=1.0919 a=66.7, f1=64.6 (0.3s)
2026-05-03 22:10:02 [INFO ] [e94/200 s28651] TR (n=72622) l=0.5800 a=81.2 f1=79.8 (5.6s)| VA (n=8144) l=0.6028 a=79.6, f1=75.7 (0.3s) | TE (n=9170) l=0.7402 a=75.0, f1=72.6 (0.3s)
2026-05-03 22:10:09 [INFO ] [e95/200 s28952] TR (n=72632) l=0.6114 a=81.1 f1=79.8 (5.5s)| VA (n=8144) l=0.5225 a=83.0, f1=80.3 (0.3s) | TE (n=9170) l=0.7148 a=75.3, f1=73.5 (0.3s)
2026-05-03 22:10:16 [INFO ] [e96/200 s29252] TR (n=72615) l=0.6234 a=80.8 f1=79.5 (5.5s)| VA (n=8144) l=0.6700 a=77.6, f1=74.7 (0.3s) | TE (n=9170) l=0.8184 a=71.1, f1=68.9 (0.3s)
2026-05-03 22:10:23 [INFO ] [e97/200 s29557] TR (n=72637) l=0.5902 a=81.0 f1=79.7 (5.5s)| VA (n=8144) l=0.4856 a=83.2, f1=80.4 (0.3s) | TE (n=9170) l=0.5576 a=79.8, f1=77.7 (0.3s)
2026-05-03 22:10:30 [INFO ] [e98/200 s29861] TR (n=72616) l=0.6047 a=80.6 f1=79.2 (5.6s)| VA (n=8144) l=0.5937 a=79.6, f1=76.9 (0.3s) | TE (n=9170) l=0.6109 a=78.3, f1=75.9 (0.3s)
2026-05-03 22:10:37 [INFO ] [e99/200 s30165] TR (n=72621) l=0.6118 a=80.7 f1=79.4 (5.4s)| VA (n=8144) l=0.5134 a=83.1, f1=80.5 (0.3s) | TE (n=9170) l=0.5515 a=79.3, f1=77.2 (0.4s)
2026-05-03 22:10:45 [INFO ] [e100/200 s30469] TR (n=72631) l=0.6047 a=80.9 f1=79.6 (5.6s)| VA (n=8144) l=0.5180 a=81.7, f1=79.2 (0.4s) | TE (n=9170) l=0.6237 a=78.5, f1=76.9 (0.3s)
2026-05-03 22:10:45 [INFO ] >> Confusion Matrix
2026-05-03 22:10:45 [INFO ] [[1949  464   45    5   49]
 [  40  755  192    9  106]
 [   4  153 1978  306  230]
 [   0    1  133 1545   62]
 [   4   82   83    5  970]]
2026-05-03 22:10:53 [INFO ] [e101/200 s30778] TR (n=72639) l=0.6325 a=81.0 f1=79.7 (5.7s)| VA (n=8144) l=0.6333 a=78.7, f1=75.4 (0.3s) | TE (n=9170) l=0.6206 a=77.9, f1=75.9 (0.3s)
2026-05-03 22:11:00 [INFO ] [e102/200 s31083] TR (n=72637) l=0.6110 a=80.6 f1=79.3 (5.7s)| VA (n=8144) l=0.4995 a=83.4, f1=80.6 (0.3s) | TE (n=9170) l=0.6459 a=77.1, f1=74.4 (0.3s)
2026-05-03 22:11:08 [INFO ] [e103/200 s31388] TR (n=72618) l=0.6033 a=80.9 f1=79.5 (5.7s)| VA (n=8144) l=0.5346 a=81.9, f1=79.1 (0.3s) | TE (n=9170) l=0.6265 a=76.9, f1=75.0 (0.3s)
2026-05-03 22:11:15 [INFO ] [e104/200 s31691] TR (n=72631) l=0.6018 a=80.9 f1=79.7 (5.5s)| VA (n=8144) l=0.5412 a=82.7, f1=80.1 (0.3s) | TE (n=9170) l=0.5914 a=78.9, f1=76.7 (0.3s)
2026-05-03 22:11:22 [INFO ] [e105/200 s31998] TR (n=72623) l=0.5885 a=81.1 f1=79.9 (5.7s)| VA (n=8144) l=0.5535 a=80.6, f1=77.6 (0.3s) | TE (n=9170) l=0.7019 a=75.2, f1=74.1 (0.4s)
2026-05-03 22:11:30 [INFO ] [e106/200 s32305] TR (n=72641) l=0.5996 a=81.3 f1=80.0 (6.0s)| VA (n=8144) l=0.6178 a=80.7, f1=78.3 (0.3s) | TE (n=9170) l=0.7849 a=72.8, f1=71.2 (0.3s)
2026-05-03 22:11:37 [INFO ] [e107/200 s32610] TR (n=72639) l=0.6285 a=80.7 f1=79.5 (5.7s)| VA (n=8144) l=0.7140 a=76.5, f1=73.6 (0.3s) | TE (n=9170) l=0.9296 a=68.1, f1=66.2 (0.4s)
2026-05-03 22:11:44 [INFO ] [e108/200 s32916] TR (n=72627) l=0.5940 a=81.7 f1=80.4 (5.7s)| VA (n=8144) l=0.4780 a=83.8, f1=80.8 (0.3s) | TE (n=9170) l=0.5666 a=79.8, f1=77.3 (0.3s)
2026-05-03 22:11:52 [INFO ] [e109/200 s33220] TR (n=72634) l=0.6019 a=80.8 f1=79.6 (5.7s)| VA (n=8144) l=0.5431 a=81.6, f1=79.0 (0.3s) | TE (n=9170) l=0.5373 a=81.5, f1=79.0 (0.3s)
2026-05-03 22:11:59 [INFO ] [e110/200 s33521] TR (n=72623) l=0.5884 a=81.2 f1=79.9 (5.7s)| VA (n=8144) l=0.5653 a=83.2, f1=80.3 (0.3s) | TE (n=9170) l=0.5897 a=79.3, f1=77.1 (0.3s)
2026-05-03 22:12:06 [INFO ] [e111/200 s33826] TR (n=72613) l=0.5887 a=81.5 f1=80.1 (5.8s)| VA (n=8144) l=0.6549 a=77.3, f1=75.2 (0.3s) | TE (n=9170) l=0.8758 a=72.1, f1=69.4 (0.3s)
2026-05-03 22:12:14 [INFO ] [e112/200 s34132] TR (n=72625) l=0.5855 a=81.0 f1=79.8 (5.7s)| VA (n=8144) l=0.5941 a=80.8, f1=77.2 (0.3s) | TE (n=9170) l=0.8748 a=71.0, f1=69.2 (0.3s)
2026-05-03 22:12:21 [INFO ] [e113/200 s34439] TR (n=72622) l=0.6014 a=81.3 f1=80.0 (5.7s)| VA (n=8144) l=0.6023 a=78.6, f1=75.6 (0.3s) | TE (n=9170) l=0.7282 a=74.8, f1=73.8 (0.3s)
2026-05-03 22:12:29 [INFO ] [e114/200 s34747] TR (n=72639) l=0.6081 a=80.9 f1=79.7 (5.9s)| VA (n=8144) l=0.7780 a=74.0, f1=71.0 (0.3s) | TE (n=9170) l=1.0265 a=66.0, f1=64.2 (0.3s)
2026-05-03 22:12:36 [INFO ] [e115/200 s35053] TR (n=72651) l=0.5799 a=81.6 f1=80.4 (5.6s)| VA (n=8144) l=0.6712 a=76.1, f1=72.8 (0.3s) | TE (n=9170) l=0.8933 a=68.1, f1=65.9 (0.3s)
2026-05-03 22:12:44 [INFO ] [e116/200 s35358] TR (n=72626) l=0.6122 a=81.2 f1=80.0 (5.8s)| VA (n=8144) l=0.6806 a=79.5, f1=76.1 (0.3s) | TE (n=9170) l=0.6180 a=78.0, f1=75.6 (0.3s)
2026-05-03 22:12:52 [INFO ] [e117/200 s35665] TR (n=72606) l=0.5927 a=81.0 f1=79.8 (5.8s)| VA (n=8144) l=0.5771 a=81.5, f1=78.7 (0.3s) | TE (n=9170) l=0.6513 a=76.3, f1=74.0 (0.3s)
2026-05-03 22:12:59 [INFO ] [e118/200 s35966] TR (n=72621) l=0.5710 a=81.6 f1=80.4 (5.7s)| VA (n=8144) l=0.5166 a=81.9, f1=79.4 (0.3s) | TE (n=9170) l=0.6502 a=76.9, f1=75.3 (0.3s)
2026-05-03 22:13:06 [INFO ] [e119/200 s36269] TR (n=72635) l=0.5600 a=81.7 f1=80.5 (5.5s)| VA (n=8144) l=0.5425 a=82.5, f1=79.2 (0.3s) | TE (n=9170) l=0.5519 a=80.9, f1=78.2 (0.3s)
2026-05-03 22:13:14 [INFO ] [e120/200 s36575] TR (n=72670) l=0.5821 a=81.5 f1=80.4 (5.7s)| VA (n=8144) l=0.5733 a=80.3, f1=77.6 (0.3s) | TE (n=9170) l=0.6487 a=76.6, f1=74.5 (0.3s)
2026-05-03 22:13:21 [INFO ] [e121/200 s36881] TR (n=72628) l=0.5757 a=81.8 f1=80.7 (5.6s)| VA (n=8144) l=0.5527 a=81.7, f1=78.3 (0.3s) | TE (n=9170) l=0.6256 a=77.5, f1=75.3 (0.3s)
2026-05-03 22:13:28 [INFO ] [e122/200 s37188] TR (n=72649) l=0.5709 a=81.8 f1=80.5 (5.6s)| VA (n=8144) l=0.5244 a=81.8, f1=78.9 (0.3s) | TE (n=9170) l=0.5644 a=80.3, f1=77.6 (0.3s)
2026-05-03 22:13:35 [INFO ] [e123/200 s37490] TR (n=72617) l=0.5609 a=81.9 f1=80.6 (5.7s)| VA (n=8144) l=0.5615 a=81.0, f1=77.8 (0.3s) | TE (n=9170) l=0.5655 a=79.8, f1=77.7 (0.3s)
2026-05-03 22:13:42 [INFO ] [e124/200 s37794] TR (n=72617) l=0.5819 a=81.5 f1=80.3 (5.7s)| VA (n=8144) l=0.6751 a=77.1, f1=74.7 (0.3s) | TE (n=9170) l=0.8116 a=72.4, f1=69.8 (0.3s)
2026-05-03 22:13:49 [INFO ] [e125/200 s38099] TR (n=72627) l=0.5767 a=81.6 f1=80.5 (5.7s)| VA (n=8144) l=0.5323 a=80.7, f1=78.3 (0.3s) | TE (n=9170) l=0.5882 a=78.3, f1=76.1 (0.3s)
2026-05-03 22:13:57 [INFO ] [e126/200 s38406] TR (n=72597) l=0.5739 a=81.8 f1=80.7 (5.6s)| VA (n=8144) l=0.6417 a=78.3, f1=75.2 (0.3s) | TE (n=9170) l=0.7640 a=71.8, f1=69.6 (0.3s)
2026-05-03 22:14:04 [INFO ] [e127/200 s38712] TR (n=72631) l=0.5717 a=82.0 f1=80.8 (5.7s)| VA (n=8144) l=0.5285 a=81.8, f1=79.4 (0.3s) | TE (n=9170) l=0.7703 a=73.0, f1=71.4 (0.3s)
2026-05-03 22:14:12 [INFO ] [e128/200 s39014] TR (n=72645) l=0.5550 a=82.1 f1=81.0 (5.5s)| VA (n=8144) l=0.5204 a=81.4, f1=79.2 (0.3s) | TE (n=9170) l=0.6191 a=77.1, f1=75.2 (0.3s)
2026-05-03 22:14:19 [INFO ] [e129/200 s39321] TR (n=72627) l=0.5691 a=82.1 f1=80.9 (5.7s)| VA (n=8144) l=0.5253 a=81.4, f1=79.1 (0.3s) | TE (n=9170) l=0.6531 a=77.5, f1=76.3 (0.3s)
2026-05-03 22:14:26 [INFO ] [e130/200 s39627] TR (n=72626) l=0.5682 a=81.9 f1=80.7 (5.7s)| VA (n=8144) l=0.5149 a=82.9, f1=79.8 (0.3s) | TE (n=9170) l=0.5470 a=80.4, f1=77.8 (0.3s)
2026-05-03 22:14:33 [INFO ] [e131/200 s39931] TR (n=72645) l=0.5632 a=82.4 f1=81.1 (5.5s)| VA (n=8144) l=0.6447 a=78.8, f1=76.4 (0.3s) | TE (n=9170) l=0.9543 a=69.5, f1=68.5 (0.3s)
2026-05-03 22:14:40 [INFO ] [e132/200 s40233] TR (n=72636) l=0.5710 a=81.7 f1=80.6 (5.4s)| VA (n=8144) l=0.5583 a=80.9, f1=78.5 (0.3s) | TE (n=9170) l=0.6818 a=76.9, f1=74.0 (0.3s)
2026-05-03 22:14:47 [INFO ] [e133/200 s40538] TR (n=72615) l=0.5826 a=81.7 f1=80.5 (5.5s)| VA (n=8144) l=0.5556 a=81.5, f1=78.6 (0.3s) | TE (n=9170) l=0.5665 a=79.9, f1=78.0 (0.3s)
2026-05-03 22:14:54 [INFO ] [e134/200 s40841] TR (n=72642) l=0.5806 a=81.8 f1=80.5 (5.4s)| VA (n=8144) l=0.5234 a=82.5, f1=79.8 (0.3s) | TE (n=9170) l=0.6311 a=78.2, f1=76.8 (0.3s)
2026-05-03 22:15:01 [INFO ] [e135/200 s41147] TR (n=72629) l=0.5575 a=81.9 f1=80.8 (5.7s)| VA (n=8144) l=0.4822 a=83.6, f1=80.8 (0.3s) | TE (n=9170) l=0.5405 a=81.0, f1=78.3 (0.3s)
2026-05-03 22:15:08 [INFO ] [e136/200 s41449] TR (n=72648) l=0.5608 a=82.1 f1=80.9 (5.7s)| VA (n=8144) l=0.6377 a=76.5, f1=74.0 (0.3s) | TE (n=9170) l=0.8269 a=70.2, f1=68.8 (0.3s)
2026-05-03 22:15:15 [INFO ] [e137/200 s41752] TR (n=72619) l=0.5744 a=81.6 f1=80.6 (5.4s)| VA (n=8144) l=0.6460 a=79.0, f1=75.7 (0.3s) | TE (n=9170) l=0.6917 a=76.7, f1=74.4 (0.3s)
2026-05-03 22:15:22 [INFO ] [e138/200 s42057] TR (n=72643) l=0.5816 a=81.8 f1=80.7 (5.5s)| VA (n=8144) l=0.6216 a=78.9, f1=76.6 (0.3s) | TE (n=9170) l=0.9191 a=70.4, f1=69.0 (0.3s)
2026-05-03 22:15:29 [INFO ] [e139/200 s42359] TR (n=72610) l=0.5619 a=82.2 f1=81.1 (5.4s)| VA (n=8144) l=0.6270 a=79.8, f1=76.9 (0.3s) | TE (n=9170) l=0.7212 a=77.4, f1=74.2 (0.3s)
2026-05-03 22:15:29 [INFO ] *** Early-stopping ***
2026-05-03 22:15:29 [INFO ] Load generated SIDs from isruc.txt
2026-05-03 22:15:29 [INFO ] SIDs (100): [  1   2   3   4   5   6   7   8   9  10  11  12  13  14  15  16  17  18
  19  20  21  22  23  24  25  26  27  28  29  30  31  32  33  34  35  36
  37  38  39  40  41  42  43  44  45  46  47  48  49  50  51  52  53  54
  55  56  57  58  59  60  61  62  63  64  65  66  67  68  69  70  71  72
  73  74  75  76  77  78  79  80  81  82  83  84  85  86  87  88  89  90
  91  92  93  94  95  96  97  98  99 100]
2026-05-03 22:15:29 [INFO ] Train SIDs: (81) [  2   4   5   7   8   9  10  21  22  23  24  25  27  28  29  30  31  32
  34  35  36  37  38  39  40  41  42  43  44  45  46  47  49  50  51  52
  53  54  55  56  57  58  59  60  61  62  63  64  65  66  67  68  69  70
  71  73  74  75  76  77  79  80  81  82  83  84  85  86  87  88  89  90
  91  92  93  94  95  97  98  99 100]
2026-05-03 22:15:29 [INFO ] Valid SIDs: (9) [72 33  3 78 48  1 26  6 96]
2026-05-03 22:15:29 [INFO ] Test SIDs: (10) [11 12 13 14 15 16 17 18 19 20]
2026-05-03 22:15:30 [INFO ] Training set (n_night_sleeps=81)
2026-05-03 22:15:30 [INFO ] (964, 3000, 1, 1)
2026-05-03 22:15:30 [INFO ] (963, 3000, 1, 1)
2026-05-03 22:15:30 [INFO ] (875, 3000, 1, 1)
2026-05-03 22:15:30 [INFO ] (933, 3000, 1, 1)
2026-05-03 22:15:30 [INFO ] (904, 3000, 1, 1)
2026-05-03 22:15:30 [INFO ] (969, 3000, 1, 1)
2026-05-03 22:15:30 [INFO ] (842, 3000, 1, 1)
2026-05-03 22:15:30 [INFO ] (1054, 3000, 1, 1)
2026-05-03 22:15:30 [INFO ] (849, 3000, 1, 1)
2026-05-03 22:15:30 [INFO ] (892, 3000, 1, 1)
2026-05-03 22:15:30 [INFO ] (830, 3000, 1, 1)
2026-05-03 22:15:30 [INFO ] (921, 3000, 1, 1)
2026-05-03 22:15:30 [INFO ] (918, 3000, 1, 1)
2026-05-03 22:15:30 [INFO ] (882, 3000, 1, 1)
2026-05-03 22:15:30 [INFO ] (912, 3000, 1, 1)
2026-05-03 22:15:30 [INFO ] (882, 3000, 1, 1)
2026-05-03 22:15:30 [INFO ] (877, 3000, 1, 1)
2026-05-03 22:15:30 [INFO ] (1010, 3000, 1, 1)
2026-05-03 22:15:30 [INFO ] (871, 3000, 1, 1)
2026-05-03 22:15:30 [INFO ] (788, 3000, 1, 1)
2026-05-03 22:15:30 [INFO ] (987, 3000, 1, 1)
2026-05-03 22:15:30 [INFO ] (806, 3000, 1, 1)
2026-05-03 22:15:30 [INFO ] (932, 3000, 1, 1)
2026-05-03 22:15:30 [INFO ] (900, 3000, 1, 1)
2026-05-03 22:15:30 [INFO ] (875, 3000, 1, 1)
2026-05-03 22:15:30 [INFO ] (974, 3000, 1, 1)
2026-05-03 22:15:30 [INFO ] (812, 3000, 1, 1)
2026-05-03 22:15:30 [INFO ] (747, 3000, 1, 1)
2026-05-03 22:15:30 [INFO ] (932, 3000, 1, 1)
2026-05-03 22:15:30 [INFO ] (906, 3000, 1, 1)
2026-05-03 22:15:30 [INFO ] (863, 3000, 1, 1)
2026-05-03 22:15:30 [INFO ] (838, 3000, 1, 1)
2026-05-03 22:15:30 [INFO ] (793, 3000, 1, 1)
2026-05-03 22:15:30 [INFO ] (905, 3000, 1, 1)
2026-05-03 22:15:30 [INFO ] (856, 3000, 1, 1)
2026-05-03 22:15:30 [INFO ] (912, 3000, 1, 1)
2026-05-03 22:15:30 [INFO ] (910, 3000, 1, 1)
2026-05-03 22:15:30 [INFO ] (814, 3000, 1, 1)
2026-05-03 22:15:30 [INFO ] (879, 3000, 1, 1)
2026-05-03 22:15:30 [INFO ] (956, 3000, 1, 1)
2026-05-03 22:15:30 [INFO ] (1007, 3000, 1, 1)
2026-05-03 22:15:30 [INFO ] (965, 3000, 1, 1)
2026-05-03 22:15:30 [INFO ] (942, 3000, 1, 1)
2026-05-03 22:15:30 [INFO ] (916, 3000, 1, 1)
2026-05-03 22:15:30 [INFO ] (852, 3000, 1, 1)
2026-05-03 22:15:30 [INFO ] (864, 3000, 1, 1)
2026-05-03 22:15:30 [INFO ] (954, 3000, 1, 1)
2026-05-03 22:15:30 [INFO ] (892, 3000, 1, 1)
2026-05-03 22:15:30 [INFO ] (1014, 3000, 1, 1)
2026-05-03 22:15:30 [INFO ] (845, 3000, 1, 1)
2026-05-03 22:15:30 [INFO ] (862, 3000, 1, 1)
2026-05-03 22:15:30 [INFO ] (956, 3000, 1, 1)
2026-05-03 22:15:30 [INFO ] (815, 3000, 1, 1)
2026-05-03 22:15:30 [INFO ] (893, 3000, 1, 1)
2026-05-03 22:15:30 [INFO ] (829, 3000, 1, 1)
2026-05-03 22:15:30 [INFO ] (997, 3000, 1, 1)
2026-05-03 22:15:30 [INFO ] (897, 3000, 1, 1)
2026-05-03 22:15:30 [INFO ] (898, 3000, 1, 1)
2026-05-03 22:15:30 [INFO ] (850, 3000, 1, 1)
2026-05-03 22:15:30 [INFO ] (805, 3000, 1, 1)
2026-05-03 22:15:30 [INFO ] (880, 3000, 1, 1)
2026-05-03 22:15:30 [INFO ] (889, 3000, 1, 1)
2026-05-03 22:15:30 [INFO ] (911, 3000, 1, 1)
2026-05-03 22:15:30 [INFO ] (882, 3000, 1, 1)
2026-05-03 22:15:30 [INFO ] (925, 3000, 1, 1)
2026-05-03 22:15:30 [INFO ] (963, 3000, 1, 1)
2026-05-03 22:15:30 [INFO ] (896, 3000, 1, 1)
2026-05-03 22:15:30 [INFO ] (964, 3000, 1, 1)
2026-05-03 22:15:30 [INFO ] (926, 3000, 1, 1)
2026-05-03 22:15:30 [INFO ] (1002, 3000, 1, 1)
2026-05-03 22:15:30 [INFO ] (1036, 3000, 1, 1)
2026-05-03 22:15:30 [INFO ] (933, 3000, 1, 1)
2026-05-03 22:15:30 [INFO ] (990, 3000, 1, 1)
2026-05-03 22:15:30 [INFO ] (877, 3000, 1, 1)
2026-05-03 22:15:30 [INFO ] (870, 3000, 1, 1)
2026-05-03 22:15:30 [INFO ] (846, 3000, 1, 1)
2026-05-03 22:15:30 [INFO ] (865, 3000, 1, 1)
2026-05-03 22:15:30 [INFO ] (912, 3000, 1, 1)
2026-05-03 22:15:30 [INFO ] (899, 3000, 1, 1)
2026-05-03 22:15:30 [INFO ] (835, 3000, 1, 1)
2026-05-03 22:15:30 [INFO ] (861, 3000, 1, 1)
2026-05-03 22:15:30 [INFO ] W: 15018
2026-05-03 22:15:30 [INFO ] N1: 9525
2026-05-03 22:15:30 [INFO ] N2: 24184
2026-05-03 22:15:30 [INFO ] N3: 14379
2026-05-03 22:15:30 [INFO ] REM: 9842
2026-05-03 22:15:30 [INFO ] Validation set (n_night_sleeps=9)
2026-05-03 22:15:30 [INFO ] (872, 3000, 1, 1)
2026-05-03 22:15:30 [INFO ] (920, 3000, 1, 1)
2026-05-03 22:15:30 [INFO ] (943, 3000, 1, 1)
2026-05-03 22:15:30 [INFO ] (894, 3000, 1, 1)
2026-05-03 22:15:30 [INFO ] (981, 3000, 1, 1)
2026-05-03 22:15:30 [INFO ] (880, 3000, 1, 1)
2026-05-03 22:15:30 [INFO ] (1062, 3000, 1, 1)
2026-05-03 22:15:30 [INFO ] (897, 3000, 1, 1)
2026-05-03 22:15:30 [INFO ] (858, 3000, 1, 1)
2026-05-03 22:15:30 [INFO ] W: 2881
2026-05-03 22:15:30 [INFO ] N1: 836
2026-05-03 22:15:30 [INFO ] N2: 1980
2026-05-03 22:15:30 [INFO ] N3: 1503
2026-05-03 22:15:30 [INFO ] REM: 1107
2026-05-03 22:15:30 [INFO ] Test set (n_night_sleeps=10)
2026-05-03 22:15:30 [INFO ] (997, 3000, 1, 1)
2026-05-03 22:15:30 [INFO ] (850, 3000, 1, 1)
2026-05-03 22:15:30 [INFO ] (882, 3000, 1, 1)
2026-05-03 22:15:30 [INFO ] (906, 3000, 1, 1)
2026-05-03 22:15:30 [INFO ] (786, 3000, 1, 1)
2026-05-03 22:15:30 [INFO ] (883, 3000, 1, 1)
2026-05-03 22:15:30 [INFO ] (851, 3000, 1, 1)
2026-05-03 22:15:30 [INFO ] (999, 3000, 1, 1)
2026-05-03 22:15:30 [INFO ] (828, 3000, 1, 1)
2026-05-03 22:15:30 [INFO ] (950, 3000, 1, 1)
2026-05-03 22:15:30 [INFO ] W: 3080
2026-05-03 22:15:30 [INFO ] N1: 1152
2026-05-03 22:15:30 [INFO ] N2: 2123
2026-05-03 22:15:30 [INFO ] N3: 1598
2026-05-03 22:15:30 [INFO ] REM: 979
2026-05-03 22:15:30 [INFO ]   Weighted cross entropy: True
2026-05-03 22:15:30 [INFO ]   Weighted cross entropy: [1.  1.5 1.  1.  1. ]
2026-05-03 22:15:30 [INFO ] using device 0
2026-05-03 22:15:30 [INFO ] Data Augmentation
2026-05-03 22:15:30 [INFO ]   Sequence: True
2026-05-03 22:15:30 [INFO ]   Signal full: True
2026-05-03 22:15:37 [INFO ] [e1/200 s307] TR (n=72716) l=1.6918 a=36.1 f1=29.7 (5.5s)| VA (n=8307) l=1.1600 a=60.5, f1=49.6 (0.3s) | TE (n=8932) l=1.1180 a=62.3, f1=49.8 (0.3s)
2026-05-03 22:15:37 [INFO ] Saved best checkpoint to out_isruc_gru_se/train/1/best_ckpt/best_model.ckpt
2026-05-03 22:15:44 [INFO ] [e2/200 s614] TR (n=72723) l=1.4516 a=50.2 f1=42.4 (5.7s)| VA (n=8307) l=1.1131 a=53.5, f1=48.2 (0.3s) | TE (n=8932) l=1.0802 a=54.2, f1=49.2 (0.3s)
2026-05-03 22:15:51 [INFO ] [e3/200 s919] TR (n=72714) l=1.3750 a=53.6 f1=48.1 (5.6s)| VA (n=8307) l=1.0826 a=57.0, f1=50.1 (0.3s) | TE (n=8932) l=0.9922 a=60.2, f1=55.7 (0.3s)
2026-05-03 22:15:59 [INFO ] [e4/200 s1222] TR (n=72707) l=1.3130 a=55.7 f1=50.9 (5.6s)| VA (n=8307) l=1.4709 a=53.3, f1=38.5 (0.3s) | TE (n=8932) l=1.4247 a=55.3, f1=40.8 (0.3s)
2026-05-03 22:16:06 [INFO ] [e5/200 s1526] TR (n=72706) l=1.2677 a=57.8 f1=53.8 (5.6s)| VA (n=8307) l=1.1888 a=54.6, f1=48.0 (0.3s) | TE (n=8932) l=1.0675 a=61.2, f1=56.3 (0.3s)
2026-05-03 22:16:13 [INFO ] [e6/200 s1829] TR (n=72700) l=1.2137 a=58.8 f1=55.3 (5.4s)| VA (n=8307) l=1.3177 a=54.3, f1=48.1 (0.3s) | TE (n=8932) l=1.2653 a=53.5, f1=47.4 (0.3s)
2026-05-03 22:16:20 [INFO ] [e7/200 s2137] TR (n=72714) l=1.1781 a=61.6 f1=58.3 (5.6s)| VA (n=8307) l=0.7901 a=70.9, f1=65.7 (0.3s) | TE (n=8932) l=0.7965 a=71.0, f1=66.8 (0.3s)
2026-05-03 22:16:20 [INFO ] Saved best checkpoint to out_isruc_gru_se/train/1/best_ckpt/best_model.ckpt
2026-05-03 22:16:27 [INFO ] [e8/200 s2441] TR (n=72689) l=1.1083 a=64.3 f1=61.6 (5.5s)| VA (n=8307) l=0.8413 a=71.2, f1=66.7 (0.3s) | TE (n=8932) l=0.7666 a=73.8, f1=68.5 (0.3s)
2026-05-03 22:16:27 [INFO ] Saved best checkpoint to out_isruc_gru_se/train/1/best_ckpt/best_model.ckpt
2026-05-03 22:16:34 [INFO ] [e9/200 s2742] TR (n=72678) l=1.1338 a=65.3 f1=62.8 (5.5s)| VA (n=8307) l=1.2482 a=62.0, f1=57.7 (0.3s) | TE (n=8932) l=0.9249 a=68.6, f1=65.1 (0.3s)
2026-05-03 22:16:41 [INFO ] [e10/200 s3047] TR (n=72703) l=1.0626 a=66.7 f1=64.7 (5.6s)| VA (n=8307) l=1.8072 a=39.2, f1=33.3 (0.3s) | TE (n=8932) l=1.9406 a=32.1, f1=28.7 (0.3s)
2026-05-03 22:16:49 [INFO ] [e11/200 s3349] TR (n=72700) l=1.0333 a=67.0 f1=64.8 (5.5s)| VA (n=8307) l=0.8636 a=69.5, f1=63.6 (0.3s) | TE (n=8932) l=1.0335 a=67.9, f1=62.2 (0.3s)
2026-05-03 22:16:56 [INFO ] [e12/200 s3649] TR (n=72691) l=0.9842 a=69.0 f1=66.9 (5.6s)| VA (n=8307) l=1.3353 a=52.1, f1=44.5 (0.3s) | TE (n=8932) l=1.4823 a=54.4, f1=47.1 (0.3s)
2026-05-03 22:17:03 [INFO ] [e13/200 s3954] TR (n=72710) l=1.0043 a=68.7 f1=66.6 (5.5s)| VA (n=8307) l=0.9778 a=64.5, f1=60.7 (0.3s) | TE (n=8932) l=1.0526 a=63.4, f1=59.6 (0.3s)
2026-05-03 22:17:10 [INFO ] [e14/200 s4259] TR (n=72700) l=0.9825 a=69.0 f1=66.8 (5.5s)| VA (n=8307) l=1.1036 a=60.6, f1=55.4 (0.3s) | TE (n=8932) l=1.0297 a=63.4, f1=59.1 (0.3s)
2026-05-03 22:17:17 [INFO ] [e15/200 s4566] TR (n=72709) l=0.9502 a=70.0 f1=67.9 (5.7s)| VA (n=8307) l=1.1851 a=64.1, f1=60.2 (0.3s) | TE (n=8932) l=0.9835 a=66.2, f1=61.4 (0.3s)
2026-05-03 22:17:24 [INFO ] [e16/200 s4866] TR (n=72724) l=0.9453 a=70.3 f1=68.3 (5.4s)| VA (n=8307) l=1.2785 a=59.9, f1=54.4 (0.3s) | TE (n=8932) l=1.1458 a=65.7, f1=60.3 (0.3s)
2026-05-03 22:17:31 [INFO ] [e17/200 s5173] TR (n=72699) l=0.9163 a=71.0 f1=68.9 (5.6s)| VA (n=8307) l=0.7056 a=72.4, f1=68.4 (0.3s) | TE (n=8932) l=0.7257 a=74.3, f1=70.9 (0.3s)
2026-05-03 22:17:31 [INFO ] Saved best checkpoint to out_isruc_gru_se/train/1/best_ckpt/best_model.ckpt
2026-05-03 22:17:39 [INFO ] [e18/200 s5477] TR (n=72721) l=0.8863 a=71.6 f1=69.6 (5.7s)| VA (n=8307) l=0.9549 a=64.5, f1=62.6 (0.3s) | TE (n=8932) l=0.9310 a=65.0, f1=63.9 (0.3s)
2026-05-03 22:17:46 [INFO ] [e19/200 s5781] TR (n=72703) l=0.8836 a=72.5 f1=70.7 (5.8s)| VA (n=8307) l=0.6851 a=73.2, f1=70.5 (0.3s) | TE (n=8932) l=0.7671 a=72.6, f1=69.5 (0.3s)
2026-05-03 22:17:46 [INFO ] Saved best checkpoint to out_isruc_gru_se/train/1/best_ckpt/best_model.ckpt
2026-05-03 22:17:53 [INFO ] [e20/200 s6086] TR (n=72709) l=0.9041 a=72.2 f1=70.3 (5.7s)| VA (n=8307) l=1.0831 a=64.1, f1=61.1 (0.3s) | TE (n=8932) l=1.0688 a=61.4, f1=59.6 (0.3s)
2026-05-03 22:18:00 [INFO ] [e21/200 s6388] TR (n=72716) l=0.8646 a=72.9 f1=70.9 (5.7s)| VA (n=8307) l=0.6712 a=73.4, f1=70.2 (0.3s) | TE (n=8932) l=0.8249 a=71.8, f1=68.1 (0.3s)
2026-05-03 22:18:07 [INFO ] [e22/200 s6689] TR (n=72690) l=0.8486 a=73.0 f1=71.1 (5.5s)| VA (n=8307) l=0.6362 a=75.5, f1=71.9 (0.3s) | TE (n=8932) l=0.7969 a=71.5, f1=67.6 (0.3s)
2026-05-03 22:18:07 [INFO ] Saved best checkpoint to out_isruc_gru_se/train/1/best_ckpt/best_model.ckpt
2026-05-03 22:18:15 [INFO ] [e23/200 s6996] TR (n=72699) l=0.8771 a=72.8 f1=71.1 (5.7s)| VA (n=8307) l=0.7084 a=74.3, f1=70.9 (0.3s) | TE (n=8932) l=0.6773 a=76.7, f1=73.4 (0.3s)
2026-05-03 22:18:22 [INFO ] [e24/200 s7300] TR (n=72715) l=0.8247 a=74.3 f1=72.4 (5.5s)| VA (n=8307) l=0.6402 a=76.5, f1=72.1 (0.3s) | TE (n=8932) l=0.6760 a=76.9, f1=73.1 (0.3s)
2026-05-03 22:18:22 [INFO ] Saved best checkpoint to out_isruc_gru_se/train/1/best_ckpt/best_model.ckpt
2026-05-03 22:18:29 [INFO ] [e25/200 s7605] TR (n=72708) l=0.8282 a=74.1 f1=72.3 (5.6s)| VA (n=8307) l=1.2014 a=61.1, f1=57.0 (0.3s) | TE (n=8932) l=1.0710 a=63.4, f1=60.7 (0.3s)
2026-05-03 22:18:36 [INFO ] [e26/200 s7908] TR (n=72695) l=0.8334 a=74.2 f1=72.4 (5.6s)| VA (n=8307) l=0.6384 a=74.9, f1=71.7 (0.3s) | TE (n=8932) l=0.7225 a=74.5, f1=70.9 (0.3s)
2026-05-03 22:18:43 [INFO ] [e27/200 s8212] TR (n=72698) l=0.8444 a=74.2 f1=72.5 (5.6s)| VA (n=8307) l=0.8991 a=65.3, f1=60.2 (0.3s) | TE (n=8932) l=0.8915 a=69.3, f1=65.5 (0.3s)
2026-05-03 22:18:51 [INFO ] [e28/200 s8515] TR (n=72692) l=0.8305 a=74.7 f1=72.8 (5.6s)| VA (n=8307) l=0.7291 a=73.8, f1=70.8 (0.3s) | TE (n=8932) l=0.7746 a=72.9, f1=70.1 (0.3s)
2026-05-03 22:18:58 [INFO ] [e29/200 s8821] TR (n=72694) l=0.8111 a=75.6 f1=73.9 (5.8s)| VA (n=8307) l=0.7717 a=73.9, f1=68.3 (0.3s) | TE (n=8932) l=0.8798 a=72.7, f1=69.1 (0.3s)
2026-05-03 22:19:05 [INFO ] [e30/200 s9121] TR (n=72710) l=0.8211 a=75.3 f1=73.6 (5.6s)| VA (n=8307) l=0.7901 a=71.0, f1=67.9 (0.3s) | TE (n=8932) l=0.8541 a=69.9, f1=66.4 (0.3s)
2026-05-03 22:19:12 [INFO ] [e31/200 s9426] TR (n=72717) l=0.8010 a=75.1 f1=73.5 (5.6s)| VA (n=8307) l=0.6250 a=79.1, f1=74.1 (0.3s) | TE (n=8932) l=0.7014 a=75.5, f1=71.2 (0.3s)
2026-05-03 22:19:12 [INFO ] Saved best checkpoint to out_isruc_gru_se/train/1/best_ckpt/best_model.ckpt
2026-05-03 22:19:20 [INFO ] [e32/200 s9733] TR (n=72681) l=0.7803 a=76.1 f1=74.3 (5.8s)| VA (n=8307) l=0.9377 a=65.9, f1=61.1 (0.3s) | TE (n=8932) l=1.4384 a=57.8, f1=50.6 (0.3s)
2026-05-03 22:19:27 [INFO ] [e33/200 s10040] TR (n=72717) l=0.7871 a=76.3 f1=74.6 (5.8s)| VA (n=8307) l=0.7506 a=72.6, f1=69.3 (0.3s) | TE (n=8932) l=0.8165 a=71.5, f1=68.1 (0.3s)
2026-05-03 22:19:34 [INFO ] [e34/200 s10343] TR (n=72687) l=0.7586 a=76.4 f1=74.6 (5.6s)| VA (n=8307) l=0.6183 a=75.3, f1=71.4 (0.3s) | TE (n=8932) l=0.6834 a=76.3, f1=73.0 (0.3s)
2026-05-03 22:19:41 [INFO ] [e35/200 s10650] TR (n=72698) l=0.7766 a=75.9 f1=74.2 (5.7s)| VA (n=8307) l=0.9374 a=68.4, f1=65.3 (0.3s) | TE (n=8932) l=0.8943 a=69.0, f1=66.1 (0.3s)
2026-05-03 22:19:49 [INFO ] [e36/200 s10956] TR (n=72695) l=0.7681 a=76.7 f1=75.1 (5.6s)| VA (n=8307) l=0.7687 a=70.7, f1=68.1 (0.3s) | TE (n=8932) l=0.7106 a=73.3, f1=71.4 (0.3s)
2026-05-03 22:19:56 [INFO ] [e37/200 s11261] TR (n=72709) l=0.7543 a=77.3 f1=75.8 (5.8s)| VA (n=8307) l=0.9135 a=69.3, f1=67.8 (0.3s) | TE (n=8932) l=0.8119 a=71.7, f1=71.5 (0.3s)
2026-05-03 22:20:03 [INFO ] [e38/200 s11565] TR (n=72705) l=0.7573 a=76.8 f1=75.2 (5.4s)| VA (n=8307) l=0.8451 a=73.5, f1=69.7 (0.3s) | TE (n=8932) l=0.8152 a=72.5, f1=67.7 (0.3s)
2026-05-03 22:20:10 [INFO ] [e39/200 s11870] TR (n=72706) l=0.7489 a=77.3 f1=75.8 (5.6s)| VA (n=8307) l=0.7596 a=74.8, f1=72.0 (0.3s) | TE (n=8932) l=0.6785 a=77.5, f1=74.8 (0.3s)
2026-05-03 22:20:17 [INFO ] [e40/200 s12174] TR (n=72693) l=0.7413 a=77.4 f1=76.0 (5.7s)| VA (n=8307) l=0.6264 a=76.5, f1=73.5 (0.3s) | TE (n=8932) l=0.6114 a=78.5, f1=75.9 (0.3s)
2026-05-03 22:20:25 [INFO ] [e41/200 s12480] TR (n=72696) l=0.7265 a=77.4 f1=75.9 (5.7s)| VA (n=8307) l=0.5893 a=78.6, f1=74.2 (0.3s) | TE (n=8932) l=0.6715 a=78.5, f1=74.7 (0.3s)
2026-05-03 22:20:33 [INFO ] [e42/200 s12782] TR (n=72678) l=0.7330 a=77.3 f1=75.7 (6.1s)| VA (n=8307) l=0.7186 a=76.9, f1=74.0 (0.3s) | TE (n=8932) l=0.6953 a=77.2, f1=73.6 (0.3s)
2026-05-03 22:20:40 [INFO ] [e43/200 s13083] TR (n=72699) l=0.7236 a=77.7 f1=76.3 (5.5s)| VA (n=8307) l=0.7148 a=74.8, f1=70.9 (0.3s) | TE (n=8932) l=0.7883 a=74.5, f1=70.3 (0.3s)
2026-05-03 22:20:47 [INFO ] [e44/200 s13388] TR (n=72718) l=0.7203 a=78.2 f1=76.8 (5.7s)| VA (n=8307) l=0.7697 a=70.7, f1=69.2 (0.3s) | TE (n=8932) l=0.7384 a=71.3, f1=69.8 (0.3s)
2026-05-03 22:20:54 [INFO ] [e45/200 s13692] TR (n=72700) l=0.7461 a=77.5 f1=76.1 (5.6s)| VA (n=8307) l=0.8424 a=68.7, f1=65.2 (0.4s) | TE (n=8932) l=0.7705 a=72.1, f1=68.5 (0.3s)
2026-05-03 22:21:01 [INFO ] [e46/200 s13998] TR (n=72698) l=0.7298 a=78.0 f1=76.4 (5.7s)| VA (n=8307) l=0.6207 a=77.0, f1=74.2 (0.3s) | TE (n=8932) l=0.6736 a=76.8, f1=74.5 (0.3s)
2026-05-03 22:21:09 [INFO ] [e47/200 s14306] TR (n=72708) l=0.7034 a=78.0 f1=76.6 (5.7s)| VA (n=8307) l=0.6289 a=77.2, f1=73.8 (0.4s) | TE (n=8932) l=0.7003 a=75.8, f1=72.4 (0.3s)
2026-05-03 22:21:16 [INFO ] [e48/200 s14612] TR (n=72688) l=0.6896 a=78.7 f1=77.2 (5.7s)| VA (n=8307) l=0.7446 a=74.7, f1=72.4 (0.3s) | TE (n=8932) l=0.7052 a=75.4, f1=73.6 (0.3s)
2026-05-03 22:21:23 [INFO ] [e49/200 s14915] TR (n=72685) l=0.7052 a=78.3 f1=76.9 (5.4s)| VA (n=8307) l=0.9799 a=64.9, f1=60.2 (0.3s) | TE (n=8932) l=1.3684 a=59.3, f1=53.3 (0.3s)
2026-05-03 22:21:30 [INFO ] [e50/200 s15219] TR (n=72667) l=0.7280 a=77.2 f1=75.8 (5.5s)| VA (n=8307) l=0.7050 a=72.0, f1=69.0 (0.3s) | TE (n=8932) l=0.7516 a=72.5, f1=69.4 (0.3s)
2026-05-03 22:21:30 [INFO ] >> Confusion Matrix
2026-05-03 22:21:30 [INFO ] [[2648  248  107    3   74]
 [ 226  619  142    2  163]
 [  47  303 1235   51  487]
 [   1    0  408 1123   66]
 [  71   20   34    1  853]]
2026-05-03 22:21:37 [INFO ] [e51/200 s15526] TR (n=72697) l=0.6844 a=78.8 f1=77.5 (5.6s)| VA (n=8307) l=0.8158 a=69.8, f1=66.6 (0.3s) | TE (n=8932) l=0.8063 a=71.4, f1=68.1 (0.3s)
2026-05-03 22:21:45 [INFO ] [e52/200 s15831] TR (n=72685) l=0.6742 a=79.1 f1=77.7 (6.0s)| VA (n=8307) l=0.7812 a=72.9, f1=70.9 (0.3s) | TE (n=8932) l=0.7739 a=72.0, f1=69.7 (0.3s)
2026-05-03 22:21:52 [INFO ] [e53/200 s16136] TR (n=72734) l=0.6850 a=79.0 f1=77.6 (5.5s)| VA (n=8307) l=0.6514 a=76.0, f1=74.1 (0.3s) | TE (n=8932) l=0.7077 a=76.6, f1=74.1 (0.3s)
2026-05-03 22:21:59 [INFO ] [e54/200 s16442] TR (n=72701) l=0.6950 a=78.6 f1=77.2 (5.6s)| VA (n=8307) l=0.5896 a=77.7, f1=74.0 (0.3s) | TE (n=8932) l=0.6965 a=76.0, f1=72.5 (0.3s)
2026-05-03 22:22:07 [INFO ] [e55/200 s16747] TR (n=72729) l=0.6526 a=79.2 f1=77.8 (6.0s)| VA (n=8307) l=0.7557 a=75.3, f1=72.7 (0.3s) | TE (n=8932) l=0.7356 a=77.7, f1=74.7 (0.3s)
2026-05-03 22:22:15 [INFO ] [e56/200 s17053] TR (n=72673) l=0.6891 a=78.7 f1=77.3 (5.7s)| VA (n=8307) l=0.5735 a=77.7, f1=74.6 (0.3s) | TE (n=8932) l=0.6665 a=77.3, f1=74.1 (0.3s)
2026-05-03 22:22:22 [INFO ] [e57/200 s17360] TR (n=72710) l=0.6803 a=79.3 f1=78.0 (5.6s)| VA (n=8307) l=0.6329 a=77.0, f1=73.8 (0.3s) | TE (n=8932) l=0.7042 a=74.7, f1=72.4 (0.3s)
2026-05-03 22:22:30 [INFO ] [e58/200 s17664] TR (n=72696) l=0.6454 a=79.8 f1=78.4 (5.8s)| VA (n=8307) l=0.6707 a=75.4, f1=73.1 (0.3s) | TE (n=8932) l=0.6854 a=76.0, f1=72.7 (0.3s)
2026-05-03 22:22:37 [INFO ] [e59/200 s17969] TR (n=72692) l=0.6615 a=79.4 f1=77.9 (5.5s)| VA (n=8307) l=0.7103 a=74.2, f1=72.7 (0.3s) | TE (n=8932) l=0.6995 a=75.0, f1=73.3 (0.3s)
2026-05-03 22:22:45 [INFO ] [e60/200 s18272] TR (n=72708) l=0.6846 a=78.8 f1=77.5 (5.7s)| VA (n=8307) l=0.7132 a=75.7, f1=73.5 (0.3s) | TE (n=8932) l=0.7389 a=74.3, f1=71.4 (0.3s)
2026-05-03 22:22:52 [INFO ] [e61/200 s18579] TR (n=72715) l=0.6496 a=79.8 f1=78.4 (5.7s)| VA (n=8307) l=0.6133 a=76.3, f1=73.7 (0.3s) | TE (n=8932) l=0.7288 a=73.2, f1=72.0 (0.3s)
2026-05-03 22:22:59 [INFO ] [e62/200 s18884] TR (n=72698) l=0.6521 a=79.2 f1=77.9 (5.5s)| VA (n=8307) l=0.6314 a=78.0, f1=75.2 (0.3s) | TE (n=8932) l=0.6682 a=77.5, f1=74.6 (0.3s)
2026-05-03 22:23:06 [INFO ] [e63/200 s19183] TR (n=72706) l=0.6402 a=80.0 f1=78.6 (5.4s)| VA (n=8307) l=0.5937 a=77.0, f1=73.8 (0.3s) | TE (n=8932) l=0.6637 a=77.3, f1=74.2 (0.3s)
2026-05-03 22:23:13 [INFO ] [e64/200 s19488] TR (n=72683) l=0.6623 a=79.9 f1=78.5 (5.5s)| VA (n=8307) l=0.6513 a=77.6, f1=75.3 (0.3s) | TE (n=8932) l=0.6642 a=76.5, f1=74.2 (0.3s)
2026-05-03 22:23:20 [INFO ] [e65/200 s19792] TR (n=72696) l=0.6367 a=79.8 f1=78.5 (5.6s)| VA (n=8307) l=0.6782 a=74.5, f1=71.1 (0.3s) | TE (n=8932) l=0.8122 a=72.4, f1=68.7 (0.3s)
2026-05-03 22:23:26 [INFO ] [e66/200 s20092] TR (n=72715) l=0.6693 a=79.0 f1=77.6 (5.4s)| VA (n=8307) l=0.8944 a=70.7, f1=65.8 (0.3s) | TE (n=8932) l=1.0406 a=67.7, f1=63.7 (0.3s)
2026-05-03 22:23:33 [INFO ] [e67/200 s20400] TR (n=72698) l=0.6563 a=79.5 f1=78.1 (5.5s)| VA (n=8307) l=0.8831 a=70.6, f1=68.3 (0.3s) | TE (n=8932) l=0.9287 a=68.6, f1=66.8 (0.3s)
2026-05-03 22:23:40 [INFO ] [e68/200 s20705] TR (n=72698) l=0.6544 a=79.7 f1=78.4 (5.8s)| VA (n=8307) l=0.8378 a=72.3, f1=69.5 (0.3s) | TE (n=8932) l=0.7014 a=76.4, f1=73.7 (0.3s)
2026-05-03 22:23:48 [INFO ] [e69/200 s21009] TR (n=72727) l=0.6430 a=79.8 f1=78.5 (5.6s)| VA (n=8307) l=0.7513 a=73.6, f1=70.3 (0.3s) | TE (n=8932) l=0.7759 a=73.9, f1=71.0 (0.3s)
2026-05-03 22:23:55 [INFO ] [e70/200 s21315] TR (n=72711) l=0.6413 a=79.7 f1=78.5 (5.8s)| VA (n=8307) l=0.6735 a=77.8, f1=74.3 (0.3s) | TE (n=8932) l=0.7016 a=77.0, f1=73.6 (0.3s)
2026-05-03 22:24:02 [INFO ] [e71/200 s21620] TR (n=72701) l=0.6589 a=79.6 f1=78.2 (5.5s)| VA (n=8307) l=0.7169 a=76.1, f1=73.5 (0.3s) | TE (n=8932) l=0.7696 a=74.4, f1=70.5 (0.3s)
2026-05-03 22:24:09 [INFO ] [e72/200 s21919] TR (n=72697) l=0.6205 a=80.3 f1=78.9 (5.4s)| VA (n=8307) l=0.6552 a=74.8, f1=72.0 (0.3s) | TE (n=8932) l=0.6792 a=76.6, f1=74.0 (0.3s)
2026-05-03 22:24:16 [INFO ] [e73/200 s22223] TR (n=72741) l=0.6323 a=80.3 f1=78.9 (5.6s)| VA (n=8307) l=0.7691 a=74.0, f1=71.7 (0.3s) | TE (n=8932) l=0.7549 a=74.0, f1=70.8 (0.3s)
2026-05-03 22:24:24 [INFO ] [e74/200 s22526] TR (n=72690) l=0.6177 a=80.5 f1=79.2 (5.6s)| VA (n=8307) l=0.7023 a=76.1, f1=72.5 (0.3s) | TE (n=8932) l=0.6953 a=77.0, f1=73.5 (0.3s)
2026-05-03 22:24:31 [INFO ] [e75/200 s22830] TR (n=72712) l=0.6256 a=80.6 f1=79.3 (5.5s)| VA (n=8307) l=0.6833 a=77.8, f1=74.7 (0.3s) | TE (n=8932) l=0.7154 a=76.7, f1=73.1 (0.3s)
2026-05-03 22:24:38 [INFO ] [e76/200 s23134] TR (n=72733) l=0.6416 a=80.3 f1=79.0 (5.5s)| VA (n=8307) l=0.6462 a=76.8, f1=73.9 (0.3s) | TE (n=8932) l=0.6762 a=77.3, f1=73.6 (0.3s)
2026-05-03 22:24:45 [INFO ] [e77/200 s23439] TR (n=72710) l=0.6106 a=80.2 f1=79.0 (5.5s)| VA (n=8307) l=0.6094 a=76.4, f1=73.8 (0.3s) | TE (n=8932) l=0.6675 a=76.4, f1=73.7 (0.3s)
2026-05-03 22:24:52 [INFO ] [e78/200 s23746] TR (n=72707) l=0.6374 a=80.3 f1=79.0 (5.5s)| VA (n=8307) l=0.6566 a=75.9, f1=73.1 (0.3s) | TE (n=8932) l=0.7153 a=75.7, f1=73.5 (0.3s)
2026-05-03 22:24:59 [INFO ] [e79/200 s24049] TR (n=72706) l=0.6198 a=80.4 f1=79.1 (5.5s)| VA (n=8307) l=0.5783 a=78.7, f1=76.3 (0.3s) | TE (n=8932) l=0.6325 a=77.7, f1=75.7 (0.3s)
2026-05-03 22:25:06 [INFO ] [e80/200 s24357] TR (n=72710) l=0.6038 a=80.9 f1=79.6 (5.5s)| VA (n=8307) l=0.7453 a=74.1, f1=70.6 (0.3s) | TE (n=8932) l=0.7558 a=74.2, f1=71.1 (0.3s)
2026-05-03 22:25:12 [INFO ] [e81/200 s24663] TR (n=72697) l=0.6378 a=80.0 f1=78.6 (5.5s)| VA (n=8307) l=0.7311 a=76.1, f1=71.9 (0.3s) | TE (n=8932) l=0.7640 a=74.7, f1=71.3 (0.3s)
2026-05-03 22:25:19 [INFO ] [e82/200 s24963] TR (n=72696) l=0.6360 a=80.1 f1=78.8 (5.4s)| VA (n=8307) l=0.6274 a=80.8, f1=77.0 (0.3s) | TE (n=8932) l=0.6470 a=78.4, f1=75.4 (0.3s)
2026-05-03 22:25:19 [INFO ] Saved best checkpoint to out_isruc_gru_se/train/1/best_ckpt/best_model.ckpt
2026-05-03 22:25:26 [INFO ] [e83/200 s25270] TR (n=72694) l=0.6242 a=80.1 f1=78.8 (5.5s)| VA (n=8307) l=0.5364 a=81.2, f1=77.3 (0.3s) | TE (n=8932) l=0.6379 a=79.3, f1=75.7 (0.3s)
2026-05-03 22:25:26 [INFO ] Saved best checkpoint to out_isruc_gru_se/train/1/best_ckpt/best_model.ckpt
2026-05-03 22:25:33 [INFO ] [e84/200 s25574] TR (n=72726) l=0.5766 a=81.2 f1=80.0 (5.7s)| VA (n=8307) l=0.7611 a=75.0, f1=71.4 (0.3s) | TE (n=8932) l=0.7557 a=75.4, f1=71.6 (0.3s)
2026-05-03 22:25:40 [INFO ] [e85/200 s25874] TR (n=72692) l=0.6103 a=80.8 f1=79.5 (5.4s)| VA (n=8307) l=0.5486 a=79.9, f1=76.1 (0.3s) | TE (n=8932) l=0.6698 a=76.5, f1=73.3 (0.3s)
2026-05-03 22:25:47 [INFO ] [e86/200 s26174] TR (n=72689) l=0.6243 a=80.8 f1=79.6 (5.5s)| VA (n=8307) l=0.6747 a=77.5, f1=74.8 (0.3s) | TE (n=8932) l=0.7048 a=76.4, f1=74.0 (0.3s)
2026-05-03 22:25:54 [INFO ] [e87/200 s26476] TR (n=72712) l=0.6029 a=81.0 f1=79.7 (5.4s)| VA (n=8307) l=0.6028 a=77.2, f1=73.6 (0.3s) | TE (n=8932) l=0.7121 a=77.4, f1=74.1 (0.3s)
2026-05-03 22:26:01 [INFO ] [e88/200 s26780] TR (n=72686) l=0.6179 a=80.6 f1=79.3 (5.5s)| VA (n=8307) l=0.6010 a=77.2, f1=74.6 (0.3s) | TE (n=8932) l=0.6886 a=76.8, f1=74.5 (0.3s)
2026-05-03 22:26:08 [INFO ] [e89/200 s27085] TR (n=72721) l=0.6088 a=81.0 f1=79.8 (5.5s)| VA (n=8307) l=0.6928 a=76.2, f1=74.4 (0.3s) | TE (n=8932) l=0.6942 a=76.0, f1=73.5 (0.3s)
2026-05-03 22:26:15 [INFO ] [e90/200 s27388] TR (n=72701) l=0.6048 a=81.1 f1=80.0 (5.5s)| VA (n=8307) l=0.6534 a=76.7, f1=73.2 (0.3s) | TE (n=8932) l=0.7061 a=76.4, f1=73.1 (0.3s)
2026-05-03 22:26:22 [INFO ] [e91/200 s27693] TR (n=72705) l=0.6064 a=80.9 f1=79.7 (5.5s)| VA (n=8307) l=0.5346 a=81.8, f1=77.9 (0.3s) | TE (n=8932) l=0.6383 a=78.8, f1=75.3 (0.3s)
2026-05-03 22:26:22 [INFO ] Saved best checkpoint to out_isruc_gru_se/train/1/best_ckpt/best_model.ckpt
2026-05-03 22:26:29 [INFO ] [e92/200 s27998] TR (n=72717) l=0.5952 a=81.0 f1=79.8 (5.6s)| VA (n=8307) l=0.5334 a=80.8, f1=77.3 (0.3s) | TE (n=8932) l=0.6470 a=78.2, f1=74.9 (0.3s)
2026-05-03 22:26:36 [INFO ] [e93/200 s28302] TR (n=72716) l=0.6035 a=81.1 f1=79.9 (5.6s)| VA (n=8307) l=0.6712 a=76.3, f1=73.3 (0.3s) | TE (n=8932) l=0.6814 a=77.7, f1=74.5 (0.3s)
2026-05-03 22:26:43 [INFO ] [e94/200 s28609] TR (n=72680) l=0.6097 a=81.1 f1=79.9 (5.6s)| VA (n=8307) l=0.7778 a=74.1, f1=71.9 (0.3s) | TE (n=8932) l=0.7220 a=76.2, f1=73.2 (0.3s)
2026-05-03 22:26:50 [INFO ] [e95/200 s28917] TR (n=72709) l=0.5948 a=81.1 f1=79.9 (5.6s)| VA (n=8307) l=0.7565 a=75.0, f1=73.0 (0.3s) | TE (n=8932) l=0.7248 a=75.4, f1=72.9 (0.3s)
2026-05-03 22:26:57 [INFO ] [e96/200 s29221] TR (n=72710) l=0.5720 a=81.6 f1=80.4 (5.6s)| VA (n=8307) l=0.5480 a=80.0, f1=76.3 (0.3s) | TE (n=8932) l=0.6936 a=77.8, f1=75.2 (0.3s)
2026-05-03 22:27:05 [INFO ] [e97/200 s29525] TR (n=72703) l=0.6112 a=80.9 f1=79.6 (5.5s)| VA (n=8307) l=0.6098 a=79.7, f1=76.7 (0.3s) | TE (n=8932) l=0.6581 a=77.9, f1=75.2 (0.3s)
2026-05-03 22:27:12 [INFO ] [e98/200 s29829] TR (n=72701) l=0.5825 a=80.9 f1=79.9 (5.5s)| VA (n=8307) l=0.6672 a=75.2, f1=72.3 (0.3s) | TE (n=8932) l=0.7090 a=74.8, f1=72.1 (0.3s)
2026-05-03 22:27:19 [INFO ] [e99/200 s30129] TR (n=72702) l=0.5895 a=81.7 f1=80.4 (5.4s)| VA (n=8307) l=0.6200 a=76.8, f1=73.3 (0.3s) | TE (n=8932) l=0.7094 a=76.7, f1=73.5 (0.3s)
2026-05-03 22:27:26 [INFO ] [e100/200 s30434] TR (n=72721) l=0.5709 a=81.6 f1=80.4 (5.6s)| VA (n=8307) l=0.5709 a=80.3, f1=76.7 (0.3s) | TE (n=8932) l=0.6763 a=78.6, f1=75.6 (0.3s)
2026-05-03 22:27:26 [INFO ] >> Confusion Matrix
2026-05-03 22:27:26 [INFO ] [[2843  156   68    3   10]
 [ 328  590  189    5   40]
 [  94  341 1538  101   49]
 [   6    0  231 1361    0]
 [  90   77  119    5  688]]
2026-05-03 22:27:33 [INFO ] [e101/200 s30741] TR (n=72683) l=0.5774 a=81.3 f1=80.2 (5.5s)| VA (n=8307) l=0.8278 a=73.6, f1=71.0 (0.3s) | TE (n=8932) l=1.0321 a=69.6, f1=65.9 (0.3s)
2026-05-03 22:27:40 [INFO ] [e102/200 s31045] TR (n=72700) l=0.5875 a=81.5 f1=80.4 (5.7s)| VA (n=8307) l=0.6320 a=79.1, f1=75.5 (0.3s) | TE (n=8932) l=0.7348 a=76.9, f1=73.2 (0.3s)
2026-05-03 22:27:47 [INFO ] [e103/200 s31352] TR (n=72711) l=0.5935 a=81.4 f1=80.2 (5.6s)| VA (n=8307) l=0.6701 a=77.8, f1=74.8 (0.3s) | TE (n=8932) l=0.7817 a=75.3, f1=71.3 (0.3s)
2026-05-03 22:27:55 [INFO ] [e104/200 s31658] TR (n=72699) l=0.5925 a=81.4 f1=80.1 (5.5s)| VA (n=8307) l=0.5660 a=80.4, f1=76.9 (0.3s) | TE (n=8932) l=0.6756 a=77.5, f1=75.2 (0.3s)
2026-05-03 22:28:02 [INFO ] [e105/200 s31961] TR (n=72703) l=0.5862 a=81.4 f1=80.2 (5.7s)| VA (n=8307) l=0.5252 a=81.8, f1=77.2 (0.3s) | TE (n=8932) l=0.6648 a=78.5, f1=74.7 (0.3s)
2026-05-03 22:28:09 [INFO ] [e106/200 s32264] TR (n=72709) l=0.5856 a=81.6 f1=80.4 (5.6s)| VA (n=8307) l=0.7210 a=76.7, f1=74.7 (0.3s) | TE (n=8932) l=0.6919 a=77.6, f1=75.2 (0.3s)
2026-05-03 22:28:16 [INFO ] [e107/200 s32565] TR (n=72716) l=0.5779 a=81.4 f1=80.3 (5.3s)| VA (n=8307) l=0.6642 a=74.7, f1=72.1 (0.3s) | TE (n=8932) l=0.7500 a=73.8, f1=71.1 (0.3s)
2026-05-03 22:28:23 [INFO ] [e108/200 s32870] TR (n=72707) l=0.5636 a=82.3 f1=81.1 (5.5s)| VA (n=8307) l=0.7088 a=72.7, f1=70.8 (0.3s) | TE (n=8932) l=0.7183 a=75.1, f1=73.4 (0.3s)
2026-05-03 22:28:30 [INFO ] [e109/200 s33174] TR (n=72718) l=0.5707 a=81.9 f1=80.7 (5.5s)| VA (n=8307) l=0.6238 a=79.3, f1=76.1 (0.3s) | TE (n=8932) l=0.6422 a=78.2, f1=75.0 (0.3s)
2026-05-03 22:28:37 [INFO ] [e110/200 s33475] TR (n=72702) l=0.5811 a=82.1 f1=81.0 (5.4s)| VA (n=8307) l=0.6798 a=78.0, f1=75.2 (0.3s) | TE (n=8932) l=0.6771 a=77.7, f1=74.8 (0.3s)
2026-05-03 22:28:43 [INFO ] [e111/200 s33780] TR (n=72687) l=0.5897 a=81.4 f1=80.2 (5.5s)| VA (n=8307) l=1.2537 a=63.2, f1=62.3 (0.3s) | TE (n=8932) l=1.1834 a=61.3, f1=59.5 (0.3s)
2026-05-03 22:28:50 [INFO ] [e112/200 s34082] TR (n=72716) l=0.5848 a=81.3 f1=80.2 (5.6s)| VA (n=8307) l=0.5066 a=82.4, f1=78.2 (0.3s) | TE (n=8932) l=0.6802 a=77.4, f1=73.6 (0.3s)
2026-05-03 22:28:50 [INFO ] Saved best checkpoint to out_isruc_gru_se/train/1/best_ckpt/best_model.ckpt
2026-05-03 22:28:57 [INFO ] [e113/200 s34383] TR (n=72692) l=0.5816 a=81.7 f1=80.5 (5.6s)| VA (n=8307) l=0.7013 a=74.3, f1=71.3 (0.3s) | TE (n=8932) l=0.7211 a=75.6, f1=72.8 (0.3s)
2026-05-03 22:29:05 [INFO ] [e114/200 s34688] TR (n=72689) l=0.6002 a=81.7 f1=80.6 (5.7s)| VA (n=8307) l=0.5922 a=78.3, f1=75.1 (0.3s) | TE (n=8932) l=0.6552 a=78.4, f1=75.7 (0.3s)
2026-05-03 22:29:12 [INFO ] [e115/200 s34993] TR (n=72716) l=0.5817 a=81.8 f1=80.6 (5.6s)| VA (n=8307) l=0.5307 a=80.3, f1=77.3 (0.3s) | TE (n=8932) l=0.6415 a=78.2, f1=75.8 (0.3s)
2026-05-03 22:29:19 [INFO ] [e116/200 s35299] TR (n=72727) l=0.5624 a=82.0 f1=80.9 (5.7s)| VA (n=8307) l=0.5024 a=82.4, f1=78.5 (0.3s) | TE (n=8932) l=0.6441 a=77.9, f1=75.1 (0.3s)
2026-05-03 22:29:19 [INFO ] Saved best checkpoint to out_isruc_gru_se/train/1/best_ckpt/best_model.ckpt
2026-05-03 22:29:26 [INFO ] [e117/200 s35603] TR (n=72701) l=0.5834 a=81.9 f1=80.8 (5.5s)| VA (n=8307) l=0.5519 a=80.2, f1=76.6 (0.3s) | TE (n=8932) l=0.6189 a=79.1, f1=75.6 (0.3s)
2026-05-03 22:29:33 [INFO ] [e118/200 s35905] TR (n=72709) l=0.5777 a=81.5 f1=80.3 (5.6s)| VA (n=8307) l=0.5650 a=80.1, f1=76.3 (0.3s) | TE (n=8932) l=0.6791 a=78.0, f1=74.8 (0.3s)
2026-05-03 22:29:40 [INFO ] [e119/200 s36211] TR (n=72712) l=0.5542 a=82.3 f1=81.2 (5.5s)| VA (n=8307) l=0.6996 a=77.1, f1=74.1 (0.3s) | TE (n=8932) l=0.6911 a=77.2, f1=74.2 (0.3s)
2026-05-03 22:29:47 [INFO ] [e120/200 s36509] TR (n=72704) l=0.5498 a=82.5 f1=81.4 (5.4s)| VA (n=8307) l=0.5414 a=82.3, f1=78.3 (0.3s) | TE (n=8932) l=0.6804 a=78.2, f1=75.0 (0.3s)
2026-05-03 22:29:54 [INFO ] [e121/200 s36812] TR (n=72688) l=0.5376 a=82.8 f1=81.6 (5.5s)| VA (n=8307) l=0.5435 a=80.1, f1=77.1 (0.4s) | TE (n=8932) l=0.6891 a=77.1, f1=74.7 (0.3s)
2026-05-03 22:30:02 [INFO ] [e122/200 s37118] TR (n=72691) l=0.5807 a=82.2 f1=81.0 (5.7s)| VA (n=8307) l=0.6726 a=77.9, f1=74.9 (0.3s) | TE (n=8932) l=0.6936 a=76.7, f1=73.9 (0.3s)
2026-05-03 22:30:09 [INFO ] [e123/200 s37422] TR (n=72703) l=0.5706 a=82.0 f1=80.9 (5.6s)| VA (n=8307) l=0.9876 a=71.7, f1=69.5 (0.4s) | TE (n=8932) l=0.9569 a=69.5, f1=66.4 (0.3s)
2026-05-03 22:30:16 [INFO ] [e124/200 s37726] TR (n=72688) l=0.5589 a=82.4 f1=81.3 (5.5s)| VA (n=8307) l=0.5618 a=81.6, f1=77.5 (0.3s) | TE (n=8932) l=0.6985 a=78.4, f1=75.3 (0.3s)
2026-05-03 22:30:23 [INFO ] [e125/200 s38034] TR (n=72702) l=0.5537 a=82.2 f1=81.1 (5.5s)| VA (n=8307) l=0.7020 a=76.6, f1=74.4 (0.3s) | TE (n=8932) l=0.8515 a=72.0, f1=69.2 (0.3s)
2026-05-03 22:30:30 [INFO ] [e126/200 s38336] TR (n=72687) l=0.5630 a=81.7 f1=80.6 (5.5s)| VA (n=8307) l=0.6332 a=77.6, f1=75.2 (0.3s) | TE (n=8932) l=0.7112 a=75.3, f1=72.8 (0.3s)
2026-05-03 22:30:37 [INFO ] [e127/200 s38634] TR (n=72701) l=0.5387 a=82.4 f1=81.3 (5.5s)| VA (n=8307) l=0.5890 a=78.6, f1=75.5 (0.3s) | TE (n=8932) l=0.6881 a=76.3, f1=74.1 (0.3s)
2026-05-03 22:30:44 [INFO ] [e128/200 s38940] TR (n=72706) l=0.5521 a=82.3 f1=81.3 (5.5s)| VA (n=8307) l=0.5278 a=81.2, f1=77.5 (0.3s) | TE (n=8932) l=0.6751 a=78.6, f1=75.6 (0.3s)
2026-05-03 22:30:51 [INFO ] [e129/200 s39242] TR (n=72709) l=0.5421 a=82.8 f1=81.7 (5.6s)| VA (n=8307) l=0.6174 a=77.2, f1=74.2 (0.3s) | TE (n=8932) l=0.9423 a=71.0, f1=67.5 (0.3s)
2026-05-03 22:30:58 [INFO ] [e130/200 s39547] TR (n=72685) l=0.5711 a=82.1 f1=81.0 (5.5s)| VA (n=8307) l=0.6449 a=75.2, f1=72.5 (0.3s) | TE (n=8932) l=0.7246 a=74.3, f1=71.8 (0.3s)
2026-05-03 22:31:05 [INFO ] [e131/200 s39852] TR (n=72701) l=0.5512 a=82.0 f1=80.9 (5.6s)| VA (n=8307) l=0.6030 a=77.8, f1=74.4 (0.3s) | TE (n=8932) l=0.7319 a=75.9, f1=73.0 (0.3s)
2026-05-03 22:31:12 [INFO ] [e132/200 s40156] TR (n=72680) l=0.5619 a=82.2 f1=81.2 (5.5s)| VA (n=8307) l=0.5454 a=80.1, f1=75.7 (0.3s) | TE (n=8932) l=0.7293 a=78.1, f1=74.4 (0.3s)
2026-05-03 22:31:19 [INFO ] [e133/200 s40463] TR (n=72691) l=0.5540 a=82.4 f1=81.4 (5.8s)| VA (n=8307) l=0.6098 a=76.9, f1=74.1 (0.3s) | TE (n=8932) l=0.7246 a=76.7, f1=73.9 (0.3s)
2026-05-03 22:31:26 [INFO ] [e134/200 s40767] TR (n=72712) l=0.5403 a=82.4 f1=81.4 (5.7s)| VA (n=8307) l=0.6564 a=77.9, f1=74.1 (0.3s) | TE (n=8932) l=0.9302 a=72.2, f1=68.5 (0.3s)
2026-05-03 22:31:34 [INFO ] [e135/200 s41071] TR (n=72712) l=0.5362 a=82.8 f1=81.7 (5.6s)| VA (n=8307) l=0.7128 a=81.3, f1=76.5 (0.3s) | TE (n=8932) l=0.6820 a=78.9, f1=74.5 (0.3s)
2026-05-03 22:31:40 [INFO ] [e136/200 s41374] TR (n=72727) l=0.5471 a=82.5 f1=81.4 (5.4s)| VA (n=8307) l=0.7375 a=75.3, f1=72.6 (0.3s) | TE (n=8932) l=0.6950 a=75.7, f1=73.1 (0.3s)
2026-05-03 22:31:47 [INFO ] [e137/200 s41679] TR (n=72695) l=0.5347 a=82.5 f1=81.4 (5.6s)| VA (n=8307) l=0.5291 a=80.8, f1=77.0 (0.3s) | TE (n=8932) l=0.6706 a=78.9, f1=75.6 (0.3s)
2026-05-03 22:31:54 [INFO ] [e138/200 s41980] TR (n=72696) l=0.5419 a=82.7 f1=81.6 (5.3s)| VA (n=8307) l=0.5584 a=79.0, f1=75.9 (0.3s) | TE (n=8932) l=0.7013 a=77.2, f1=74.4 (0.3s)
2026-05-03 22:32:01 [INFO ] [e139/200 s42286] TR (n=72692) l=0.5633 a=82.2 f1=81.2 (5.6s)| VA (n=8307) l=0.6102 a=79.5, f1=75.9 (0.3s) | TE (n=8932) l=0.7217 a=77.4, f1=74.1 (0.3s)
2026-05-03 22:32:08 [INFO ] [e140/200 s42591] TR (n=72700) l=0.5253 a=83.0 f1=81.9 (5.6s)| VA (n=8307) l=0.5327 a=80.7, f1=77.0 (0.3s) | TE (n=8932) l=0.7004 a=76.0, f1=73.2 (0.3s)
2026-05-03 22:32:15 [INFO ] [e141/200 s42893] TR (n=72670) l=0.5464 a=82.4 f1=81.3 (5.5s)| VA (n=8307) l=0.5510 a=80.6, f1=77.4 (0.3s) | TE (n=8932) l=0.7271 a=77.2, f1=74.8 (0.3s)
2026-05-03 22:32:22 [INFO ] [e142/200 s43197] TR (n=72701) l=0.5452 a=82.9 f1=81.8 (5.5s)| VA (n=8307) l=0.5801 a=80.1, f1=77.0 (0.3s) | TE (n=8932) l=0.6809 a=78.4, f1=75.6 (0.3s)
2026-05-03 22:32:29 [INFO ] [e143/200 s43502] TR (n=72697) l=0.5564 a=82.8 f1=81.8 (5.6s)| VA (n=8307) l=0.6173 a=80.2, f1=76.8 (0.3s) | TE (n=8932) l=0.6994 a=76.2, f1=73.3 (0.4s)
2026-05-03 22:32:37 [INFO ] [e144/200 s43806] TR (n=72707) l=0.5319 a=82.7 f1=81.7 (5.8s)| VA (n=8307) l=0.7539 a=75.0, f1=71.8 (0.3s) | TE (n=8932) l=0.7401 a=75.4, f1=72.6 (0.3s)
2026-05-03 22:32:44 [INFO ] [e145/200 s44107] TR (n=72723) l=0.5174 a=83.2 f1=82.3 (5.6s)| VA (n=8307) l=0.5377 a=79.7, f1=77.4 (0.3s) | TE (n=8932) l=0.6074 a=78.8, f1=76.8 (0.4s)
2026-05-03 22:32:52 [INFO ] [e146/200 s44412] TR (n=72697) l=0.5348 a=83.3 f1=82.3 (5.7s)| VA (n=8307) l=0.6104 a=78.7, f1=75.5 (0.3s) | TE (n=8932) l=0.6817 a=78.1, f1=75.3 (0.3s)
2026-05-03 22:32:59 [INFO ] [e147/200 s44715] TR (n=72708) l=0.5620 a=82.4 f1=81.4 (5.4s)| VA (n=8307) l=1.0937 a=70.4, f1=68.8 (0.3s) | TE (n=8932) l=0.9382 a=69.4, f1=66.6 (0.3s)
2026-05-03 22:33:06 [INFO ] [e148/200 s45018] TR (n=72694) l=0.5357 a=82.4 f1=81.3 (5.7s)| VA (n=8307) l=0.5671 a=80.2, f1=76.9 (0.3s) | TE (n=8932) l=0.7065 a=77.0, f1=73.9 (0.3s)
2026-05-03 22:33:13 [INFO ] [e149/200 s45325] TR (n=72702) l=0.5600 a=82.6 f1=81.5 (5.6s)| VA (n=8307) l=0.6930 a=77.2, f1=75.3 (0.3s) | TE (n=8932) l=0.6903 a=76.4, f1=74.3 (0.3s)
2026-05-03 22:33:20 [INFO ] [e150/200 s45630] TR (n=72694) l=0.5231 a=83.0 f1=82.0 (5.5s)| VA (n=8307) l=0.7990 a=73.0, f1=71.2 (0.3s) | TE (n=8932) l=0.7225 a=75.6, f1=73.7 (0.3s)
2026-05-03 22:33:20 [INFO ] >> Confusion Matrix
2026-05-03 22:33:20 [INFO ] [[2419  409  220    4   28]
 [ 177  554  352    8   61]
 [  43  165 1739  105   71]
 [   0    5  316 1277    0]
 [  10   56  146    3  764]]
2026-05-03 22:33:27 [INFO ] [e151/200 s45937] TR (n=72729) l=0.5274 a=83.2 f1=82.1 (5.5s)| VA (n=8307) l=0.5586 a=81.0, f1=77.2 (0.3s) | TE (n=8932) l=0.6649 a=78.3, f1=75.3 (0.3s)
2026-05-03 22:33:34 [INFO ] [e152/200 s46240] TR (n=72715) l=0.5262 a=83.1 f1=82.2 (5.5s)| VA (n=8307) l=0.6463 a=76.8, f1=74.4 (0.3s) | TE (n=8932) l=0.7132 a=75.2, f1=72.8 (0.3s)
2026-05-03 22:33:41 [INFO ] [e153/200 s46546] TR (n=72698) l=0.5333 a=82.8 f1=81.7 (5.6s)| VA (n=8307) l=0.5446 a=80.1, f1=77.1 (0.3s) | TE (n=8932) l=0.6271 a=78.4, f1=76.0 (0.3s)
2026-05-03 22:33:48 [INFO ] [e154/200 s46852] TR (n=72699) l=0.5473 a=83.0 f1=81.9 (5.7s)| VA (n=8307) l=0.5849 a=79.2, f1=75.5 (0.3s) | TE (n=8932) l=0.7311 a=75.7, f1=72.4 (0.3s)
2026-05-03 22:33:55 [INFO ] [e155/200 s47153] TR (n=72709) l=0.5182 a=83.1 f1=82.1 (5.5s)| VA (n=8307) l=0.5620 a=80.8, f1=77.9 (0.3s) | TE (n=8932) l=0.6440 a=78.4, f1=75.9 (0.3s)
2026-05-03 22:34:03 [INFO ] [e156/200 s47459] TR (n=72702) l=0.5525 a=82.9 f1=81.9 (5.8s)| VA (n=8307) l=0.5881 a=79.8, f1=76.1 (0.4s) | TE (n=8932) l=0.7770 a=75.6, f1=72.0 (0.3s)
2026-05-03 22:34:10 [INFO ] [e157/200 s47764] TR (n=72711) l=0.5299 a=83.0 f1=81.9 (5.6s)| VA (n=8307) l=0.5735 a=78.3, f1=74.8 (0.3s) | TE (n=8932) l=0.7333 a=75.5, f1=72.6 (0.3s)
2026-05-03 22:34:18 [INFO ] [e158/200 s48071] TR (n=72716) l=0.5100 a=83.4 f1=82.4 (5.7s)| VA (n=8307) l=0.5913 a=79.6, f1=75.7 (0.4s) | TE (n=8932) l=0.6854 a=78.2, f1=75.1 (0.4s)
2026-05-03 22:34:25 [INFO ] [e159/200 s48371] TR (n=72728) l=0.5041 a=83.7 f1=82.7 (5.7s)| VA (n=8307) l=0.5670 a=80.3, f1=76.6 (0.3s) | TE (n=8932) l=0.6850 a=78.8, f1=75.5 (0.3s)
2026-05-03 22:34:32 [INFO ] [e160/200 s48673] TR (n=72722) l=0.5183 a=83.6 f1=82.6 (5.4s)| VA (n=8307) l=0.6207 a=78.0, f1=74.2 (0.3s) | TE (n=8932) l=0.7651 a=75.9, f1=71.7 (0.3s)
2026-05-03 22:34:39 [INFO ] [e161/200 s48977] TR (n=72710) l=0.5129 a=83.7 f1=82.6 (5.5s)| VA (n=8307) l=0.5245 a=80.2, f1=75.9 (0.3s) | TE (n=8932) l=0.6877 a=77.6, f1=74.4 (0.3s)
2026-05-03 22:34:46 [INFO ] [e162/200 s49282] TR (n=72709) l=0.5164 a=83.6 f1=82.7 (5.5s)| VA (n=8307) l=0.5908 a=78.5, f1=75.3 (0.3s) | TE (n=8932) l=0.6592 a=78.4, f1=75.2 (0.3s)
2026-05-03 22:34:53 [INFO ] [e163/200 s49584] TR (n=72689) l=0.5207 a=83.5 f1=82.4 (5.3s)| VA (n=8307) l=0.6205 a=77.4, f1=75.0 (0.3s) | TE (n=8932) l=0.6388 a=77.9, f1=75.9 (0.3s)
2026-05-03 22:35:00 [INFO ] [e164/200 s49886] TR (n=72690) l=0.4997 a=83.4 f1=82.5 (5.4s)| VA (n=8307) l=0.6784 a=75.6, f1=73.0 (0.3s) | TE (n=8932) l=0.6955 a=77.4, f1=75.0 (0.3s)
2026-05-03 22:35:07 [INFO ] [e165/200 s50191] TR (n=72690) l=0.5044 a=83.6 f1=82.6 (5.7s)| VA (n=8307) l=0.5447 a=80.3, f1=76.9 (0.3s) | TE (n=8932) l=0.7095 a=76.9, f1=73.9 (0.3s)
2026-05-03 22:35:14 [INFO ] [e166/200 s50494] TR (n=72713) l=0.5026 a=83.7 f1=82.7 (5.5s)| VA (n=8307) l=0.5622 a=79.5, f1=76.2 (0.3s) | TE (n=8932) l=0.6384 a=78.9, f1=76.0 (0.3s)
2026-05-03 22:35:21 [INFO ] [e167/200 s50796] TR (n=72691) l=0.5019 a=83.9 f1=82.9 (5.6s)| VA (n=8307) l=0.6120 a=78.5, f1=75.3 (0.3s) | TE (n=8932) l=0.7511 a=77.3, f1=74.2 (0.3s)
2026-05-03 22:35:21 [INFO ] *** Early-stopping ***
2026-05-03 22:35:21 [INFO ] Load generated SIDs from isruc.txt
2026-05-03 22:35:21 [INFO ] SIDs (100): [  1   2   3   4   5   6   7   8   9  10  11  12  13  14  15  16  17  18
  19  20  21  22  23  24  25  26  27  28  29  30  31  32  33  34  35  36
  37  38  39  40  41  42  43  44  45  46  47  48  49  50  51  52  53  54
  55  56  57  58  59  60  61  62  63  64  65  66  67  68  69  70  71  72
  73  74  75  76  77  78  79  80  81  82  83  84  85  86  87  88  89  90
  91  92  93  94  95  96  97  98  99 100]
2026-05-03 22:35:21 [INFO ] Train SIDs: (81) [ 1  2  3  4  5  6  7  9 10 11 12 13 14 15 16 17 18 19 20 31 32 33 34 36
 37 38 39 40 41 42 43 45 46 47 48 49 50 51 52 53 54 55 56 57 58 59 60 61
 62 63 64 65 66 67 68 69 70 71 72 75 76 77 78 79 80 81 82 83 84 85 86 88
 90 91 92 93 95 96 97 98 99]
2026-05-03 22:35:21 [INFO ] Valid SIDs: (9) [100  94  44  87   8  35  74  89  73]
2026-05-03 22:35:21 [INFO ] Test SIDs: (10) [21 22 23 24 25 26 27 28 29 30]
2026-05-03 22:35:23 [INFO ] Training set (n_night_sleeps=81)
2026-05-03 22:35:23 [INFO ] (880, 3000, 1, 1)
2026-05-03 22:35:23 [INFO ] (964, 3000, 1, 1)
2026-05-03 22:35:23 [INFO ] (943, 3000, 1, 1)
2026-05-03 22:35:23 [INFO ] (963, 3000, 1, 1)
2026-05-03 22:35:23 [INFO ] (875, 3000, 1, 1)
2026-05-03 22:35:23 [INFO ] (897, 3000, 1, 1)
2026-05-03 22:35:23 [INFO ] (933, 3000, 1, 1)
2026-05-03 22:35:23 [INFO ] (969, 3000, 1, 1)
2026-05-03 22:35:23 [INFO ] (842, 3000, 1, 1)
2026-05-03 22:35:23 [INFO ] (997, 3000, 1, 1)
2026-05-03 22:35:23 [INFO ] (850, 3000, 1, 1)
2026-05-03 22:35:23 [INFO ] (882, 3000, 1, 1)
2026-05-03 22:35:23 [INFO ] (906, 3000, 1, 1)
2026-05-03 22:35:23 [INFO ] (786, 3000, 1, 1)
2026-05-03 22:35:23 [INFO ] (883, 3000, 1, 1)
2026-05-03 22:35:23 [INFO ] (851, 3000, 1, 1)
2026-05-03 22:35:23 [INFO ] (999, 3000, 1, 1)
2026-05-03 22:35:23 [INFO ] (828, 3000, 1, 1)
2026-05-03 22:35:23 [INFO ] (950, 3000, 1, 1)
2026-05-03 22:35:23 [INFO ] (877, 3000, 1, 1)
2026-05-03 22:35:23 [INFO ] (1010, 3000, 1, 1)
2026-05-03 22:35:23 [INFO ] (920, 3000, 1, 1)
2026-05-03 22:35:23 [INFO ] (871, 3000, 1, 1)
2026-05-03 22:35:23 [INFO ] (987, 3000, 1, 1)
2026-05-03 22:35:23 [INFO ] (806, 3000, 1, 1)
2026-05-03 22:35:23 [INFO ] (932, 3000, 1, 1)
2026-05-03 22:35:23 [INFO ] (900, 3000, 1, 1)
2026-05-03 22:35:23 [INFO ] (875, 3000, 1, 1)
2026-05-03 22:35:23 [INFO ] (974, 3000, 1, 1)
2026-05-03 22:35:23 [INFO ] (812, 3000, 1, 1)
2026-05-03 22:35:23 [INFO ] (747, 3000, 1, 1)
2026-05-03 22:35:23 [INFO ] (906, 3000, 1, 1)
2026-05-03 22:35:23 [INFO ] (863, 3000, 1, 1)
2026-05-03 22:35:23 [INFO ] (838, 3000, 1, 1)
2026-05-03 22:35:23 [INFO ] (981, 3000, 1, 1)
2026-05-03 22:35:23 [INFO ] (793, 3000, 1, 1)
2026-05-03 22:35:23 [INFO ] (905, 3000, 1, 1)
2026-05-03 22:35:23 [INFO ] (856, 3000, 1, 1)
2026-05-03 22:35:23 [INFO ] (912, 3000, 1, 1)
2026-05-03 22:35:23 [INFO ] (910, 3000, 1, 1)
2026-05-03 22:35:23 [INFO ] (814, 3000, 1, 1)
2026-05-03 22:35:23 [INFO ] (879, 3000, 1, 1)
2026-05-03 22:35:23 [INFO ] (956, 3000, 1, 1)
2026-05-03 22:35:23 [INFO ] (1007, 3000, 1, 1)
2026-05-03 22:35:23 [INFO ] (965, 3000, 1, 1)
2026-05-03 22:35:23 [INFO ] (942, 3000, 1, 1)
2026-05-03 22:35:23 [INFO ] (916, 3000, 1, 1)
2026-05-03 22:35:23 [INFO ] (852, 3000, 1, 1)
2026-05-03 22:35:23 [INFO ] (864, 3000, 1, 1)
2026-05-03 22:35:23 [INFO ] (954, 3000, 1, 1)
2026-05-03 22:35:23 [INFO ] (892, 3000, 1, 1)
2026-05-03 22:35:23 [INFO ] (1014, 3000, 1, 1)
2026-05-03 22:35:23 [INFO ] (845, 3000, 1, 1)
2026-05-03 22:35:23 [INFO ] (862, 3000, 1, 1)
2026-05-03 22:35:23 [INFO ] (956, 3000, 1, 1)
2026-05-03 22:35:23 [INFO ] (815, 3000, 1, 1)
2026-05-03 22:35:23 [INFO ] (893, 3000, 1, 1)
2026-05-03 22:35:23 [INFO ] (829, 3000, 1, 1)
2026-05-03 22:35:23 [INFO ] (872, 3000, 1, 1)
2026-05-03 22:35:23 [INFO ] (898, 3000, 1, 1)
2026-05-03 22:35:23 [INFO ] (850, 3000, 1, 1)
2026-05-03 22:35:23 [INFO ] (805, 3000, 1, 1)
2026-05-03 22:35:23 [INFO ] (894, 3000, 1, 1)
2026-05-03 22:35:23 [INFO ] (880, 3000, 1, 1)
2026-05-03 22:35:23 [INFO ] (889, 3000, 1, 1)
2026-05-03 22:35:23 [INFO ] (911, 3000, 1, 1)
2026-05-03 22:35:23 [INFO ] (882, 3000, 1, 1)
2026-05-03 22:35:23 [INFO ] (925, 3000, 1, 1)
2026-05-03 22:35:23 [INFO ] (963, 3000, 1, 1)
2026-05-03 22:35:23 [INFO ] (896, 3000, 1, 1)
2026-05-03 22:35:23 [INFO ] (964, 3000, 1, 1)
2026-05-03 22:35:23 [INFO ] (1002, 3000, 1, 1)
2026-05-03 22:35:23 [INFO ] (933, 3000, 1, 1)
2026-05-03 22:35:23 [INFO ] (990, 3000, 1, 1)
2026-05-03 22:35:23 [INFO ] (877, 3000, 1, 1)
2026-05-03 22:35:23 [INFO ] (870, 3000, 1, 1)
2026-05-03 22:35:23 [INFO ] (865, 3000, 1, 1)
2026-05-03 22:35:23 [INFO ] (858, 3000, 1, 1)
2026-05-03 22:35:23 [INFO ] (912, 3000, 1, 1)
2026-05-03 22:35:23 [INFO ] (899, 3000, 1, 1)
2026-05-03 22:35:23 [INFO ] (835, 3000, 1, 1)
2026-05-03 22:35:23 [INFO ] W: 16376
2026-05-03 22:35:23 [INFO ] N1: 9365
2026-05-03 22:35:23 [INFO ] N2: 23090
2026-05-03 22:35:23 [INFO ] N3: 14605
2026-05-03 22:35:23 [INFO ] REM: 9362
2026-05-03 22:35:23 [INFO ] Validation set (n_night_sleeps=9)
2026-05-03 22:35:23 [INFO ] (861, 3000, 1, 1)
2026-05-03 22:35:23 [INFO ] (846, 3000, 1, 1)
2026-05-03 22:35:23 [INFO ] (932, 3000, 1, 1)
2026-05-03 22:35:23 [INFO ] (926, 3000, 1, 1)
2026-05-03 22:35:23 [INFO ] (904, 3000, 1, 1)
2026-05-03 22:35:23 [INFO ] (788, 3000, 1, 1)
2026-05-03 22:35:23 [INFO ] (897, 3000, 1, 1)
2026-05-03 22:35:23 [INFO ] (1036, 3000, 1, 1)
2026-05-03 22:35:23 [INFO ] (997, 3000, 1, 1)
2026-05-03 22:35:23 [INFO ] W: 2142
2026-05-03 22:35:23 [INFO ] N1: 988
2026-05-03 22:35:23 [INFO ] N2: 2663
2026-05-03 22:35:23 [INFO ] N3: 1427
2026-05-03 22:35:23 [INFO ] REM: 967
2026-05-03 22:35:23 [INFO ] Test set (n_night_sleeps=10)
2026-05-03 22:35:23 [INFO ] (1054, 3000, 1, 1)
2026-05-03 22:35:23 [INFO ] (849, 3000, 1, 1)
2026-05-03 22:35:23 [INFO ] (892, 3000, 1, 1)
2026-05-03 22:35:23 [INFO ] (830, 3000, 1, 1)
2026-05-03 22:35:23 [INFO ] (921, 3000, 1, 1)
2026-05-03 22:35:23 [INFO ] (1062, 3000, 1, 1)
2026-05-03 22:35:23 [INFO ] (918, 3000, 1, 1)
2026-05-03 22:35:23 [INFO ] (882, 3000, 1, 1)
2026-05-03 22:35:23 [INFO ] (912, 3000, 1, 1)
2026-05-03 22:35:23 [INFO ] (882, 3000, 1, 1)
2026-05-03 22:35:23 [INFO ] W: 2461
2026-05-03 22:35:23 [INFO ] N1: 1160
2026-05-03 22:35:23 [INFO ] N2: 2534
2026-05-03 22:35:23 [INFO ] N3: 1448
2026-05-03 22:35:23 [INFO ] REM: 1599
2026-05-03 22:35:23 [INFO ]   Weighted cross entropy: True
2026-05-03 22:35:23 [INFO ]   Weighted cross entropy: [1.  1.5 1.  1.  1. ]
2026-05-03 22:35:23 [INFO ] using device 0
2026-05-03 22:35:23 [INFO ] Data Augmentation
2026-05-03 22:35:23 [INFO ]   Sequence: True
2026-05-03 22:35:23 [INFO ]   Signal full: True
2026-05-03 22:35:30 [INFO ] [e1/200 s298] TR (n=72558) l=1.6764 a=37.8 f1=31.1 (5.5s)| VA (n=8187) l=1.3589 a=41.2, f1=32.0 (0.3s) | TE (n=9202) l=1.4687 a=38.1, f1=28.1 (0.3s)
2026-05-03 22:35:30 [INFO ] Saved best checkpoint to out_isruc_gru_se/train/2/best_ckpt/best_model.ckpt
2026-05-03 22:35:37 [INFO ] [e2/200 s596] TR (n=72550) l=1.4195 a=51.0 f1=43.1 (5.6s)| VA (n=8187) l=1.1214 a=57.3, f1=55.7 (0.3s) | TE (n=9202) l=1.0672 a=58.6, f1=57.8 (0.3s)
2026-05-03 22:35:37 [INFO ] Saved best checkpoint to out_isruc_gru_se/train/2/best_ckpt/best_model.ckpt
2026-05-03 22:35:44 [INFO ] [e3/200 s896] TR (n=72537) l=1.2850 a=56.1 f1=49.2 (5.5s)| VA (n=8187) l=1.5351 a=39.3, f1=34.2 (0.3s) | TE (n=9202) l=1.7213 a=35.7, f1=29.7 (0.3s)
2026-05-03 22:35:51 [INFO ] [e4/200 s1197] TR (n=72547) l=1.2925 a=56.1 f1=51.2 (5.5s)| VA (n=8187) l=1.2609 a=53.9, f1=49.9 (0.3s) | TE (n=9202) l=1.0314 a=61.1, f1=58.5 (0.3s)
2026-05-03 22:35:58 [INFO ] [e5/200 s1495] TR (n=72543) l=1.2200 a=58.4 f1=53.7 (5.5s)| VA (n=8187) l=1.2911 a=52.1, f1=49.2 (0.3s) | TE (n=9202) l=1.1108 a=57.7, f1=56.2 (0.3s)
2026-05-03 22:36:04 [INFO ] [e6/200 s1797] TR (n=72556) l=1.1794 a=60.6 f1=56.5 (5.4s)| VA (n=8187) l=1.0448 a=62.6, f1=60.3 (0.3s) | TE (n=9202) l=1.1671 a=58.4, f1=58.0 (0.3s)
2026-05-03 22:36:04 [INFO ] Saved best checkpoint to out_isruc_gru_se/train/2/best_ckpt/best_model.ckpt
2026-05-03 22:36:11 [INFO ] [e7/200 s2097] TR (n=72547) l=1.1138 a=62.8 f1=59.1 (5.4s)| VA (n=8187) l=0.8178 a=73.0, f1=68.1 (0.3s) | TE (n=9202) l=0.8994 a=67.6, f1=64.6 (0.3s)
2026-05-03 22:36:11 [INFO ] Saved best checkpoint to out_isruc_gru_se/train/2/best_ckpt/best_model.ckpt
2026-05-03 22:36:18 [INFO ] [e8/200 s2398] TR (n=72565) l=1.0708 a=66.0 f1=62.4 (5.5s)| VA (n=8187) l=1.4409 a=52.0, f1=46.3 (0.3s) | TE (n=9202) l=1.3878 a=53.6, f1=48.4 (0.3s)
2026-05-03 22:36:25 [INFO ] [e9/200 s2698] TR (n=72555) l=1.0518 a=66.2 f1=63.7 (5.7s)| VA (n=8187) l=1.6759 a=42.7, f1=43.8 (0.3s) | TE (n=9202) l=1.6512 a=42.8, f1=41.7 (0.3s)
2026-05-03 22:36:33 [INFO ] [e10/200 s3001] TR (n=72576) l=1.0496 a=67.2 f1=64.6 (5.7s)| VA (n=8187) l=1.8994 a=40.0, f1=33.6 (0.3s) | TE (n=9202) l=1.5096 a=50.5, f1=45.3 (0.4s)
2026-05-03 22:36:40 [INFO ] [e11/200 s3299] TR (n=72559) l=1.0245 a=67.1 f1=64.6 (5.4s)| VA (n=8187) l=0.9159 a=66.5, f1=64.7 (0.3s) | TE (n=9202) l=0.9176 a=63.6, f1=63.3 (0.3s)
2026-05-03 22:36:48 [INFO ] [e12/200 s3601] TR (n=72556) l=0.9986 a=68.3 f1=65.6 (5.5s)| VA (n=8187) l=1.6151 a=44.3, f1=46.4 (0.3s) | TE (n=9202) l=1.6825 a=38.9, f1=38.8 (0.3s)
2026-05-03 22:36:56 [INFO ] [e13/200 s3903] TR (n=72540) l=0.9814 a=69.7 f1=67.4 (5.8s)| VA (n=8187) l=1.0796 a=63.5, f1=61.5 (0.3s) | TE (n=9202) l=1.0575 a=61.8, f1=60.7 (0.4s)
2026-05-03 22:37:03 [INFO ] [e14/200 s4203] TR (n=72545) l=0.9308 a=70.6 f1=68.1 (5.5s)| VA (n=8187) l=1.7631 a=42.6, f1=41.0 (0.3s) | TE (n=9202) l=1.8094 a=36.9, f1=32.6 (0.3s)
2026-05-03 22:37:11 [INFO ] [e15/200 s4505] TR (n=72552) l=0.9740 a=69.4 f1=66.9 (5.4s)| VA (n=8187) l=0.9745 a=66.2, f1=61.9 (0.3s) | TE (n=9202) l=1.2106 a=62.0, f1=59.0 (0.3s)
2026-05-03 22:37:18 [INFO ] [e16/200 s4806] TR (n=72569) l=0.9206 a=70.9 f1=68.5 (5.5s)| VA (n=8187) l=0.9317 a=68.1, f1=65.2 (0.3s) | TE (n=9202) l=0.8595 a=68.9, f1=67.4 (0.3s)
2026-05-03 22:37:25 [INFO ] [e17/200 s5108] TR (n=72546) l=0.9544 a=71.2 f1=68.8 (5.4s)| VA (n=8187) l=1.6692 a=47.2, f1=48.9 (0.3s) | TE (n=9202) l=1.5822 a=46.6, f1=46.7 (0.3s)
2026-05-03 22:37:32 [INFO ] [e18/200 s5407] TR (n=72557) l=0.9280 a=70.3 f1=67.7 (5.5s)| VA (n=8187) l=0.7522 a=73.6, f1=70.3 (0.3s) | TE (n=9202) l=0.7122 a=73.4, f1=71.8 (0.3s)
2026-05-03 22:37:32 [INFO ] Saved best checkpoint to out_isruc_gru_se/train/2/best_ckpt/best_model.ckpt
2026-05-03 22:37:39 [INFO ] [e19/200 s5708] TR (n=72545) l=0.9358 a=71.3 f1=69.1 (5.6s)| VA (n=8187) l=0.9103 a=67.0, f1=65.6 (0.3s) | TE (n=9202) l=0.8109 a=69.8, f1=69.7 (0.3s)
2026-05-03 22:37:46 [INFO ] [e20/200 s6008] TR (n=72542) l=0.9062 a=72.7 f1=70.3 (5.4s)| VA (n=8187) l=0.7279 a=75.8, f1=72.9 (0.3s) | TE (n=9202) l=0.7809 a=72.5, f1=70.8 (0.3s)
2026-05-03 22:37:46 [INFO ] Saved best checkpoint to out_isruc_gru_se/train/2/best_ckpt/best_model.ckpt
2026-05-03 22:37:53 [INFO ] [e21/200 s6311] TR (n=72543) l=0.9198 a=72.1 f1=69.9 (5.5s)| VA (n=8187) l=1.0863 a=63.6, f1=61.5 (0.3s) | TE (n=9202) l=0.8472 a=69.7, f1=68.5 (0.3s)
2026-05-03 22:38:00 [INFO ] [e22/200 s6613] TR (n=72554) l=0.8812 a=72.8 f1=70.6 (5.4s)| VA (n=8187) l=1.3406 a=53.9, f1=52.1 (0.3s) | TE (n=9202) l=1.1619 a=55.8, f1=54.6 (0.3s)
2026-05-03 22:38:07 [INFO ] [e23/200 s6912] TR (n=72555) l=0.8589 a=72.5 f1=70.2 (5.4s)| VA (n=8187) l=0.7907 a=73.9, f1=70.0 (0.3s) | TE (n=9202) l=0.7070 a=74.0, f1=72.0 (0.3s)
2026-05-03 22:38:14 [INFO ] [e24/200 s7212] TR (n=72565) l=0.8498 a=73.3 f1=71.1 (5.4s)| VA (n=8187) l=1.4583 a=52.1, f1=52.7 (0.3s) | TE (n=9202) l=1.4917 a=48.2, f1=47.7 (0.3s)
2026-05-03 22:38:21 [INFO ] [e25/200 s7513] TR (n=72555) l=0.8555 a=73.5 f1=71.3 (5.6s)| VA (n=8187) l=0.7320 a=75.2, f1=71.5 (0.3s) | TE (n=9202) l=0.8236 a=73.4, f1=71.7 (0.3s)
2026-05-03 22:38:28 [INFO ] [e26/200 s7816] TR (n=72538) l=0.8810 a=73.3 f1=71.1 (5.6s)| VA (n=8187) l=1.0495 a=63.9, f1=61.3 (0.3s) | TE (n=9202) l=0.9690 a=63.6, f1=61.4 (0.3s)
2026-05-03 22:38:35 [INFO ] [e27/200 s8117] TR (n=72544) l=0.8143 a=74.9 f1=72.8 (5.5s)| VA (n=8187) l=0.9887 a=67.7, f1=65.0 (0.3s) | TE (n=9202) l=0.8421 a=69.9, f1=69.2 (0.3s)
2026-05-03 22:38:42 [INFO ] [e28/200 s8419] TR (n=72585) l=0.8276 a=74.4 f1=72.4 (5.5s)| VA (n=8187) l=0.8973 a=68.5, f1=65.5 (0.3s) | TE (n=9202) l=1.0684 a=65.3, f1=63.4 (0.3s)
2026-05-03 22:38:49 [INFO ] [e29/200 s8722] TR (n=72558) l=0.8523 a=74.1 f1=72.1 (5.7s)| VA (n=8187) l=0.9459 a=68.6, f1=64.8 (0.3s) | TE (n=9202) l=0.8551 a=70.9, f1=67.8 (0.3s)
2026-05-03 22:38:57 [INFO ] [e30/200 s9025] TR (n=72559) l=0.8164 a=74.3 f1=72.1 (5.6s)| VA (n=8187) l=1.0965 a=62.4, f1=60.8 (0.3s) | TE (n=9202) l=1.0982 a=60.2, f1=59.6 (0.3s)
2026-05-03 22:39:04 [INFO ] [e31/200 s9327] TR (n=72557) l=0.7747 a=75.5 f1=73.6 (5.4s)| VA (n=8187) l=0.7029 a=75.4, f1=71.3 (0.3s) | TE (n=9202) l=0.7334 a=74.0, f1=71.3 (0.3s)
2026-05-03 22:39:11 [INFO ] [e32/200 s9627] TR (n=72560) l=0.7827 a=75.5 f1=73.5 (5.6s)| VA (n=8187) l=0.9666 a=68.1, f1=65.7 (0.3s) | TE (n=9202) l=0.7873 a=71.4, f1=70.3 (0.3s)
2026-05-03 22:39:18 [INFO ] [e33/200 s9928] TR (n=72547) l=0.7941 a=75.4 f1=73.3 (5.5s)| VA (n=8187) l=0.8585 a=71.8, f1=69.4 (0.3s) | TE (n=9202) l=0.7053 a=74.2, f1=72.8 (0.3s)
2026-05-03 22:39:25 [INFO ] [e34/200 s10225] TR (n=72560) l=0.7653 a=76.2 f1=74.2 (5.5s)| VA (n=8187) l=0.7967 a=73.1, f1=69.9 (0.3s) | TE (n=9202) l=0.6882 a=75.2, f1=73.3 (0.3s)
2026-05-03 22:39:32 [INFO ] [e35/200 s10526] TR (n=72563) l=0.7589 a=76.7 f1=74.7 (5.5s)| VA (n=8187) l=0.8063 a=72.9, f1=70.6 (0.3s) | TE (n=9202) l=0.6156 a=77.3, f1=75.8 (0.3s)
2026-05-03 22:39:39 [INFO ] [e36/200 s10827] TR (n=72542) l=0.7584 a=77.0 f1=75.1 (5.4s)| VA (n=8187) l=0.6496 a=77.6, f1=74.2 (0.3s) | TE (n=9202) l=0.7039 a=74.9, f1=72.9 (0.3s)
2026-05-03 22:39:39 [INFO ] Saved best checkpoint to out_isruc_gru_se/train/2/best_ckpt/best_model.ckpt
2026-05-03 22:39:46 [INFO ] [e37/200 s11128] TR (n=72549) l=0.7563 a=76.5 f1=74.6 (5.5s)| VA (n=8187) l=0.7884 a=73.6, f1=70.4 (0.3s) | TE (n=9202) l=0.6963 a=75.0, f1=72.9 (0.3s)
2026-05-03 22:39:52 [INFO ] [e38/200 s11429] TR (n=72529) l=0.7595 a=76.6 f1=74.6 (5.4s)| VA (n=8187) l=0.8370 a=71.2, f1=68.4 (0.3s) | TE (n=9202) l=0.9094 a=68.6, f1=66.4 (0.3s)
2026-05-03 22:39:59 [INFO ] [e39/200 s11727] TR (n=72542) l=0.7495 a=76.8 f1=75.0 (5.4s)| VA (n=8187) l=0.6738 a=78.1, f1=74.6 (0.3s) | TE (n=9202) l=0.8050 a=74.0, f1=71.1 (0.3s)
2026-05-03 22:39:59 [INFO ] Saved best checkpoint to out_isruc_gru_se/train/2/best_ckpt/best_model.ckpt
2026-05-03 22:40:06 [INFO ] [e40/200 s12026] TR (n=72556) l=0.7307 a=77.2 f1=75.3 (5.4s)| VA (n=8187) l=0.7337 a=76.0, f1=73.1 (0.3s) | TE (n=9202) l=0.7297 a=75.7, f1=73.6 (0.3s)
2026-05-03 22:40:13 [INFO ] [e41/200 s12328] TR (n=72534) l=0.7484 a=77.2 f1=75.4 (5.5s)| VA (n=8187) l=0.9262 a=69.2, f1=67.7 (0.3s) | TE (n=9202) l=0.7347 a=72.2, f1=71.1 (0.3s)
2026-05-03 22:40:20 [INFO ] [e42/200 s12630] TR (n=72557) l=0.7178 a=77.8 f1=76.0 (5.4s)| VA (n=8187) l=0.6540 a=77.8, f1=74.2 (0.3s) | TE (n=9202) l=0.6899 a=75.4, f1=73.3 (0.3s)
2026-05-03 22:40:26 [INFO ] [e43/200 s12930] TR (n=72567) l=0.7447 a=77.6 f1=75.6 (5.4s)| VA (n=8187) l=0.7071 a=75.0, f1=73.1 (0.3s) | TE (n=9202) l=0.6248 a=77.5, f1=76.6 (0.3s)
2026-05-03 22:40:33 [INFO ] [e44/200 s13232] TR (n=72563) l=0.7324 a=77.8 f1=76.1 (5.5s)| VA (n=8187) l=0.9893 a=68.8, f1=66.5 (0.3s) | TE (n=9202) l=0.7961 a=69.9, f1=68.2 (0.3s)
2026-05-03 22:40:40 [INFO ] [e45/200 s13530] TR (n=72555) l=0.7155 a=77.6 f1=75.9 (5.5s)| VA (n=8187) l=0.7263 a=74.7, f1=71.5 (0.3s) | TE (n=9202) l=0.9494 a=68.4, f1=66.2 (0.3s)
2026-05-03 22:40:47 [INFO ] [e46/200 s13832] TR (n=72569) l=0.6943 a=78.0 f1=76.2 (5.4s)| VA (n=8187) l=0.6795 a=76.9, f1=73.1 (0.3s) | TE (n=9202) l=0.7169 a=74.7, f1=71.6 (0.3s)
2026-05-03 22:40:53 [INFO ] [e47/200 s14135] TR (n=72557) l=0.7313 a=77.6 f1=75.8 (5.5s)| VA (n=8187) l=0.7544 a=75.1, f1=72.0 (0.3s) | TE (n=9202) l=0.6047 a=78.4, f1=76.9 (0.3s)
2026-05-03 22:41:00 [INFO ] [e48/200 s14436] TR (n=72543) l=0.7099 a=78.2 f1=76.5 (5.4s)| VA (n=8187) l=0.9597 a=69.1, f1=67.0 (0.3s) | TE (n=9202) l=0.7207 a=74.0, f1=72.4 (0.3s)
2026-05-03 22:41:07 [INFO ] [e49/200 s14734] TR (n=72545) l=0.6915 a=77.8 f1=76.2 (5.5s)| VA (n=8187) l=0.6886 a=76.3, f1=73.1 (0.3s) | TE (n=9202) l=0.6990 a=75.5, f1=73.2 (0.3s)
2026-05-03 22:41:14 [INFO ] [e50/200 s15033] TR (n=72537) l=0.7058 a=78.7 f1=77.1 (5.4s)| VA (n=8187) l=0.7222 a=74.3, f1=71.8 (0.3s) | TE (n=9202) l=0.6523 a=76.6, f1=75.2 (0.3s)
2026-05-03 22:41:14 [INFO ] >> Confusion Matrix
2026-05-03 22:41:14 [INFO ] [[2002  315   65   35   44]
 [  88  685  260   10  117]
 [  10  219 1863  333  109]
 [   0    0  163 1285    0]
 [   7   70  230   75 1217]]
2026-05-03 22:41:20 [INFO ] [e51/200 s15331] TR (n=72566) l=0.6661 a=78.7 f1=76.9 (5.4s)| VA (n=8187) l=0.6641 a=77.0, f1=74.6 (0.3s) | TE (n=9202) l=0.6563 a=77.3, f1=75.8 (0.3s)
2026-05-03 22:41:27 [INFO ] [e52/200 s15628] TR (n=72543) l=0.6780 a=79.0 f1=77.3 (5.4s)| VA (n=8187) l=0.7599 a=74.9, f1=72.2 (0.3s) | TE (n=9202) l=0.7475 a=75.3, f1=73.3 (0.3s)
2026-05-03 22:41:33 [INFO ] [e53/200 s15928] TR (n=72557) l=0.6709 a=78.4 f1=76.8 (5.4s)| VA (n=8187) l=0.7661 a=74.5, f1=71.3 (0.3s) | TE (n=9202) l=0.6535 a=77.2, f1=75.2 (0.3s)
2026-05-03 22:41:40 [INFO ] [e54/200 s16230] TR (n=72566) l=0.6858 a=79.1 f1=77.3 (5.5s)| VA (n=8187) l=0.9131 a=70.0, f1=68.3 (0.3s) | TE (n=9202) l=0.6783 a=73.8, f1=72.7 (0.3s)
2026-05-03 22:41:47 [INFO ] [e55/200 s16529] TR (n=72559) l=0.6862 a=79.0 f1=77.2 (5.4s)| VA (n=8187) l=0.8876 a=69.6, f1=67.7 (0.3s) | TE (n=9202) l=0.6473 a=75.8, f1=74.6 (0.3s)
2026-05-03 22:41:54 [INFO ] [e56/200 s16830] TR (n=72544) l=0.6833 a=78.8 f1=77.3 (5.5s)| VA (n=8187) l=0.8259 a=72.5, f1=69.2 (0.3s) | TE (n=9202) l=0.7477 a=72.4, f1=69.6 (0.3s)
2026-05-03 22:42:00 [INFO ] [e57/200 s17126] TR (n=72550) l=0.6749 a=79.1 f1=77.5 (5.4s)| VA (n=8187) l=0.8945 a=70.2, f1=68.6 (0.3s) | TE (n=9202) l=0.6830 a=74.3, f1=73.3 (0.3s)
2026-05-03 22:42:07 [INFO ] [e58/200 s17428] TR (n=72554) l=0.6751 a=79.4 f1=77.7 (5.5s)| VA (n=8187) l=0.7145 a=76.0, f1=72.9 (0.3s) | TE (n=9202) l=0.7425 a=74.9, f1=73.0 (0.3s)
2026-05-03 22:42:13 [INFO ] [e59/200 s17732] TR (n=72551) l=0.6725 a=79.3 f1=77.7 (5.3s)| VA (n=8187) l=0.6536 a=78.0, f1=74.2 (0.3s) | TE (n=9202) l=0.7802 a=76.8, f1=74.1 (0.3s)
2026-05-03 22:42:20 [INFO ] [e60/200 s18030] TR (n=72554) l=0.6426 a=79.8 f1=78.2 (5.4s)| VA (n=8187) l=0.7430 a=74.5, f1=72.0 (0.3s) | TE (n=9202) l=0.7089 a=74.7, f1=73.3 (0.3s)
2026-05-03 22:42:27 [INFO ] [e61/200 s18330] TR (n=72574) l=0.6706 a=79.7 f1=78.1 (5.5s)| VA (n=8187) l=0.6442 a=77.0, f1=74.9 (0.3s) | TE (n=9202) l=0.5787 a=79.9, f1=78.4 (0.3s)
2026-05-03 22:42:34 [INFO ] [e62/200 s18628] TR (n=72545) l=0.6711 a=79.2 f1=77.7 (5.4s)| VA (n=8187) l=0.7560 a=73.9, f1=71.3 (0.3s) | TE (n=9202) l=0.7238 a=73.8, f1=72.3 (0.3s)
2026-05-03 22:42:40 [INFO ] [e63/200 s18928] TR (n=72576) l=0.6536 a=79.9 f1=78.3 (5.4s)| VA (n=8187) l=0.7161 a=74.4, f1=73.3 (0.3s) | TE (n=9202) l=0.6458 a=76.5, f1=75.5 (0.3s)
2026-05-03 22:42:47 [INFO ] [e64/200 s19227] TR (n=72567) l=0.6625 a=79.4 f1=77.7 (5.5s)| VA (n=8187) l=0.7751 a=72.5, f1=70.6 (0.3s) | TE (n=9202) l=0.6610 a=75.1, f1=74.0 (0.3s)
2026-05-03 22:42:54 [INFO ] [e65/200 s19528] TR (n=72555) l=0.6703 a=79.8 f1=78.2 (5.7s)| VA (n=8187) l=0.7423 a=74.3, f1=71.3 (0.3s) | TE (n=9202) l=0.7060 a=75.2, f1=73.4 (0.3s)
2026-05-03 22:43:01 [INFO ] [e66/200 s19827] TR (n=72551) l=0.6559 a=80.3 f1=78.6 (5.4s)| VA (n=8187) l=0.8344 a=71.8, f1=69.5 (0.3s) | TE (n=9202) l=0.6045 a=77.7, f1=76.2 (0.3s)
2026-05-03 22:43:07 [INFO ] [e67/200 s20130] TR (n=72541) l=0.6717 a=79.9 f1=78.4 (5.5s)| VA (n=8187) l=0.6412 a=77.1, f1=74.5 (0.3s) | TE (n=9202) l=0.6496 a=76.6, f1=74.9 (0.3s)
2026-05-03 22:43:14 [INFO ] [e68/200 s20433] TR (n=72551) l=0.6732 a=79.6 f1=78.0 (5.5s)| VA (n=8187) l=0.8224 a=72.3, f1=69.6 (0.3s) | TE (n=9202) l=0.8069 a=72.2, f1=70.4 (0.3s)
2026-05-03 22:43:21 [INFO ] [e69/200 s20735] TR (n=72567) l=0.6385 a=80.0 f1=78.5 (5.5s)| VA (n=8187) l=0.8907 a=71.5, f1=69.1 (0.3s) | TE (n=9202) l=0.7805 a=71.9, f1=70.2 (0.3s)
2026-05-03 22:43:28 [INFO ] [e70/200 s21037] TR (n=72547) l=0.6248 a=80.7 f1=79.1 (5.5s)| VA (n=8187) l=0.6977 a=75.7, f1=73.9 (0.3s) | TE (n=9202) l=0.7181 a=75.5, f1=74.0 (0.3s)
2026-05-03 22:43:34 [INFO ] [e71/200 s21336] TR (n=72555) l=0.6326 a=80.3 f1=78.6 (5.4s)| VA (n=8187) l=0.7739 a=73.9, f1=71.3 (0.3s) | TE (n=9202) l=0.6323 a=76.8, f1=75.4 (0.3s)
2026-05-03 22:43:41 [INFO ] [e72/200 s21634] TR (n=72548) l=0.6328 a=80.4 f1=78.9 (5.4s)| VA (n=8187) l=0.6645 a=76.4, f1=73.1 (0.3s) | TE (n=9202) l=0.7370 a=75.6, f1=73.3 (0.3s)
2026-05-03 22:43:47 [INFO ] [e73/200 s21934] TR (n=72536) l=0.6192 a=80.8 f1=79.2 (5.5s)| VA (n=8187) l=0.6745 a=76.0, f1=74.7 (0.3s) | TE (n=9202) l=0.7848 a=74.0, f1=72.9 (0.3s)
2026-05-03 22:43:54 [INFO ] [e74/200 s22235] TR (n=72549) l=0.6694 a=80.1 f1=78.4 (5.5s)| VA (n=8187) l=0.6562 a=76.9, f1=74.8 (0.3s) | TE (n=9202) l=0.6978 a=76.1, f1=74.2 (0.3s)
2026-05-03 22:44:01 [INFO ] [e75/200 s22536] TR (n=72554) l=0.6379 a=79.9 f1=78.4 (5.5s)| VA (n=8187) l=0.8625 a=70.5, f1=68.7 (0.3s) | TE (n=9202) l=0.6883 a=75.1, f1=74.0 (0.3s)
2026-05-03 22:44:08 [INFO ] [e76/200 s22836] TR (n=72553) l=0.6566 a=79.8 f1=78.3 (5.5s)| VA (n=8187) l=0.7567 a=75.1, f1=72.6 (0.3s) | TE (n=9202) l=0.7054 a=75.0, f1=73.1 (0.3s)
2026-05-03 22:44:14 [INFO ] [e77/200 s23139] TR (n=72548) l=0.6219 a=80.7 f1=79.1 (5.5s)| VA (n=8187) l=0.7234 a=74.9, f1=72.3 (0.3s) | TE (n=9202) l=0.6080 a=78.4, f1=76.3 (0.3s)
2026-05-03 22:44:21 [INFO ] [e78/200 s23441] TR (n=72565) l=0.6297 a=80.6 f1=79.1 (5.5s)| VA (n=8187) l=0.7808 a=73.5, f1=70.2 (0.3s) | TE (n=9202) l=0.8568 a=71.7, f1=69.3 (0.3s)
2026-05-03 22:44:28 [INFO ] [e79/200 s23739] TR (n=72546) l=0.6310 a=80.6 f1=79.0 (5.4s)| VA (n=8187) l=0.6468 a=76.9, f1=74.3 (0.3s) | TE (n=9202) l=0.6107 a=78.6, f1=76.4 (0.3s)
2026-05-03 22:44:34 [INFO ] [e80/200 s24040] TR (n=72566) l=0.6193 a=80.7 f1=79.1 (5.4s)| VA (n=8187) l=0.8348 a=69.9, f1=68.7 (0.3s) | TE (n=9202) l=0.7362 a=71.7, f1=71.5 (0.3s)
2026-05-03 22:44:41 [INFO ] [e81/200 s24342] TR (n=72568) l=0.6264 a=80.7 f1=79.3 (5.4s)| VA (n=8187) l=0.7480 a=73.2, f1=70.1 (0.3s) | TE (n=9202) l=0.7431 a=74.2, f1=72.3 (0.3s)
2026-05-03 22:44:48 [INFO ] [e82/200 s24645] TR (n=72552) l=0.6137 a=80.8 f1=79.2 (5.5s)| VA (n=8187) l=0.6641 a=76.4, f1=73.9 (0.3s) | TE (n=9202) l=0.5864 a=79.8, f1=78.0 (0.3s)
2026-05-03 22:44:54 [INFO ] [e83/200 s24945] TR (n=72566) l=0.6215 a=81.0 f1=79.5 (5.5s)| VA (n=8187) l=0.5997 a=77.8, f1=75.8 (0.3s) | TE (n=9202) l=0.7228 a=75.8, f1=73.8 (0.3s)
2026-05-03 22:45:01 [INFO ] [e84/200 s25244] TR (n=72572) l=0.5994 a=81.1 f1=79.7 (5.4s)| VA (n=8187) l=0.6722 a=76.2, f1=73.5 (0.3s) | TE (n=9202) l=0.7404 a=75.9, f1=74.1 (0.3s)
2026-05-03 22:45:08 [INFO ] [e85/200 s25544] TR (n=72549) l=0.6019 a=81.2 f1=79.8 (5.4s)| VA (n=8187) l=0.7690 a=73.1, f1=70.4 (0.3s) | TE (n=9202) l=0.7266 a=75.1, f1=73.1 (0.3s)
2026-05-03 22:45:15 [INFO ] [e86/200 s25847] TR (n=72543) l=0.6521 a=80.5 f1=79.2 (5.6s)| VA (n=8187) l=0.6305 a=77.8, f1=74.6 (0.3s) | TE (n=9202) l=0.7873 a=73.8, f1=71.2 (0.3s)
2026-05-03 22:45:21 [INFO ] [e87/200 s26149] TR (n=72558) l=0.6388 a=80.5 f1=79.0 (5.5s)| VA (n=8187) l=0.7897 a=73.9, f1=70.6 (0.3s) | TE (n=9202) l=0.7624 a=73.8, f1=71.5 (0.3s)
2026-05-03 22:45:28 [INFO ] [e88/200 s26450] TR (n=72556) l=0.5817 a=81.3 f1=79.9 (5.4s)| VA (n=8187) l=0.6542 a=77.5, f1=75.0 (0.3s) | TE (n=9202) l=0.6023 a=78.8, f1=77.0 (0.3s)
2026-05-03 22:45:34 [INFO ] [e89/200 s26752] TR (n=72550) l=0.6158 a=81.1 f1=79.6 (5.5s)| VA (n=8187) l=0.8710 a=72.9, f1=69.5 (0.3s) | TE (n=9202) l=0.8509 a=69.9, f1=67.0 (0.3s)
2026-05-03 22:45:41 [INFO ] [e90/200 s27055] TR (n=72577) l=0.5839 a=81.6 f1=80.1 (5.5s)| VA (n=8187) l=0.7609 a=74.5, f1=71.7 (0.3s) | TE (n=9202) l=0.6984 a=75.0, f1=73.1 (0.3s)
2026-05-03 22:45:41 [INFO ] *** Early-stopping ***
2026-05-03 22:45:41 [INFO ] Load generated SIDs from isruc.txt
2026-05-03 22:45:41 [INFO ] SIDs (100): [  1   2   3   4   5   6   7   8   9  10  11  12  13  14  15  16  17  18
  19  20  21  22  23  24  25  26  27  28  29  30  31  32  33  34  35  36
  37  38  39  40  41  42  43  44  45  46  47  48  49  50  51  52  53  54
  55  56  57  58  59  60  61  62  63  64  65  66  67  68  69  70  71  72
  73  74  75  76  77  78  79  80  81  82  83  84  85  86  87  88  89  90
  91  92  93  94  95  96  97  98  99 100]
2026-05-03 22:45:41 [INFO ] Train SIDs: (81) [  3   4   6   7   8   9  10  11  12  13  14  15  16  17  18  19  20  22
  23  24  25  27  28  29  41  42  43  44  45  46  47  48  49  50  51  52
  53  55  56  57  58  59  60  61  62  64  65  66  67  68  69  70  71  72
  73  74  75  76  77  78  79  80  81  82  83  84  85  86  87  88  89  90
  91  92  93  94  96  97  98  99 100]
2026-05-03 22:45:41 [INFO ] Valid SIDs: (9) [95  1 26  2 21 63 30 54  5]
2026-05-03 22:45:41 [INFO ] Test SIDs: (10) [31 32 33 34 35 36 37 38 39 40]
2026-05-03 22:45:43 [INFO ] Training set (n_night_sleeps=81)
2026-05-03 22:45:43 [INFO ] (943, 3000, 1, 1)
2026-05-03 22:45:43 [INFO ] (963, 3000, 1, 1)
2026-05-03 22:45:43 [INFO ] (897, 3000, 1, 1)
2026-05-03 22:45:43 [INFO ] (933, 3000, 1, 1)
2026-05-03 22:45:43 [INFO ] (904, 3000, 1, 1)
2026-05-03 22:45:43 [INFO ] (969, 3000, 1, 1)
2026-05-03 22:45:43 [INFO ] (842, 3000, 1, 1)
2026-05-03 22:45:43 [INFO ] (997, 3000, 1, 1)
2026-05-03 22:45:43 [INFO ] (850, 3000, 1, 1)
2026-05-03 22:45:43 [INFO ] (882, 3000, 1, 1)
2026-05-03 22:45:43 [INFO ] (906, 3000, 1, 1)
2026-05-03 22:45:43 [INFO ] (786, 3000, 1, 1)
2026-05-03 22:45:43 [INFO ] (883, 3000, 1, 1)
2026-05-03 22:45:43 [INFO ] (851, 3000, 1, 1)
2026-05-03 22:45:43 [INFO ] (999, 3000, 1, 1)
2026-05-03 22:45:43 [INFO ] (828, 3000, 1, 1)
2026-05-03 22:45:43 [INFO ] (950, 3000, 1, 1)
2026-05-03 22:45:43 [INFO ] (849, 3000, 1, 1)
2026-05-03 22:45:43 [INFO ] (892, 3000, 1, 1)
2026-05-03 22:45:43 [INFO ] (830, 3000, 1, 1)
2026-05-03 22:45:43 [INFO ] (921, 3000, 1, 1)
2026-05-03 22:45:43 [INFO ] (918, 3000, 1, 1)
2026-05-03 22:45:43 [INFO ] (882, 3000, 1, 1)
2026-05-03 22:45:43 [INFO ] (912, 3000, 1, 1)
2026-05-03 22:45:43 [INFO ] (974, 3000, 1, 1)
2026-05-03 22:45:43 [INFO ] (812, 3000, 1, 1)
2026-05-03 22:45:43 [INFO ] (747, 3000, 1, 1)
2026-05-03 22:45:43 [INFO ] (932, 3000, 1, 1)
2026-05-03 22:45:43 [INFO ] (906, 3000, 1, 1)
2026-05-03 22:45:43 [INFO ] (863, 3000, 1, 1)
2026-05-03 22:45:43 [INFO ] (838, 3000, 1, 1)
2026-05-03 22:45:43 [INFO ] (981, 3000, 1, 1)
2026-05-03 22:45:43 [INFO ] (793, 3000, 1, 1)
2026-05-03 22:45:43 [INFO ] (905, 3000, 1, 1)
2026-05-03 22:45:43 [INFO ] (856, 3000, 1, 1)
2026-05-03 22:45:43 [INFO ] (912, 3000, 1, 1)
2026-05-03 22:45:43 [INFO ] (910, 3000, 1, 1)
2026-05-03 22:45:43 [INFO ] (879, 3000, 1, 1)
2026-05-03 22:45:43 [INFO ] (956, 3000, 1, 1)
2026-05-03 22:45:43 [INFO ] (1007, 3000, 1, 1)
2026-05-03 22:45:43 [INFO ] (965, 3000, 1, 1)
2026-05-03 22:45:43 [INFO ] (942, 3000, 1, 1)
2026-05-03 22:45:43 [INFO ] (916, 3000, 1, 1)
2026-05-03 22:45:43 [INFO ] (852, 3000, 1, 1)
2026-05-03 22:45:43 [INFO ] (864, 3000, 1, 1)
2026-05-03 22:45:43 [INFO ] (892, 3000, 1, 1)
2026-05-03 22:45:43 [INFO ] (1014, 3000, 1, 1)
2026-05-03 22:45:43 [INFO ] (845, 3000, 1, 1)
2026-05-03 22:45:43 [INFO ] (862, 3000, 1, 1)
2026-05-03 22:45:43 [INFO ] (956, 3000, 1, 1)
2026-05-03 22:45:43 [INFO ] (815, 3000, 1, 1)
2026-05-03 22:45:43 [INFO ] (893, 3000, 1, 1)
2026-05-03 22:45:43 [INFO ] (829, 3000, 1, 1)
2026-05-03 22:45:43 [INFO ] (872, 3000, 1, 1)
2026-05-03 22:45:43 [INFO ] (997, 3000, 1, 1)
2026-05-03 22:45:43 [INFO ] (897, 3000, 1, 1)
2026-05-03 22:45:43 [INFO ] (898, 3000, 1, 1)
2026-05-03 22:45:43 [INFO ] (850, 3000, 1, 1)
2026-05-03 22:45:43 [INFO ] (805, 3000, 1, 1)
2026-05-03 22:45:43 [INFO ] (894, 3000, 1, 1)
2026-05-03 22:45:43 [INFO ] (880, 3000, 1, 1)
2026-05-03 22:45:43 [INFO ] (889, 3000, 1, 1)
2026-05-03 22:45:43 [INFO ] (911, 3000, 1, 1)
2026-05-03 22:45:43 [INFO ] (882, 3000, 1, 1)
2026-05-03 22:45:43 [INFO ] (925, 3000, 1, 1)
2026-05-03 22:45:43 [INFO ] (963, 3000, 1, 1)
2026-05-03 22:45:43 [INFO ] (896, 3000, 1, 1)
2026-05-03 22:45:43 [INFO ] (964, 3000, 1, 1)
2026-05-03 22:45:43 [INFO ] (926, 3000, 1, 1)
2026-05-03 22:45:43 [INFO ] (1002, 3000, 1, 1)
2026-05-03 22:45:43 [INFO ] (1036, 3000, 1, 1)
2026-05-03 22:45:43 [INFO ] (933, 3000, 1, 1)
2026-05-03 22:45:43 [INFO ] (990, 3000, 1, 1)
2026-05-03 22:45:43 [INFO ] (877, 3000, 1, 1)
2026-05-03 22:45:43 [INFO ] (870, 3000, 1, 1)
2026-05-03 22:45:43 [INFO ] (846, 3000, 1, 1)
2026-05-03 22:45:43 [INFO ] (858, 3000, 1, 1)
2026-05-03 22:45:43 [INFO ] (912, 3000, 1, 1)
2026-05-03 22:45:43 [INFO ] (899, 3000, 1, 1)
2026-05-03 22:45:43 [INFO ] (835, 3000, 1, 1)
2026-05-03 22:45:43 [INFO ] (861, 3000, 1, 1)
2026-05-03 22:45:43 [INFO ] W: 16031
2026-05-03 22:45:43 [INFO ] N1: 9024
2026-05-03 22:45:43 [INFO ] N2: 23219
2026-05-03 22:45:43 [INFO ] N3: 14705
2026-05-03 22:45:43 [INFO ] REM: 9892
2026-05-03 22:45:43 [INFO ] Validation set (n_night_sleeps=9)
2026-05-03 22:45:43 [INFO ] (865, 3000, 1, 1)
2026-05-03 22:45:43 [INFO ] (880, 3000, 1, 1)
2026-05-03 22:45:43 [INFO ] (1062, 3000, 1, 1)
2026-05-03 22:45:43 [INFO ] (964, 3000, 1, 1)
2026-05-03 22:45:43 [INFO ] (1054, 3000, 1, 1)
2026-05-03 22:45:43 [INFO ] (954, 3000, 1, 1)
2026-05-03 22:45:43 [INFO ] (882, 3000, 1, 1)
2026-05-03 22:45:43 [INFO ] (814, 3000, 1, 1)
2026-05-03 22:45:43 [INFO ] (875, 3000, 1, 1)
2026-05-03 22:45:43 [INFO ] W: 2431
2026-05-03 22:45:43 [INFO ] N1: 1183
2026-05-03 22:45:43 [INFO ] N2: 2302
2026-05-03 22:45:43 [INFO ] N3: 1470
2026-05-03 22:45:43 [INFO ] REM: 964
2026-05-03 22:45:43 [INFO ] Test set (n_night_sleeps=10)
2026-05-03 22:45:43 [INFO ] (877, 3000, 1, 1)
2026-05-03 22:45:43 [INFO ] (1010, 3000, 1, 1)
2026-05-03 22:45:43 [INFO ] (920, 3000, 1, 1)
2026-05-03 22:45:43 [INFO ] (871, 3000, 1, 1)
2026-05-03 22:45:43 [INFO ] (788, 3000, 1, 1)
2026-05-03 22:45:43 [INFO ] (987, 3000, 1, 1)
2026-05-03 22:45:43 [INFO ] (806, 3000, 1, 1)
2026-05-03 22:45:43 [INFO ] (932, 3000, 1, 1)
2026-05-03 22:45:43 [INFO ] (900, 3000, 1, 1)
2026-05-03 22:45:43 [INFO ] (875, 3000, 1, 1)
2026-05-03 22:45:43 [INFO ] W: 2517
2026-05-03 22:45:43 [INFO ] N1: 1306
2026-05-03 22:45:43 [INFO ] N2: 2766
2026-05-03 22:45:43 [INFO ] N3: 1305
2026-05-03 22:45:43 [INFO ] REM: 1072
2026-05-03 22:45:43 [INFO ]   Weighted cross entropy: True
2026-05-03 22:45:43 [INFO ]   Weighted cross entropy: [1.  1.5 1.  1.  1. ]
2026-05-03 22:45:43 [INFO ] using device 0
2026-05-03 22:45:43 [INFO ] Data Augmentation
2026-05-03 22:45:43 [INFO ]   Sequence: True
2026-05-03 22:45:43 [INFO ]   Signal full: True
2026-05-03 22:45:49 [INFO ] [e1/200 s301] TR (n=72651) l=1.6327 a=39.2 f1=31.8 (5.5s)| VA (n=8350) l=1.7163 a=42.5, f1=35.0 (0.3s) | TE (n=8966) l=1.5436 a=37.0, f1=33.1 (0.3s)
2026-05-03 22:45:49 [INFO ] Saved best checkpoint to out_isruc_gru_se/train/3/best_ckpt/best_model.ckpt
2026-05-03 22:45:56 [INFO ] [e2/200 s604] TR (n=72634) l=1.3964 a=51.4 f1=44.2 (5.5s)| VA (n=8350) l=1.1032 a=59.9, f1=54.1 (0.3s) | TE (n=8966) l=1.0804 a=62.3, f1=58.4 (0.3s)
2026-05-03 22:45:56 [INFO ] Saved best checkpoint to out_isruc_gru_se/train/3/best_ckpt/best_model.ckpt
2026-05-03 22:46:03 [INFO ] [e3/200 s908] TR (n=72625) l=1.3139 a=55.1 f1=48.2 (5.5s)| VA (n=8350) l=1.7564 a=46.8, f1=34.4 (0.3s) | TE (n=8966) l=2.0717 a=34.9, f1=22.2 (0.3s)
2026-05-03 22:46:09 [INFO ] [e4/200 s1208] TR (n=72614) l=1.2827 a=55.8 f1=50.6 (5.3s)| VA (n=8350) l=0.9747 a=64.4, f1=59.5 (0.3s) | TE (n=8966) l=1.4615 a=48.4, f1=42.9 (0.3s)
2026-05-03 22:46:09 [INFO ] Saved best checkpoint to out_isruc_gru_se/train/3/best_ckpt/best_model.ckpt
2026-05-03 22:46:16 [INFO ] [e5/200 s1510] TR (n=72643) l=1.2237 a=58.9 f1=54.5 (5.5s)| VA (n=8350) l=2.5281 a=33.0, f1=17.8 (0.3s) | TE (n=8966) l=3.1574 a=28.5, f1=10.4 (0.3s)
2026-05-03 22:46:23 [INFO ] [e6/200 s1811] TR (n=72630) l=1.1862 a=60.4 f1=55.9 (5.5s)| VA (n=8350) l=1.0444 a=55.5, f1=54.0 (0.3s) | TE (n=8966) l=1.1622 a=49.7, f1=48.0 (0.3s)
2026-05-03 22:46:29 [INFO ] [e7/200 s2113] TR (n=72608) l=1.1187 a=63.2 f1=60.0 (5.5s)| VA (n=8350) l=0.8309 a=71.1, f1=67.6 (0.3s) | TE (n=8966) l=0.9151 a=68.0, f1=65.2 (0.3s)
2026-05-03 22:46:29 [INFO ] Saved best checkpoint to out_isruc_gru_se/train/3/best_ckpt/best_model.ckpt
2026-05-03 22:46:36 [INFO ] [e8/200 s2413] TR (n=72636) l=1.0998 a=65.0 f1=62.0 (5.4s)| VA (n=8350) l=1.0722 a=60.3, f1=58.7 (0.3s) | TE (n=8966) l=1.0408 a=61.1, f1=59.4 (0.3s)
2026-05-03 22:46:43 [INFO ] [e9/200 s2711] TR (n=72623) l=1.0310 a=66.3 f1=63.5 (5.4s)| VA (n=8350) l=1.4974 a=52.8, f1=45.1 (0.3s) | TE (n=8966) l=1.6383 a=45.5, f1=35.7 (0.3s)
2026-05-03 22:46:49 [INFO ] [e10/200 s3014] TR (n=72629) l=1.0609 a=66.8 f1=64.0 (5.5s)| VA (n=8350) l=1.1108 a=57.5, f1=56.1 (0.3s) | TE (n=8966) l=1.2997 a=55.4, f1=54.4 (0.3s)
2026-05-03 22:46:56 [INFO ] [e11/200 s3315] TR (n=72621) l=1.0444 a=67.5 f1=64.8 (5.5s)| VA (n=8350) l=0.8587 a=69.1, f1=65.3 (0.3s) | TE (n=8966) l=0.8529 a=69.5, f1=64.9 (0.3s)
2026-05-03 22:47:03 [INFO ] [e12/200 s3615] TR (n=72620) l=0.9623 a=69.9 f1=67.4 (5.4s)| VA (n=8350) l=0.7003 a=76.8, f1=74.1 (0.3s) | TE (n=8966) l=0.7822 a=71.9, f1=69.7 (0.3s)
2026-05-03 22:47:03 [INFO ] Saved best checkpoint to out_isruc_gru_se/train/3/best_ckpt/best_model.ckpt
2026-05-03 22:47:09 [INFO ] [e13/200 s3918] TR (n=72638) l=0.9763 a=69.9 f1=67.4 (5.5s)| VA (n=8350) l=1.0358 a=64.1, f1=61.8 (0.3s) | TE (n=8966) l=0.8514 a=71.3, f1=69.5 (0.3s)
2026-05-03 22:47:16 [INFO ] [e14/200 s4219] TR (n=72621) l=0.9499 a=70.9 f1=68.4 (5.4s)| VA (n=8350) l=0.8806 a=68.7, f1=64.7 (0.3s) | TE (n=8966) l=1.0820 a=64.7, f1=62.4 (0.3s)
2026-05-03 22:47:23 [INFO ] [e15/200 s4522] TR (n=72638) l=0.9656 a=70.5 f1=68.1 (5.5s)| VA (n=8350) l=0.7928 a=72.2, f1=70.1 (0.3s) | TE (n=8966) l=0.8359 a=70.0, f1=68.6 (0.3s)
2026-05-03 22:47:30 [INFO ] [e16/200 s4825] TR (n=72617) l=0.9439 a=70.8 f1=68.3 (5.5s)| VA (n=8350) l=0.7439 a=74.8, f1=71.8 (0.3s) | TE (n=8966) l=0.7129 a=76.3, f1=73.6 (0.3s)
2026-05-03 22:47:36 [INFO ] [e17/200 s5128] TR (n=72625) l=0.9437 a=70.9 f1=68.3 (5.4s)| VA (n=8350) l=1.0245 a=70.5, f1=64.0 (0.3s) | TE (n=8966) l=0.8828 a=70.4, f1=64.3 (0.3s)
2026-05-03 22:47:43 [INFO ] [e18/200 s5430] TR (n=72605) l=0.9028 a=71.7 f1=69.1 (5.5s)| VA (n=8350) l=0.6523 a=78.0, f1=74.9 (0.3s) | TE (n=8966) l=0.7390 a=74.4, f1=71.7 (0.3s)
2026-05-03 22:47:43 [INFO ] Saved best checkpoint to out_isruc_gru_se/train/3/best_ckpt/best_model.ckpt
2026-05-03 22:47:50 [INFO ] [e19/200 s5731] TR (n=72636) l=0.9114 a=72.0 f1=69.5 (5.4s)| VA (n=8350) l=1.1576 a=59.1, f1=56.0 (0.3s) | TE (n=8966) l=1.0274 a=66.3, f1=65.3 (0.3s)
2026-05-03 22:47:56 [INFO ] [e20/200 s6032] TR (n=72618) l=0.8755 a=72.3 f1=69.8 (5.5s)| VA (n=8350) l=0.8128 a=74.8, f1=69.8 (0.3s) | TE (n=8966) l=0.7454 a=76.5, f1=71.7 (0.3s)
2026-05-03 22:48:03 [INFO ] [e21/200 s6335] TR (n=72611) l=0.8989 a=72.5 f1=70.1 (5.5s)| VA (n=8350) l=0.8513 a=68.6, f1=66.5 (0.3s) | TE (n=8966) l=0.9414 a=67.9, f1=67.3 (0.3s)
2026-05-03 22:48:10 [INFO ] [e22/200 s6636] TR (n=72604) l=0.8410 a=73.7 f1=71.2 (5.5s)| VA (n=8350) l=1.4027 a=49.7, f1=46.9 (0.3s) | TE (n=8966) l=1.2432 a=59.6, f1=59.4 (0.3s)
2026-05-03 22:48:17 [INFO ] [e23/200 s6939] TR (n=72626) l=0.8521 a=73.2 f1=70.7 (5.5s)| VA (n=8350) l=0.8964 a=72.6, f1=66.0 (0.3s) | TE (n=8966) l=1.2290 a=64.8, f1=58.9 (0.3s)
2026-05-03 22:48:23 [INFO ] [e24/200 s7242] TR (n=72631) l=0.9468 a=72.3 f1=69.8 (5.6s)| VA (n=8350) l=0.7629 a=73.0, f1=71.8 (0.3s) | TE (n=8966) l=0.7960 a=72.2, f1=71.4 (0.3s)
2026-05-03 22:48:30 [INFO ] [e25/200 s7544] TR (n=72652) l=0.8248 a=73.8 f1=71.5 (5.5s)| VA (n=8350) l=0.6844 a=75.3, f1=73.4 (0.3s) | TE (n=8966) l=0.7844 a=73.0, f1=72.5 (0.3s)
2026-05-03 22:48:37 [INFO ] [e26/200 s7846] TR (n=72624) l=0.8404 a=73.5 f1=71.2 (5.4s)| VA (n=8350) l=1.1757 a=57.0, f1=55.3 (0.3s) | TE (n=8966) l=1.2158 a=62.4, f1=62.1 (0.3s)
2026-05-03 22:48:43 [INFO ] [e27/200 s8149] TR (n=72634) l=0.8290 a=74.3 f1=71.9 (5.5s)| VA (n=8350) l=1.1252 a=62.1, f1=60.9 (0.3s) | TE (n=8966) l=1.1396 a=62.7, f1=63.4 (0.3s)
2026-05-03 22:48:50 [INFO ] [e28/200 s8451] TR (n=72613) l=0.8298 a=74.0 f1=71.6 (5.5s)| VA (n=8350) l=1.1062 a=70.0, f1=63.8 (0.3s) | TE (n=8966) l=0.8052 a=74.2, f1=68.4 (0.3s)
2026-05-03 22:48:57 [INFO ] [e29/200 s8754] TR (n=72617) l=0.7955 a=74.6 f1=72.3 (5.5s)| VA (n=8350) l=0.8118 a=71.4, f1=68.4 (0.3s) | TE (n=8966) l=1.2812 a=61.2, f1=59.5 (0.3s)
2026-05-03 22:49:04 [INFO ] [e30/200 s9055] TR (n=72618) l=0.7999 a=75.5 f1=73.2 (5.6s)| VA (n=8350) l=0.7691 a=72.6, f1=70.1 (0.3s) | TE (n=8966) l=0.7902 a=75.4, f1=73.8 (0.3s)
2026-05-03 22:49:10 [INFO ] [e31/200 s9356] TR (n=72644) l=0.8333 a=75.1 f1=72.8 (5.5s)| VA (n=8350) l=0.8733 a=66.6, f1=65.0 (0.3s) | TE (n=8966) l=0.8160 a=68.4, f1=66.6 (0.3s)
2026-05-03 22:49:17 [INFO ] [e32/200 s9657] TR (n=72645) l=0.7919 a=75.0 f1=72.9 (5.4s)| VA (n=8350) l=0.7561 a=73.4, f1=70.3 (0.3s) | TE (n=8966) l=0.8093 a=75.5, f1=72.7 (0.3s)
2026-05-03 22:49:24 [INFO ] [e33/200 s9957] TR (n=72618) l=0.7980 a=75.5 f1=73.3 (5.4s)| VA (n=8350) l=0.7833 a=70.5, f1=68.2 (0.3s) | TE (n=8966) l=1.0251 a=64.2, f1=61.8 (0.3s)
2026-05-03 22:49:30 [INFO ] [e34/200 s10259] TR (n=72625) l=0.8301 a=75.1 f1=73.0 (5.5s)| VA (n=8350) l=0.9057 a=71.7, f1=68.3 (0.3s) | TE (n=8966) l=0.6959 a=77.1, f1=74.8 (0.3s)
2026-05-03 22:49:37 [INFO ] [e35/200 s10563] TR (n=72636) l=0.7891 a=75.9 f1=73.6 (5.5s)| VA (n=8350) l=0.6342 a=79.1, f1=76.3 (0.3s) | TE (n=8966) l=0.9507 a=70.7, f1=68.2 (0.3s)
2026-05-03 22:49:37 [INFO ] Saved best checkpoint to out_isruc_gru_se/train/3/best_ckpt/best_model.ckpt
2026-05-03 22:49:44 [INFO ] [e36/200 s10867] TR (n=72639) l=0.7410 a=76.1 f1=73.9 (5.5s)| VA (n=8350) l=0.8966 a=67.0, f1=65.6 (0.3s) | TE (n=8966) l=0.7743 a=72.8, f1=71.5 (0.3s)
2026-05-03 22:49:51 [INFO ] [e37/200 s11169] TR (n=72609) l=0.7477 a=77.1 f1=75.2 (5.5s)| VA (n=8350) l=1.0441 a=65.8, f1=60.9 (0.3s) | TE (n=8966) l=0.7908 a=73.7, f1=70.3 (0.3s)
2026-05-03 22:49:57 [INFO ] [e38/200 s11473] TR (n=72629) l=0.7420 a=76.6 f1=74.5 (5.5s)| VA (n=8350) l=0.6870 a=76.1, f1=73.4 (0.3s) | TE (n=8966) l=0.7853 a=77.3, f1=75.5 (0.3s)
2026-05-03 22:50:04 [INFO ] [e39/200 s11773] TR (n=72634) l=0.7590 a=76.3 f1=74.3 (5.4s)| VA (n=8350) l=0.8049 a=70.3, f1=69.2 (0.3s) | TE (n=8966) l=0.6936 a=76.3, f1=75.2 (0.3s)
2026-05-03 22:50:11 [INFO ] [e40/200 s12076] TR (n=72622) l=0.7247 a=77.2 f1=75.2 (5.5s)| VA (n=8350) l=0.9900 a=66.2, f1=63.0 (0.3s) | TE (n=8966) l=0.7751 a=74.7, f1=72.7 (0.3s)
2026-05-03 22:50:18 [INFO ] [e41/200 s12377] TR (n=72646) l=0.7366 a=77.4 f1=75.3 (5.5s)| VA (n=8350) l=0.6401 a=78.2, f1=76.5 (0.3s) | TE (n=8966) l=0.6526 a=78.8, f1=77.4 (0.3s)
2026-05-03 22:50:24 [INFO ] [e42/200 s12679] TR (n=72631) l=0.7404 a=76.9 f1=74.9 (5.5s)| VA (n=8350) l=0.6246 a=78.3, f1=75.7 (0.3s) | TE (n=8966) l=0.7584 a=77.4, f1=75.4 (0.3s)
2026-05-03 22:50:31 [INFO ] [e43/200 s12979] TR (n=72639) l=0.7185 a=77.1 f1=75.0 (5.4s)| VA (n=8350) l=0.7981 a=72.6, f1=70.5 (0.3s) | TE (n=8966) l=0.9184 a=70.9, f1=68.5 (0.3s)
2026-05-03 22:50:38 [INFO ] [e44/200 s13281] TR (n=72623) l=0.7096 a=77.5 f1=75.5 (5.5s)| VA (n=8350) l=0.8177 a=70.5, f1=67.3 (0.3s) | TE (n=8966) l=0.7026 a=75.8, f1=73.2 (0.3s)
2026-05-03 22:50:44 [INFO ] [e45/200 s13581] TR (n=72608) l=0.7023 a=77.9 f1=76.1 (5.5s)| VA (n=8350) l=0.6695 a=75.9, f1=74.3 (0.3s) | TE (n=8966) l=0.7079 a=78.3, f1=77.0 (0.3s)
2026-05-03 22:50:51 [INFO ] [e46/200 s13879] TR (n=72624) l=0.7114 a=77.8 f1=75.7 (5.5s)| VA (n=8350) l=0.6151 a=77.7, f1=75.4 (0.3s) | TE (n=8966) l=0.6379 a=78.7, f1=77.3 (0.3s)
2026-05-03 22:50:58 [INFO ] [e47/200 s14182] TR (n=72636) l=0.7189 a=78.3 f1=76.5 (5.5s)| VA (n=8350) l=0.9563 a=66.0, f1=64.7 (0.3s) | TE (n=8966) l=0.8325 a=71.1, f1=71.0 (0.3s)
2026-05-03 22:51:04 [INFO ] [e48/200 s14484] TR (n=72634) l=0.7254 a=77.3 f1=75.5 (5.5s)| VA (n=8350) l=0.6091 a=78.4, f1=75.6 (0.3s) | TE (n=8966) l=0.6407 a=80.5, f1=78.9 (0.3s)
2026-05-03 22:51:11 [INFO ] [e49/200 s14785] TR (n=72659) l=0.6814 a=78.6 f1=76.7 (5.5s)| VA (n=8350) l=0.6304 a=78.9, f1=75.0 (0.3s) | TE (n=8966) l=0.8556 a=73.2, f1=69.2 (0.3s)
2026-05-03 22:51:18 [INFO ] [e50/200 s15086] TR (n=72619) l=0.6957 a=78.1 f1=76.1 (5.5s)| VA (n=8350) l=0.7181 a=74.2, f1=72.7 (0.3s) | TE (n=8966) l=0.8379 a=73.2, f1=72.2 (0.3s)
2026-05-03 22:51:18 [INFO ] >> Confusion Matrix
2026-05-03 22:51:18 [INFO ] [[2310  176   15    1   15]
 [ 203  955   82    1   65]
 [  75  834 1657   26  174]
 [  29   24  328  808  116]
 [  31  198   14    0  829]]
2026-05-03 22:51:24 [INFO ] [e51/200 s15385] TR (n=72629) l=0.6963 a=77.9 f1=76.2 (5.5s)| VA (n=8350) l=0.7974 a=71.0, f1=69.2 (0.3s) | TE (n=8966) l=0.6852 a=77.8, f1=76.6 (0.3s)
2026-05-03 22:51:31 [INFO ] [e52/200 s15687] TR (n=72620) l=0.6642 a=78.8 f1=76.9 (5.6s)| VA (n=8350) l=0.6106 a=77.9, f1=75.7 (0.3s) | TE (n=8966) l=0.7639 a=74.5, f1=72.7 (0.3s)
2026-05-03 22:51:38 [INFO ] [e53/200 s15990] TR (n=72625) l=0.6771 a=78.3 f1=76.4 (5.5s)| VA (n=8350) l=0.5997 a=78.1, f1=75.8 (0.3s) | TE (n=8966) l=0.6797 a=79.1, f1=77.5 (0.3s)
2026-05-03 22:51:45 [INFO ] [e54/200 s16291] TR (n=72620) l=0.6793 a=78.4 f1=76.6 (5.5s)| VA (n=8350) l=0.6360 a=78.2, f1=75.1 (0.3s) | TE (n=8966) l=0.6269 a=80.7, f1=78.8 (0.3s)
2026-05-03 22:51:51 [INFO ] [e55/200 s16594] TR (n=72646) l=0.6735 a=78.6 f1=76.8 (5.5s)| VA (n=8350) l=0.5513 a=80.6, f1=78.5 (0.3s) | TE (n=8966) l=0.6235 a=80.3, f1=79.0 (0.3s)
2026-05-03 22:51:51 [INFO ] Saved best checkpoint to out_isruc_gru_se/train/3/best_ckpt/best_model.ckpt
2026-05-03 22:51:58 [INFO ] [e56/200 s16897] TR (n=72617) l=0.6708 a=79.4 f1=77.6 (5.5s)| VA (n=8350) l=0.6131 a=76.3, f1=74.4 (0.3s) | TE (n=8966) l=0.7551 a=74.6, f1=73.9 (0.3s)
2026-05-03 22:52:05 [INFO ] [e57/200 s17198] TR (n=72612) l=0.6706 a=79.2 f1=77.3 (5.4s)| VA (n=8350) l=0.7127 a=76.1, f1=73.3 (0.3s) | TE (n=8966) l=0.6358 a=79.1, f1=78.4 (0.3s)
2026-05-03 22:52:11 [INFO ] [e58/200 s17500] TR (n=72646) l=0.6718 a=79.1 f1=77.3 (5.5s)| VA (n=8350) l=0.7097 a=74.7, f1=72.8 (0.3s) | TE (n=8966) l=0.6942 a=76.0, f1=75.0 (0.3s)
2026-05-03 22:52:18 [INFO ] [e59/200 s17800] TR (n=72603) l=0.6520 a=79.3 f1=77.4 (5.5s)| VA (n=8350) l=0.6290 a=76.9, f1=74.4 (0.3s) | TE (n=8966) l=0.8057 a=76.5, f1=75.0 (0.3s)
2026-05-03 22:52:25 [INFO ] [e60/200 s18102] TR (n=72620) l=0.6559 a=79.0 f1=77.2 (5.3s)| VA (n=8350) l=0.5675 a=79.4, f1=77.4 (0.3s) | TE (n=8966) l=0.6080 a=80.1, f1=78.6 (0.3s)
2026-05-03 22:52:31 [INFO ] [e61/200 s18403] TR (n=72639) l=0.6422 a=79.8 f1=78.0 (4.8s)| VA (n=8350) l=0.5518 a=81.8, f1=80.0 (0.3s) | TE (n=8966) l=0.6150 a=81.4, f1=80.1 (0.3s)
2026-05-03 22:52:31 [INFO ] Saved best checkpoint to out_isruc_gru_se/train/3/best_ckpt/best_model.ckpt
2026-05-03 22:52:37 [INFO ] [e62/200 s18707] TR (n=72634) l=0.6594 a=79.1 f1=77.3 (5.0s)| VA (n=8350) l=0.8549 a=71.0, f1=68.8 (0.3s) | TE (n=8966) l=0.8227 a=73.7, f1=72.5 (0.3s)
2026-05-03 22:52:43 [INFO ] [e63/200 s19009] TR (n=72623) l=0.6436 a=79.8 f1=78.1 (4.9s)| VA (n=8350) l=0.7560 a=76.0, f1=72.8 (0.3s) | TE (n=8966) l=0.7174 a=78.6, f1=76.3 (0.3s)
2026-05-03 22:52:49 [INFO ] [e64/200 s19307] TR (n=72638) l=0.6291 a=79.9 f1=78.2 (4.7s)| VA (n=8350) l=0.7265 a=75.7, f1=72.2 (0.3s) | TE (n=8966) l=0.6284 a=79.7, f1=78.3 (0.3s)
2026-05-03 22:52:56 [INFO ] [e65/200 s19610] TR (n=72647) l=0.6634 a=79.8 f1=78.1 (5.4s)| VA (n=8350) l=0.6524 a=77.8, f1=75.0 (0.3s) | TE (n=8966) l=0.6092 a=79.9, f1=76.8 (0.3s)
2026-05-03 22:53:02 [INFO ] [e66/200 s19914] TR (n=72613) l=0.6604 a=79.5 f1=77.8 (5.4s)| VA (n=8350) l=0.5625 a=80.1, f1=77.7 (0.3s) | TE (n=8966) l=0.7408 a=77.0, f1=75.5 (0.3s)
2026-05-03 22:53:09 [INFO ] [e67/200 s20217] TR (n=72603) l=0.6082 a=80.3 f1=78.6 (5.1s)| VA (n=8350) l=0.6836 a=76.7, f1=75.0 (0.3s) | TE (n=8966) l=0.6761 a=79.1, f1=77.7 (0.3s)
2026-05-03 22:53:15 [INFO ] [e68/200 s20516] TR (n=72626) l=0.6427 a=79.9 f1=78.1 (5.4s)| VA (n=8350) l=0.7752 a=74.4, f1=73.2 (0.3s) | TE (n=8966) l=0.7604 a=74.9, f1=74.2 (0.3s)
2026-05-03 22:53:22 [INFO ] [e69/200 s20815] TR (n=72608) l=0.6305 a=79.6 f1=77.9 (5.4s)| VA (n=8350) l=0.6187 a=78.9, f1=76.8 (0.3s) | TE (n=8966) l=0.6066 a=81.2, f1=79.5 (0.3s)
2026-05-03 22:53:28 [INFO ] [e70/200 s21117] TR (n=72627) l=0.6537 a=80.0 f1=78.4 (5.3s)| VA (n=8350) l=0.6777 a=75.4, f1=72.8 (0.3s) | TE (n=8966) l=0.7647 a=76.4, f1=74.9 (0.3s)
2026-05-03 22:53:35 [INFO ] [e71/200 s21417] TR (n=72615) l=0.6365 a=80.2 f1=78.3 (5.4s)| VA (n=8350) l=0.7509 a=73.0, f1=70.7 (0.3s) | TE (n=8966) l=0.7053 a=78.2, f1=77.0 (0.3s)
2026-05-03 22:53:42 [INFO ] [e72/200 s21718] TR (n=72615) l=0.6344 a=80.4 f1=78.7 (5.5s)| VA (n=8350) l=0.5344 a=82.0, f1=79.4 (0.3s) | TE (n=8966) l=0.6239 a=81.3, f1=79.4 (0.3s)
2026-05-03 22:53:49 [INFO ] [e73/200 s22022] TR (n=72639) l=0.6305 a=79.8 f1=78.0 (5.5s)| VA (n=8350) l=0.5819 a=81.1, f1=78.4 (0.3s) | TE (n=8966) l=0.5791 a=83.0, f1=81.4 (0.3s)
2026-05-03 22:53:55 [INFO ] [e74/200 s22325] TR (n=72654) l=0.6323 a=80.2 f1=78.6 (5.6s)| VA (n=8350) l=0.7001 a=77.8, f1=74.5 (0.3s) | TE (n=8966) l=0.6020 a=80.4, f1=78.6 (0.3s)
2026-05-03 22:54:02 [INFO ] [e75/200 s22625] TR (n=72652) l=0.6257 a=80.2 f1=78.5 (5.5s)| VA (n=8350) l=0.8690 a=69.4, f1=68.4 (0.3s) | TE (n=8966) l=0.8611 a=70.9, f1=70.6 (0.3s)
2026-05-03 22:54:09 [INFO ] [e76/200 s22925] TR (n=72607) l=0.6332 a=80.2 f1=78.5 (5.1s)| VA (n=8350) l=0.5643 a=81.4, f1=79.3 (0.3s) | TE (n=8966) l=0.5525 a=83.0, f1=81.3 (0.3s)
2026-05-03 22:54:15 [INFO ] [e77/200 s23225] TR (n=72633) l=0.6289 a=80.4 f1=78.8 (5.4s)| VA (n=8350) l=0.6033 a=80.2, f1=78.0 (0.3s) | TE (n=8966) l=0.6067 a=81.1, f1=79.6 (0.3s)
2026-05-03 22:54:22 [INFO ] [e78/200 s23526] TR (n=72629) l=0.6119 a=80.7 f1=79.0 (5.4s)| VA (n=8350) l=0.6201 a=78.9, f1=76.5 (0.3s) | TE (n=8966) l=0.7449 a=77.9, f1=76.1 (0.3s)
2026-05-03 22:54:28 [INFO ] [e79/200 s23827] TR (n=72628) l=0.6222 a=80.6 f1=79.0 (5.5s)| VA (n=8350) l=0.7207 a=77.4, f1=73.3 (0.3s) | TE (n=8966) l=0.5757 a=82.0, f1=80.1 (0.3s)
2026-05-03 22:54:35 [INFO ] [e80/200 s24130] TR (n=72634) l=0.6349 a=80.1 f1=78.4 (5.5s)| VA (n=8350) l=0.5276 a=82.0, f1=80.2 (0.3s) | TE (n=8966) l=0.6780 a=78.8, f1=77.8 (0.3s)
2026-05-03 22:54:35 [INFO ] Saved best checkpoint to out_isruc_gru_se/train/3/best_ckpt/best_model.ckpt
2026-05-03 22:54:42 [INFO ] [e81/200 s24431] TR (n=72642) l=0.6000 a=80.6 f1=78.9 (5.4s)| VA (n=8350) l=0.7254 a=74.9, f1=73.6 (0.3s) | TE (n=8966) l=0.7683 a=76.8, f1=75.7 (0.3s)
2026-05-03 22:54:49 [INFO ] [e82/200 s24732] TR (n=72620) l=0.6264 a=80.6 f1=79.0 (5.4s)| VA (n=8350) l=0.6923 a=74.3, f1=72.8 (0.3s) | TE (n=8966) l=0.7372 a=76.1, f1=75.0 (0.3s)
2026-05-03 22:54:55 [INFO ] [e83/200 s25031] TR (n=72623) l=0.6341 a=80.5 f1=78.9 (5.4s)| VA (n=8350) l=0.7194 a=75.6, f1=74.7 (0.3s) | TE (n=8966) l=0.6209 a=77.2, f1=76.6 (0.3s)
2026-05-03 22:55:02 [INFO ] [e84/200 s25332] TR (n=72623) l=0.6175 a=80.8 f1=79.2 (5.4s)| VA (n=8350) l=0.5938 a=80.4, f1=77.3 (0.3s) | TE (n=8966) l=0.6893 a=79.6, f1=77.8 (0.3s)
2026-05-03 22:55:08 [INFO ] [e85/200 s25635] TR (n=72606) l=0.6106 a=80.6 f1=78.9 (5.5s)| VA (n=8350) l=0.8813 a=70.9, f1=69.4 (0.3s) | TE (n=8966) l=0.7471 a=74.6, f1=72.6 (0.3s)
2026-05-03 22:55:15 [INFO ] [e86/200 s25938] TR (n=72621) l=0.6038 a=80.5 f1=78.9 (5.5s)| VA (n=8350) l=0.5361 a=83.1, f1=80.5 (0.3s) | TE (n=8966) l=0.6057 a=81.6, f1=79.6 (0.3s)
2026-05-03 22:55:15 [INFO ] Saved best checkpoint to out_isruc_gru_se/train/3/best_ckpt/best_model.ckpt
2026-05-03 22:55:22 [INFO ] [e87/200 s26240] TR (n=72636) l=0.5949 a=81.0 f1=79.4 (5.5s)| VA (n=8350) l=1.0670 a=66.1, f1=63.5 (0.3s) | TE (n=8966) l=0.8890 a=71.4, f1=67.9 (0.3s)
2026-05-03 22:55:29 [INFO ] [e88/200 s26542] TR (n=72639) l=0.6200 a=80.8 f1=79.3 (5.5s)| VA (n=8350) l=0.6114 a=79.0, f1=75.7 (0.3s) | TE (n=8966) l=0.6517 a=79.9, f1=78.5 (0.3s)
2026-05-03 22:55:35 [INFO ] [e89/200 s26845] TR (n=72626) l=0.5751 a=80.9 f1=79.2 (5.5s)| VA (n=8350) l=0.6267 a=79.2, f1=77.4 (0.3s) | TE (n=8966) l=0.6214 a=79.0, f1=77.9 (0.3s)
2026-05-03 22:55:42 [INFO ] [e90/200 s27148] TR (n=72624) l=0.5952 a=80.8 f1=79.2 (5.5s)| VA (n=8350) l=0.6048 a=80.0, f1=77.9 (0.3s) | TE (n=8966) l=0.5837 a=81.9, f1=80.5 (0.3s)
2026-05-03 22:55:49 [INFO ] [e91/200 s27448] TR (n=72610) l=0.6224 a=80.8 f1=79.2 (5.4s)| VA (n=8350) l=0.5552 a=79.6, f1=78.3 (0.3s) | TE (n=8966) l=0.5872 a=81.1, f1=80.1 (0.3s)
2026-05-03 22:55:55 [INFO ] [e92/200 s27751] TR (n=72630) l=0.5825 a=80.9 f1=79.3 (5.5s)| VA (n=8350) l=0.7524 a=76.8, f1=73.4 (0.3s) | TE (n=8966) l=0.6473 a=81.0, f1=78.8 (0.3s)
2026-05-03 22:56:02 [INFO ] [e93/200 s28053] TR (n=72628) l=0.6071 a=81.1 f1=79.5 (5.4s)| VA (n=8350) l=0.6076 a=81.0, f1=77.3 (0.3s) | TE (n=8966) l=0.6142 a=81.0, f1=78.9 (0.3s)
2026-05-03 22:56:09 [INFO ] [e94/200 s28356] TR (n=72647) l=0.5802 a=81.2 f1=79.6 (5.5s)| VA (n=8350) l=0.6352 a=78.1, f1=76.0 (0.3s) | TE (n=8966) l=0.5467 a=81.7, f1=80.6 (0.3s)
2026-05-03 22:56:15 [INFO ] [e95/200 s28652] TR (n=72633) l=0.5693 a=81.2 f1=79.7 (5.4s)| VA (n=8350) l=0.7198 a=75.6, f1=73.8 (0.3s) | TE (n=8966) l=0.6439 a=80.4, f1=78.4 (0.3s)
2026-05-03 22:56:22 [INFO ] [e96/200 s28956] TR (n=72641) l=0.6117 a=80.4 f1=78.7 (5.5s)| VA (n=8350) l=0.5523 a=80.8, f1=79.3 (0.3s) | TE (n=8966) l=0.6713 a=79.1, f1=78.0 (0.3s)
2026-05-03 22:56:29 [INFO ] [e97/200 s29254] TR (n=72629) l=0.5949 a=81.1 f1=79.6 (5.4s)| VA (n=8350) l=0.5405 a=80.7, f1=78.9 (0.3s) | TE (n=8966) l=0.6050 a=81.3, f1=79.8 (0.3s)
2026-05-03 22:56:35 [INFO ] [e98/200 s29555] TR (n=72621) l=0.5749 a=81.6 f1=80.1 (5.3s)| VA (n=8350) l=0.7197 a=77.0, f1=73.6 (0.3s) | TE (n=8966) l=0.6525 a=81.2, f1=79.1 (0.3s)
2026-05-03 22:56:42 [INFO ] [e99/200 s29855] TR (n=72632) l=0.5870 a=81.3 f1=79.7 (5.4s)| VA (n=8350) l=0.5284 a=82.1, f1=80.4 (0.3s) | TE (n=8966) l=0.6131 a=81.4, f1=80.0 (0.3s)
2026-05-03 22:56:49 [INFO ] [e100/200 s30159] TR (n=72637) l=0.5715 a=81.9 f1=80.2 (5.5s)| VA (n=8350) l=0.5474 a=80.9, f1=78.7 (0.3s) | TE (n=8966) l=0.6371 a=80.7, f1=78.8 (0.3s)
2026-05-03 22:56:49 [INFO ] >> Confusion Matrix
2026-05-03 22:56:49 [INFO ] [[2396   76   37    1    7]
 [ 267  708  251    0   80]
 [  81  263 2278   28  116]
 [  24    6  292  982    1]
 [  22  118   57    0  875]]
2026-05-03 22:56:55 [INFO ] [e101/200 s30458] TR (n=72632) l=0.5849 a=81.4 f1=79.8 (5.5s)| VA (n=8350) l=0.5277 a=80.7, f1=78.8 (0.3s) | TE (n=8966) l=0.6433 a=80.4, f1=79.3 (0.3s)
2026-05-03 22:57:02 [INFO ] [e102/200 s30761] TR (n=72603) l=0.5789 a=81.4 f1=79.9 (5.5s)| VA (n=8350) l=0.7065 a=73.7, f1=72.7 (0.3s) | TE (n=8966) l=0.7626 a=73.1, f1=72.4 (0.3s)
2026-05-03 22:57:09 [INFO ] [e103/200 s31063] TR (n=72619) l=0.5742 a=81.0 f1=79.6 (5.4s)| VA (n=8350) l=0.5469 a=81.6, f1=79.6 (0.3s) | TE (n=8966) l=0.5787 a=82.2, f1=80.3 (0.3s)
2026-05-03 22:57:15 [INFO ] [e104/200 s31366] TR (n=72643) l=0.5760 a=81.6 f1=80.0 (5.5s)| VA (n=8350) l=0.7251 a=76.3, f1=74.1 (0.3s) | TE (n=8966) l=0.6128 a=80.7, f1=78.8 (0.3s)
2026-05-03 22:57:22 [INFO ] [e105/200 s31670] TR (n=72630) l=0.5909 a=81.5 f1=80.0 (5.5s)| VA (n=8350) l=0.5928 a=80.2, f1=78.3 (0.3s) | TE (n=8966) l=0.5945 a=81.0, f1=79.6 (0.3s)
2026-05-03 22:57:29 [INFO ] [e106/200 s31968] TR (n=72632) l=0.5721 a=81.0 f1=79.5 (5.4s)| VA (n=8350) l=0.5521 a=81.4, f1=79.5 (0.3s) | TE (n=8966) l=0.7522 a=76.6, f1=75.6 (0.3s)
2026-05-03 22:57:36 [INFO ] [e107/200 s32267] TR (n=72618) l=0.5692 a=81.6 f1=80.1 (5.4s)| VA (n=8350) l=0.7938 a=74.3, f1=70.6 (0.3s) | TE (n=8966) l=0.9138 a=72.5, f1=70.6 (0.3s)
2026-05-03 22:57:42 [INFO ] [e108/200 s32569] TR (n=72625) l=0.5738 a=81.7 f1=80.0 (5.5s)| VA (n=8350) l=0.7743 a=76.4, f1=73.0 (0.3s) | TE (n=8966) l=0.6040 a=81.2, f1=78.9 (0.3s)
2026-05-03 22:57:49 [INFO ] [e109/200 s32869] TR (n=72641) l=0.6029 a=81.2 f1=79.7 (5.5s)| VA (n=8350) l=0.5380 a=80.9, f1=79.3 (0.3s) | TE (n=8966) l=0.6820 a=79.3, f1=78.2 (0.3s)
2026-05-03 22:57:56 [INFO ] [e110/200 s33171] TR (n=72618) l=0.5667 a=81.8 f1=80.2 (5.5s)| VA (n=8350) l=0.5770 a=81.6, f1=78.3 (0.3s) | TE (n=8966) l=0.6517 a=81.9, f1=80.2 (0.3s)
2026-05-03 22:58:02 [INFO ] [e111/200 s33475] TR (n=72643) l=0.5628 a=82.0 f1=80.5 (5.5s)| VA (n=8350) l=0.6643 a=78.7, f1=76.7 (0.3s) | TE (n=8966) l=0.5862 a=81.2, f1=80.0 (0.3s)
2026-05-03 22:58:09 [INFO ] [e112/200 s33776] TR (n=72621) l=0.5794 a=81.8 f1=80.3 (5.4s)| VA (n=8350) l=0.7251 a=74.4, f1=72.3 (0.3s) | TE (n=8966) l=1.1592 a=67.0, f1=65.0 (0.3s)
2026-05-03 22:58:16 [INFO ] [e113/200 s34076] TR (n=72615) l=0.5497 a=81.9 f1=80.4 (5.5s)| VA (n=8350) l=0.6691 a=75.9, f1=73.9 (0.3s) | TE (n=8966) l=0.6796 a=78.8, f1=77.3 (0.3s)
2026-05-03 22:58:23 [INFO ] [e114/200 s34376] TR (n=72617) l=0.5745 a=81.9 f1=80.5 (5.5s)| VA (n=8350) l=0.6954 a=76.5, f1=75.1 (0.3s) | TE (n=8966) l=0.7269 a=77.7, f1=76.6 (0.3s)
2026-05-03 22:58:29 [INFO ] [e115/200 s34672] TR (n=72642) l=0.5800 a=81.5 f1=79.9 (5.4s)| VA (n=8350) l=0.5931 a=79.5, f1=77.6 (0.3s) | TE (n=8966) l=0.5895 a=81.7, f1=80.0 (0.3s)
2026-05-03 22:58:36 [INFO ] [e116/200 s34976] TR (n=72628) l=0.5752 a=81.6 f1=80.2 (5.5s)| VA (n=8350) l=0.6356 a=79.7, f1=76.8 (0.3s) | TE (n=8966) l=0.7556 a=76.9, f1=75.2 (0.3s)
2026-05-03 22:58:43 [INFO ] [e117/200 s35277] TR (n=72637) l=0.5807 a=81.6 f1=80.1 (5.5s)| VA (n=8350) l=0.5749 a=80.7, f1=77.7 (0.3s) | TE (n=8966) l=0.5640 a=82.4, f1=80.7 (0.3s)
2026-05-03 22:58:49 [INFO ] [e118/200 s35580] TR (n=72632) l=0.5506 a=82.1 f1=80.6 (5.5s)| VA (n=8350) l=0.6499 a=76.2, f1=74.9 (0.3s) | TE (n=8966) l=0.6463 a=78.5, f1=77.3 (0.3s)
2026-05-03 22:58:56 [INFO ] [e119/200 s35881] TR (n=72617) l=0.5697 a=81.8 f1=80.4 (5.5s)| VA (n=8350) l=0.6168 a=77.6, f1=75.7 (0.3s) | TE (n=8966) l=0.5847 a=82.2, f1=80.7 (0.3s)
2026-05-03 22:59:03 [INFO ] [e120/200 s36178] TR (n=72631) l=0.5562 a=82.2 f1=80.7 (5.4s)| VA (n=8350) l=0.5873 a=78.9, f1=76.8 (0.3s) | TE (n=8966) l=0.6717 a=79.1, f1=77.9 (0.3s)
2026-05-03 22:59:09 [INFO ] [e121/200 s36482] TR (n=72621) l=0.5751 a=82.0 f1=80.5 (5.5s)| VA (n=8350) l=0.5760 a=80.1, f1=78.2 (0.3s) | TE (n=8966) l=0.6603 a=78.5, f1=78.0 (0.3s)
2026-05-03 22:59:16 [INFO ] [e122/200 s36783] TR (n=72618) l=0.5727 a=81.9 f1=80.5 (5.5s)| VA (n=8350) l=0.6104 a=80.8, f1=78.3 (0.3s) | TE (n=8966) l=0.5607 a=82.4, f1=81.5 (0.3s)
2026-05-03 22:59:23 [INFO ] [e123/200 s37087] TR (n=72613) l=0.5554 a=82.0 f1=80.6 (5.6s)| VA (n=8350) l=0.6259 a=78.6, f1=75.7 (0.3s) | TE (n=8966) l=0.7748 a=75.5, f1=73.8 (0.3s)
2026-05-03 22:59:30 [INFO ] [e124/200 s37388] TR (n=72645) l=0.5617 a=82.5 f1=80.9 (5.5s)| VA (n=8350) l=0.5465 a=82.2, f1=80.6 (0.3s) | TE (n=8966) l=0.5751 a=82.0, f1=81.0 (0.3s)
2026-05-03 22:59:36 [INFO ] [e125/200 s37689] TR (n=72639) l=0.5389 a=82.1 f1=80.7 (5.3s)| VA (n=8350) l=0.5637 a=80.2, f1=78.8 (0.3s) | TE (n=8966) l=0.6776 a=78.5, f1=77.2 (0.3s)
2026-05-03 22:59:43 [INFO ] [e126/200 s37991] TR (n=72630) l=0.5585 a=82.1 f1=80.7 (5.5s)| VA (n=8350) l=0.5329 a=82.5, f1=80.8 (0.3s) | TE (n=8966) l=0.6048 a=80.6, f1=79.5 (0.3s)
2026-05-03 22:59:50 [INFO ] [e127/200 s38292] TR (n=72630) l=0.5658 a=82.2 f1=80.8 (5.4s)| VA (n=8350) l=0.5517 a=80.3, f1=79.0 (0.3s) | TE (n=8966) l=0.6343 a=79.5, f1=78.8 (0.3s)
2026-05-03 22:59:56 [INFO ] [e128/200 s38591] TR (n=72646) l=0.5503 a=82.5 f1=81.1 (5.4s)| VA (n=8350) l=0.5543 a=81.5, f1=79.2 (0.3s) | TE (n=8966) l=0.6223 a=81.8, f1=80.2 (0.3s)
2026-05-03 23:00:03 [INFO ] [e129/200 s38890] TR (n=72650) l=0.5504 a=82.3 f1=80.9 (5.4s)| VA (n=8350) l=0.5941 a=79.8, f1=78.4 (0.3s) | TE (n=8966) l=0.6147 a=80.9, f1=79.8 (0.3s)
2026-05-03 23:00:09 [INFO ] [e130/200 s39193] TR (n=72630) l=0.5646 a=82.3 f1=80.9 (5.5s)| VA (n=8350) l=0.6401 a=78.3, f1=76.7 (0.3s) | TE (n=8966) l=0.6421 a=79.8, f1=78.5 (0.3s)
2026-05-03 23:00:16 [INFO ] [e131/200 s39494] TR (n=72630) l=0.5315 a=82.4 f1=81.2 (5.4s)| VA (n=8350) l=0.5394 a=82.2, f1=79.7 (0.3s) | TE (n=8966) l=0.5922 a=82.9, f1=80.9 (0.3s)
2026-05-03 23:00:23 [INFO ] [e132/200 s39796] TR (n=72618) l=0.5602 a=82.5 f1=81.1 (5.4s)| VA (n=8350) l=0.6197 a=79.2, f1=77.8 (0.3s) | TE (n=8966) l=0.6337 a=79.8, f1=78.9 (0.3s)
2026-05-03 23:00:29 [INFO ] [e133/200 s40097] TR (n=72630) l=0.5550 a=82.2 f1=80.8 (5.5s)| VA (n=8350) l=0.6172 a=78.3, f1=76.4 (0.3s) | TE (n=8966) l=0.7282 a=76.7, f1=75.5 (0.3s)
2026-05-03 23:00:36 [INFO ] [e134/200 s40401] TR (n=72634) l=0.5432 a=82.5 f1=81.2 (5.5s)| VA (n=8350) l=0.6423 a=76.0, f1=74.9 (0.3s) | TE (n=8966) l=0.6999 a=76.4, f1=76.3 (0.3s)
2026-05-03 23:00:43 [INFO ] [e135/200 s40700] TR (n=72632) l=0.5320 a=82.7 f1=81.3 (5.4s)| VA (n=8350) l=0.5120 a=83.1, f1=81.8 (0.3s) | TE (n=8966) l=0.6141 a=81.0, f1=80.4 (0.3s)
2026-05-03 23:00:49 [INFO ] [e136/200 s41001] TR (n=72639) l=0.5501 a=82.5 f1=81.1 (5.4s)| VA (n=8350) l=0.5517 a=81.4, f1=79.7 (0.3s) | TE (n=8966) l=0.6899 a=78.0, f1=76.5 (0.3s)
2026-05-03 23:00:56 [INFO ] [e137/200 s41303] TR (n=72636) l=0.5533 a=82.3 f1=81.0 (5.5s)| VA (n=8350) l=0.6940 a=75.1, f1=74.1 (0.3s) | TE (n=8966) l=0.6299 a=79.5, f1=78.5 (0.3s)
2026-05-03 23:00:56 [INFO ] *** Early-stopping ***
2026-05-03 23:00:56 [INFO ] Load generated SIDs from isruc.txt
2026-05-03 23:00:56 [INFO ] SIDs (100): [  1   2   3   4   5   6   7   8   9  10  11  12  13  14  15  16  17  18
  19  20  21  22  23  24  25  26  27  28  29  30  31  32  33  34  35  36
  37  38  39  40  41  42  43  44  45  46  47  48  49  50  51  52  53  54
  55  56  57  58  59  60  61  62  63  64  65  66  67  68  69  70  71  72
  73  74  75  76  77  78  79  80  81  82  83  84  85  86  87  88  89  90
  91  92  93  94  95  96  97  98  99 100]
2026-05-03 23:00:56 [INFO ] Train SIDs: (81) [  1   2   3   4   5   6   7   8   9  10  12  13  15  16  17  18  19  20
  22  23  24  25  26  27  28  29  31  32  33  34  35  36  37  39  40  51
  52  53  54  55  56  57  58  59  60  61  62  63  64  65  66  67  68  69
  70  71  72  73  74  75  78  79  80  81  82  83  84  85  86  87  88  89
  90  91  93  94  95  97  98  99 100]
2026-05-03 23:00:56 [INFO ] Valid SIDs: (9) [30 92 11 21 77 14 96 76 38]
2026-05-03 23:00:56 [INFO ] Test SIDs: (10) [41 42 43 44 45 46 47 48 49 50]
2026-05-03 23:00:57 [INFO ] Training set (n_night_sleeps=81)
2026-05-03 23:00:57 [INFO ] (880, 3000, 1, 1)
2026-05-03 23:00:57 [INFO ] (964, 3000, 1, 1)
2026-05-03 23:00:57 [INFO ] (943, 3000, 1, 1)
2026-05-03 23:00:57 [INFO ] (963, 3000, 1, 1)
2026-05-03 23:00:57 [INFO ] (875, 3000, 1, 1)
2026-05-03 23:00:57 [INFO ] (897, 3000, 1, 1)
2026-05-03 23:00:57 [INFO ] (933, 3000, 1, 1)
2026-05-03 23:00:57 [INFO ] (904, 3000, 1, 1)
2026-05-03 23:00:57 [INFO ] (969, 3000, 1, 1)
2026-05-03 23:00:57 [INFO ] (842, 3000, 1, 1)
2026-05-03 23:00:57 [INFO ] (850, 3000, 1, 1)
2026-05-03 23:00:57 [INFO ] (882, 3000, 1, 1)
2026-05-03 23:00:57 [INFO ] (786, 3000, 1, 1)
2026-05-03 23:00:57 [INFO ] (883, 3000, 1, 1)
2026-05-03 23:00:57 [INFO ] (851, 3000, 1, 1)
2026-05-03 23:00:57 [INFO ] (999, 3000, 1, 1)
2026-05-03 23:00:57 [INFO ] (828, 3000, 1, 1)
2026-05-03 23:00:57 [INFO ] (950, 3000, 1, 1)
2026-05-03 23:00:57 [INFO ] (849, 3000, 1, 1)
2026-05-03 23:00:57 [INFO ] (892, 3000, 1, 1)
2026-05-03 23:00:57 [INFO ] (830, 3000, 1, 1)
2026-05-03 23:00:57 [INFO ] (921, 3000, 1, 1)
2026-05-03 23:00:57 [INFO ] (1062, 3000, 1, 1)
2026-05-03 23:00:57 [INFO ] (918, 3000, 1, 1)
2026-05-03 23:00:57 [INFO ] (882, 3000, 1, 1)
2026-05-03 23:00:57 [INFO ] (912, 3000, 1, 1)
2026-05-03 23:00:57 [INFO ] (877, 3000, 1, 1)
2026-05-03 23:00:57 [INFO ] (1010, 3000, 1, 1)
2026-05-03 23:00:57 [INFO ] (920, 3000, 1, 1)
2026-05-03 23:00:57 [INFO ] (871, 3000, 1, 1)
2026-05-03 23:00:57 [INFO ] (788, 3000, 1, 1)
2026-05-03 23:00:57 [INFO ] (987, 3000, 1, 1)
2026-05-03 23:00:57 [INFO ] (806, 3000, 1, 1)
2026-05-03 23:00:57 [INFO ] (900, 3000, 1, 1)
2026-05-03 23:00:57 [INFO ] (875, 3000, 1, 1)
2026-05-03 23:00:57 [INFO ] (856, 3000, 1, 1)
2026-05-03 23:00:57 [INFO ] (912, 3000, 1, 1)
2026-05-03 23:00:57 [INFO ] (910, 3000, 1, 1)
2026-05-03 23:00:57 [INFO ] (814, 3000, 1, 1)
2026-05-03 23:00:57 [INFO ] (879, 3000, 1, 1)
2026-05-03 23:00:57 [INFO ] (956, 3000, 1, 1)
2026-05-03 23:00:57 [INFO ] (1007, 3000, 1, 1)
2026-05-03 23:00:57 [INFO ] (965, 3000, 1, 1)
2026-05-03 23:00:57 [INFO ] (942, 3000, 1, 1)
2026-05-03 23:00:57 [INFO ] (916, 3000, 1, 1)
2026-05-03 23:00:57 [INFO ] (852, 3000, 1, 1)
2026-05-03 23:00:57 [INFO ] (864, 3000, 1, 1)
2026-05-03 23:00:57 [INFO ] (954, 3000, 1, 1)
2026-05-03 23:00:57 [INFO ] (892, 3000, 1, 1)
2026-05-03 23:00:57 [INFO ] (1014, 3000, 1, 1)
2026-05-03 23:00:57 [INFO ] (845, 3000, 1, 1)
2026-05-03 23:00:57 [INFO ] (862, 3000, 1, 1)
2026-05-03 23:00:57 [INFO ] (956, 3000, 1, 1)
2026-05-03 23:00:57 [INFO ] (815, 3000, 1, 1)
2026-05-03 23:00:57 [INFO ] (893, 3000, 1, 1)
2026-05-03 23:00:57 [INFO ] (829, 3000, 1, 1)
2026-05-03 23:00:57 [INFO ] (872, 3000, 1, 1)
2026-05-03 23:00:57 [INFO ] (997, 3000, 1, 1)
2026-05-03 23:00:57 [INFO ] (897, 3000, 1, 1)
2026-05-03 23:00:57 [INFO ] (898, 3000, 1, 1)
2026-05-03 23:00:57 [INFO ] (894, 3000, 1, 1)
2026-05-03 23:00:57 [INFO ] (880, 3000, 1, 1)
2026-05-03 23:00:57 [INFO ] (889, 3000, 1, 1)
2026-05-03 23:00:57 [INFO ] (911, 3000, 1, 1)
2026-05-03 23:00:57 [INFO ] (882, 3000, 1, 1)
2026-05-03 23:00:57 [INFO ] (925, 3000, 1, 1)
2026-05-03 23:00:57 [INFO ] (963, 3000, 1, 1)
2026-05-03 23:00:57 [INFO ] (896, 3000, 1, 1)
2026-05-03 23:00:57 [INFO ] (964, 3000, 1, 1)
2026-05-03 23:00:57 [INFO ] (926, 3000, 1, 1)
2026-05-03 23:00:57 [INFO ] (1002, 3000, 1, 1)
2026-05-03 23:00:57 [INFO ] (1036, 3000, 1, 1)
2026-05-03 23:00:57 [INFO ] (933, 3000, 1, 1)
2026-05-03 23:00:57 [INFO ] (990, 3000, 1, 1)
2026-05-03 23:00:57 [INFO ] (870, 3000, 1, 1)
2026-05-03 23:00:57 [INFO ] (846, 3000, 1, 1)
2026-05-03 23:00:57 [INFO ] (865, 3000, 1, 1)
2026-05-03 23:00:57 [INFO ] (912, 3000, 1, 1)
2026-05-03 23:00:57 [INFO ] (899, 3000, 1, 1)
2026-05-03 23:00:57 [INFO ] (835, 3000, 1, 1)
2026-05-03 23:00:57 [INFO ] (861, 3000, 1, 1)
2026-05-03 23:00:57 [INFO ] W: 17044
2026-05-03 23:00:57 [INFO ] N1: 9486
2026-05-03 23:00:57 [INFO ] N2: 22561
2026-05-03 23:00:57 [INFO ] N3: 14456
2026-05-03 23:00:57 [INFO ] REM: 9728
2026-05-03 23:00:57 [INFO ] Validation set (n_night_sleeps=9)
2026-05-03 23:00:57 [INFO ] (882, 3000, 1, 1)
2026-05-03 23:00:57 [INFO ] (877, 3000, 1, 1)
2026-05-03 23:00:57 [INFO ] (997, 3000, 1, 1)
2026-05-03 23:00:57 [INFO ] (1054, 3000, 1, 1)
2026-05-03 23:00:57 [INFO ] (805, 3000, 1, 1)
2026-05-03 23:00:57 [INFO ] (906, 3000, 1, 1)
2026-05-03 23:00:57 [INFO ] (858, 3000, 1, 1)
2026-05-03 23:00:57 [INFO ] (850, 3000, 1, 1)
2026-05-03 23:00:57 [INFO ] (932, 3000, 1, 1)
2026-05-03 23:00:57 [INFO ] W: 1981
2026-05-03 23:00:57 [INFO ] N1: 995
2026-05-03 23:00:57 [INFO ] N2: 2848
2026-05-03 23:00:57 [INFO ] N3: 1366
2026-05-03 23:00:57 [INFO ] REM: 971
2026-05-03 23:00:57 [INFO ] Test set (n_night_sleeps=10)
2026-05-03 23:00:57 [INFO ] (974, 3000, 1, 1)
2026-05-03 23:00:57 [INFO ] (812, 3000, 1, 1)
2026-05-03 23:00:57 [INFO ] (747, 3000, 1, 1)
2026-05-03 23:00:57 [INFO ] (932, 3000, 1, 1)
2026-05-03 23:00:57 [INFO ] (906, 3000, 1, 1)
2026-05-03 23:00:57 [INFO ] (863, 3000, 1, 1)
2026-05-03 23:00:57 [INFO ] (838, 3000, 1, 1)
2026-05-03 23:00:57 [INFO ] (981, 3000, 1, 1)
2026-05-03 23:00:57 [INFO ] (793, 3000, 1, 1)
2026-05-03 23:00:57 [INFO ] (905, 3000, 1, 1)
2026-05-03 23:00:57 [INFO ] W: 1954
2026-05-03 23:00:57 [INFO ] N1: 1032
2026-05-03 23:00:57 [INFO ] N2: 2878
2026-05-03 23:00:57 [INFO ] N3: 1658
2026-05-03 23:00:57 [INFO ] REM: 1229
2026-05-03 23:00:57 [INFO ]   Weighted cross entropy: True
2026-05-03 23:00:57 [INFO ]   Weighted cross entropy: [1.  1.5 1.  1.  1. ]
2026-05-03 23:00:57 [INFO ] using device 0
2026-05-03 23:00:57 [INFO ] Data Augmentation
2026-05-03 23:00:57 [INFO ]   Sequence: True
2026-05-03 23:00:57 [INFO ]   Signal full: True
2026-05-03 23:01:04 [INFO ] [e1/200 s307] TR (n=73035) l=1.6929 a=36.7 f1=31.0 (5.5s)| VA (n=8161) l=1.2297 a=50.6, f1=44.3 (0.3s) | TE (n=8751) l=1.3994 a=43.7, f1=39.3 (0.3s)
2026-05-03 23:01:04 [INFO ] Saved best checkpoint to out_isruc_gru_se/train/4/best_ckpt/best_model.ckpt
2026-05-03 23:01:11 [INFO ] [e2/200 s611] TR (n=73023) l=1.4566 a=48.7 f1=42.2 (5.5s)| VA (n=8161) l=1.5899 a=40.6, f1=24.5 (0.3s) | TE (n=8751) l=1.8471 a=29.8, f1=20.2 (0.3s)
2026-05-03 23:01:17 [INFO ] [e3/200 s914] TR (n=73024) l=1.3903 a=52.5 f1=47.0 (5.5s)| VA (n=8161) l=1.1379 a=51.9, f1=49.6 (0.3s) | TE (n=8751) l=1.2432 a=47.0, f1=45.3 (0.3s)
2026-05-03 23:01:17 [INFO ] Saved best checkpoint to out_isruc_gru_se/train/4/best_ckpt/best_model.ckpt
2026-05-03 23:01:24 [INFO ] [e4/200 s1219] TR (n=73025) l=1.3192 a=55.2 f1=50.6 (5.5s)| VA (n=8161) l=1.0648 a=59.9, f1=59.6 (0.3s) | TE (n=8751) l=1.1489 a=54.1, f1=53.2 (0.3s)
2026-05-03 23:01:24 [INFO ] Saved best checkpoint to out_isruc_gru_se/train/4/best_ckpt/best_model.ckpt
2026-05-03 23:01:30 [INFO ] [e5/200 s1523] TR (n=73033) l=1.2617 a=57.7 f1=52.9 (5.5s)| VA (n=8161) l=0.9854 a=64.4, f1=56.4 (0.3s) | TE (n=8751) l=1.0892 a=59.2, f1=55.9 (0.3s)
2026-05-03 23:01:37 [INFO ] [e6/200 s1828] TR (n=73023) l=1.2102 a=58.8 f1=54.8 (5.6s)| VA (n=8161) l=1.0356 a=60.8, f1=59.4 (0.3s) | TE (n=8751) l=1.1009 a=57.0, f1=56.6 (0.3s)
2026-05-03 23:01:44 [INFO ] [e7/200 s2132] TR (n=73043) l=1.1602 a=61.9 f1=58.8 (5.7s)| VA (n=8161) l=0.9831 a=62.6, f1=61.1 (0.3s) | TE (n=8751) l=0.9983 a=62.3, f1=61.7 (0.3s)
2026-05-03 23:01:44 [INFO ] Saved best checkpoint to out_isruc_gru_se/train/4/best_ckpt/best_model.ckpt
2026-05-03 23:01:51 [INFO ] [e8/200 s2436] TR (n=73041) l=1.1459 a=62.4 f1=59.6 (5.5s)| VA (n=8161) l=1.4621 a=48.5, f1=50.9 (0.3s) | TE (n=8751) l=1.4005 a=47.1, f1=48.4 (0.3s)
2026-05-03 23:01:57 [INFO ] [e9/200 s2739] TR (n=73029) l=1.0779 a=65.4 f1=62.8 (5.5s)| VA (n=8161) l=0.8001 a=71.4, f1=68.8 (0.3s) | TE (n=8751) l=0.8923 a=66.5, f1=65.0 (0.3s)
2026-05-03 23:01:58 [INFO ] Saved best checkpoint to out_isruc_gru_se/train/4/best_ckpt/best_model.ckpt
2026-05-03 23:02:04 [INFO ] [e10/200 s3045] TR (n=73048) l=1.1118 a=65.8 f1=63.1 (5.5s)| VA (n=8161) l=0.8974 a=67.4, f1=66.1 (0.3s) | TE (n=8751) l=0.8382 a=68.7, f1=68.0 (0.3s)
2026-05-03 23:02:11 [INFO ] [e11/200 s3352] TR (n=73004) l=1.0614 a=67.2 f1=64.7 (5.6s)| VA (n=8161) l=0.8756 a=69.8, f1=66.9 (0.3s) | TE (n=8751) l=1.0356 a=63.4, f1=61.7 (0.3s)
2026-05-03 23:02:18 [INFO ] [e12/200 s3657] TR (n=73028) l=1.0280 a=67.5 f1=65.1 (5.5s)| VA (n=8161) l=0.9128 a=68.0, f1=67.2 (0.3s) | TE (n=8751) l=0.9626 a=63.9, f1=64.0 (0.3s)
2026-05-03 23:02:24 [INFO ] [e13/200 s3964] TR (n=73031) l=1.0247 a=67.7 f1=65.3 (5.5s)| VA (n=8161) l=0.8466 a=71.6, f1=69.2 (0.3s) | TE (n=8751) l=0.9340 a=69.3, f1=67.6 (0.3s)
2026-05-03 23:02:25 [INFO ] Saved best checkpoint to out_isruc_gru_se/train/4/best_ckpt/best_model.ckpt
2026-05-03 23:02:31 [INFO ] [e14/200 s4270] TR (n=73023) l=0.9978 a=68.7 f1=66.1 (5.5s)| VA (n=8161) l=1.0443 a=65.4, f1=61.7 (0.3s) | TE (n=8751) l=1.0385 a=64.3, f1=61.3 (0.3s)
2026-05-03 23:02:38 [INFO ] [e15/200 s4576] TR (n=73024) l=0.9603 a=69.8 f1=67.4 (5.5s)| VA (n=8161) l=1.0216 a=64.9, f1=58.3 (0.3s) | TE (n=8751) l=1.1462 a=60.9, f1=56.8 (0.3s)
2026-05-03 23:02:45 [INFO ] [e16/200 s4884] TR (n=73021) l=1.0259 a=69.4 f1=67.2 (5.6s)| VA (n=8161) l=1.0724 a=61.2, f1=57.8 (0.3s) | TE (n=8751) l=1.1945 a=59.0, f1=56.1 (0.3s)
2026-05-03 23:02:52 [INFO ] [e17/200 s5189] TR (n=73024) l=0.9360 a=70.8 f1=68.4 (5.5s)| VA (n=8161) l=1.0371 a=65.8, f1=65.7 (0.3s) | TE (n=8751) l=1.1538 a=58.9, f1=59.9 (0.3s)
2026-05-03 23:02:58 [INFO ] [e18/200 s5491] TR (n=73050) l=0.9311 a=70.9 f1=68.7 (5.5s)| VA (n=8161) l=0.7324 a=74.1, f1=70.9 (0.3s) | TE (n=8751) l=0.7138 a=75.5, f1=73.1 (0.3s)
2026-05-03 23:02:58 [INFO ] Saved best checkpoint to out_isruc_gru_se/train/4/best_ckpt/best_model.ckpt
2026-05-03 23:03:05 [INFO ] [e19/200 s5792] TR (n=73036) l=0.8901 a=71.9 f1=69.7 (5.5s)| VA (n=8161) l=0.6217 a=77.7, f1=74.8 (0.3s) | TE (n=8751) l=0.7429 a=73.7, f1=71.8 (0.3s)
2026-05-03 23:03:05 [INFO ] Saved best checkpoint to out_isruc_gru_se/train/4/best_ckpt/best_model.ckpt
2026-05-03 23:03:12 [INFO ] [e20/200 s6100] TR (n=73045) l=0.9200 a=71.1 f1=68.9 (5.5s)| VA (n=8161) l=0.6882 a=76.6, f1=72.9 (0.3s) | TE (n=8751) l=0.8368 a=70.0, f1=67.8 (0.3s)
2026-05-03 23:03:18 [INFO ] [e21/200 s6406] TR (n=73041) l=0.8746 a=72.3 f1=70.0 (5.5s)| VA (n=8161) l=0.6656 a=77.4, f1=73.2 (0.3s) | TE (n=8751) l=0.6894 a=76.1, f1=73.1 (0.3s)
2026-05-03 23:03:25 [INFO ] [e22/200 s6711] TR (n=73035) l=0.9136 a=71.5 f1=69.3 (5.6s)| VA (n=8161) l=0.6831 a=76.3, f1=73.2 (0.3s) | TE (n=8751) l=1.0185 a=63.8, f1=61.8 (0.3s)
2026-05-03 23:03:32 [INFO ] [e23/200 s7015] TR (n=73022) l=0.8638 a=72.4 f1=70.0 (5.5s)| VA (n=8161) l=0.6837 a=75.5, f1=73.2 (0.3s) | TE (n=8751) l=0.8503 a=67.9, f1=66.8 (0.3s)
2026-05-03 23:03:39 [INFO ] [e24/200 s7320] TR (n=73029) l=0.8706 a=73.3 f1=71.0 (5.5s)| VA (n=8161) l=0.6545 a=76.7, f1=74.4 (0.3s) | TE (n=8751) l=0.7882 a=71.1, f1=69.3 (0.3s)
2026-05-03 23:03:45 [INFO ] [e25/200 s7625] TR (n=73038) l=0.8879 a=72.7 f1=70.8 (5.5s)| VA (n=8161) l=0.7161 a=75.2, f1=70.3 (0.3s) | TE (n=8751) l=0.6838 a=77.6, f1=73.9 (0.3s)
2026-05-03 23:03:52 [INFO ] [e26/200 s7932] TR (n=73035) l=0.8453 a=74.0 f1=71.7 (5.5s)| VA (n=8161) l=0.7270 a=75.2, f1=73.1 (0.3s) | TE (n=8751) l=0.8675 a=69.5, f1=68.3 (0.3s)
2026-05-03 23:03:59 [INFO ] [e27/200 s8238] TR (n=73031) l=0.8663 a=73.5 f1=71.4 (5.5s)| VA (n=8161) l=1.1096 a=67.1, f1=57.9 (0.3s) | TE (n=8751) l=1.0636 a=66.6, f1=61.1 (0.3s)
2026-05-03 23:04:06 [INFO ] [e28/200 s8544] TR (n=73004) l=0.8505 a=73.2 f1=71.1 (5.5s)| VA (n=8161) l=0.9367 a=68.8, f1=63.5 (0.3s) | TE (n=8751) l=0.9879 a=65.3, f1=60.9 (0.3s)
2026-05-03 23:04:12 [INFO ] [e29/200 s8847] TR (n=73041) l=0.8313 a=74.6 f1=72.5 (5.5s)| VA (n=8161) l=0.7254 a=73.7, f1=71.3 (0.3s) | TE (n=8751) l=0.7847 a=71.5, f1=69.9 (0.3s)
2026-05-03 23:04:19 [INFO ] [e30/200 s9154] TR (n=73025) l=0.8192 a=74.2 f1=72.1 (5.5s)| VA (n=8161) l=0.6859 a=75.4, f1=73.5 (0.3s) | TE (n=8751) l=0.9654 a=66.6, f1=65.9 (0.3s)
2026-05-03 23:04:26 [INFO ] [e31/200 s9459] TR (n=73032) l=0.8016 a=75.3 f1=73.2 (5.5s)| VA (n=8161) l=0.9253 a=70.1, f1=67.6 (0.3s) | TE (n=8751) l=0.8366 a=70.8, f1=68.9 (0.3s)
2026-05-03 23:04:33 [INFO ] [e32/200 s9767] TR (n=73043) l=0.8201 a=75.2 f1=73.3 (5.6s)| VA (n=8161) l=0.9221 a=72.6, f1=63.8 (0.3s) | TE (n=8751) l=0.7653 a=74.4, f1=70.3 (0.3s)
2026-05-03 23:04:39 [INFO ] [e33/200 s10074] TR (n=73018) l=0.8025 a=75.0 f1=73.0 (5.6s)| VA (n=8161) l=0.8077 a=73.6, f1=69.4 (0.3s) | TE (n=8751) l=0.7289 a=76.1, f1=72.8 (0.3s)
2026-05-03 23:04:46 [INFO ] [e34/200 s10375] TR (n=73024) l=0.7788 a=75.8 f1=73.7 (5.5s)| VA (n=8161) l=0.7032 a=74.8, f1=73.0 (0.3s) | TE (n=8751) l=0.8181 a=70.8, f1=70.1 (0.3s)
2026-05-03 23:04:53 [INFO ] [e35/200 s10678] TR (n=73021) l=0.7859 a=75.8 f1=73.9 (5.5s)| VA (n=8161) l=0.6943 a=76.8, f1=73.9 (0.3s) | TE (n=8751) l=0.6436 a=78.4, f1=76.2 (0.3s)
2026-05-03 23:05:00 [INFO ] [e36/200 s10984] TR (n=73045) l=0.7907 a=75.8 f1=73.9 (5.5s)| VA (n=8161) l=0.6762 a=75.8, f1=74.0 (0.3s) | TE (n=8751) l=0.9084 a=67.0, f1=65.7 (0.3s)
2026-05-03 23:05:06 [INFO ] [e37/200 s11288] TR (n=73038) l=0.7697 a=75.6 f1=73.7 (5.5s)| VA (n=8161) l=0.5942 a=79.7, f1=76.4 (0.3s) | TE (n=8751) l=0.6342 a=77.6, f1=75.2 (0.3s)
2026-05-03 23:05:06 [INFO ] Saved best checkpoint to out_isruc_gru_se/train/4/best_ckpt/best_model.ckpt
2026-05-03 23:05:13 [INFO ] [e38/200 s11591] TR (n=73033) l=0.7570 a=76.5 f1=74.6 (5.6s)| VA (n=8161) l=0.6289 a=77.1, f1=75.0 (0.3s) | TE (n=8751) l=0.6635 a=76.2, f1=74.3 (0.3s)
2026-05-03 23:05:20 [INFO ] [e39/200 s11898] TR (n=73022) l=0.7706 a=76.6 f1=74.9 (5.7s)| VA (n=8161) l=0.6245 a=78.7, f1=75.9 (0.3s) | TE (n=8751) l=0.8050 a=71.1, f1=69.8 (0.3s)
2026-05-03 23:05:27 [INFO ] [e40/200 s12206] TR (n=73027) l=0.7633 a=76.8 f1=75.0 (5.7s)| VA (n=8161) l=0.6515 a=77.4, f1=74.0 (0.3s) | TE (n=8751) l=0.7068 a=75.6, f1=73.2 (0.3s)
2026-05-03 23:05:34 [INFO ] [e41/200 s12509] TR (n=73033) l=0.7833 a=76.3 f1=74.4 (5.6s)| VA (n=8161) l=0.7158 a=77.0, f1=72.4 (0.3s) | TE (n=8751) l=0.6139 a=78.9, f1=76.7 (0.3s)
2026-05-03 23:05:41 [INFO ] [e42/200 s12812] TR (n=73034) l=0.7264 a=77.2 f1=75.5 (5.5s)| VA (n=8161) l=0.6212 a=78.6, f1=75.6 (0.3s) | TE (n=8751) l=0.5999 a=79.9, f1=77.4 (0.3s)
2026-05-03 23:05:47 [INFO ] [e43/200 s13119] TR (n=73032) l=0.7446 a=77.3 f1=75.6 (5.5s)| VA (n=8161) l=0.7083 a=77.4, f1=75.1 (0.3s) | TE (n=8751) l=0.6718 a=76.4, f1=74.2 (0.3s)
2026-05-03 23:05:54 [INFO ] [e44/200 s13422] TR (n=73037) l=0.7432 a=77.5 f1=75.8 (5.5s)| VA (n=8161) l=0.9736 a=66.8, f1=66.8 (0.3s) | TE (n=8751) l=1.0453 a=61.2, f1=61.9 (0.3s)
2026-05-03 23:06:01 [INFO ] [e45/200 s13728] TR (n=73038) l=0.7526 a=77.1 f1=75.2 (5.5s)| VA (n=8161) l=0.6686 a=77.2, f1=74.0 (0.3s) | TE (n=8751) l=0.6554 a=76.7, f1=74.6 (0.3s)
2026-05-03 23:06:08 [INFO ] [e46/200 s14034] TR (n=73053) l=0.7344 a=77.4 f1=75.6 (5.5s)| VA (n=8161) l=0.7951 a=71.6, f1=68.8 (0.3s) | TE (n=8751) l=0.8380 a=67.7, f1=66.2 (0.3s)
2026-05-03 23:06:14 [INFO ] [e47/200 s14338] TR (n=73032) l=0.7290 a=77.5 f1=75.8 (5.6s)| VA (n=8161) l=0.7504 a=75.8, f1=72.3 (0.3s) | TE (n=8751) l=0.7825 a=71.1, f1=69.2 (0.3s)
2026-05-03 23:06:21 [INFO ] [e48/200 s14639] TR (n=73013) l=0.7124 a=77.8 f1=76.1 (5.5s)| VA (n=8161) l=0.8370 a=74.6, f1=67.8 (0.3s) | TE (n=8751) l=0.7056 a=75.6, f1=72.6 (0.3s)
2026-05-03 23:06:28 [INFO ] [e49/200 s14940] TR (n=73033) l=0.7043 a=78.0 f1=76.3 (5.4s)| VA (n=8161) l=0.6975 a=75.5, f1=73.7 (0.3s) | TE (n=8751) l=0.6719 a=76.2, f1=74.6 (0.3s)
2026-05-03 23:06:35 [INFO ] [e50/200 s15249] TR (n=73060) l=0.7439 a=77.8 f1=76.0 (5.7s)| VA (n=8161) l=0.7100 a=76.8, f1=72.8 (0.3s) | TE (n=8751) l=0.6066 a=79.0, f1=77.0 (0.3s)
2026-05-03 23:06:35 [INFO ] >> Confusion Matrix
2026-05-03 23:06:35 [INFO ] [[1631  243   75    1    4]
 [ 142  575  269    6   40]
 [  23  180 2383  238   54]
 [   0    1  225 1432    0]
 [  14  168  148    3  896]]
2026-05-03 23:06:41 [INFO ] [e51/200 s15557] TR (n=73033) l=0.7224 a=77.9 f1=76.3 (5.6s)| VA (n=8161) l=0.6668 a=77.9, f1=74.5 (0.3s) | TE (n=8751) l=0.6065 a=78.5, f1=76.7 (0.3s)
2026-05-03 23:06:48 [INFO ] [e52/200 s15861] TR (n=73030) l=0.7022 a=78.2 f1=76.6 (5.5s)| VA (n=8161) l=0.6156 a=80.2, f1=77.1 (0.3s) | TE (n=8751) l=0.5910 a=79.8, f1=77.2 (0.3s)
2026-05-03 23:06:48 [INFO ] Saved best checkpoint to out_isruc_gru_se/train/4/best_ckpt/best_model.ckpt
2026-05-03 23:06:55 [INFO ] [e53/200 s16160] TR (n=73004) l=0.7219 a=78.3 f1=76.8 (5.4s)| VA (n=8161) l=0.6289 a=79.3, f1=76.0 (0.3s) | TE (n=8751) l=0.6014 a=78.0, f1=76.0 (0.3s)
2026-05-03 23:07:02 [INFO ] [e54/200 s16468] TR (n=73045) l=0.7192 a=78.1 f1=76.3 (5.6s)| VA (n=8161) l=0.6719 a=77.5, f1=74.7 (0.3s) | TE (n=8751) l=0.7466 a=73.3, f1=71.7 (0.3s)
2026-05-03 23:07:08 [INFO ] [e55/200 s16774] TR (n=73041) l=0.6940 a=78.7 f1=77.0 (5.5s)| VA (n=8161) l=0.6838 a=77.1, f1=74.1 (0.3s) | TE (n=8751) l=0.6055 a=78.1, f1=76.4 (0.3s)
2026-05-03 23:07:15 [INFO ] [e56/200 s17081] TR (n=73041) l=0.7176 a=78.4 f1=76.8 (5.5s)| VA (n=8161) l=0.6556 a=78.1, f1=73.6 (0.3s) | TE (n=8751) l=0.6010 a=79.2, f1=76.5 (0.3s)
2026-05-03 23:07:22 [INFO ] [e57/200 s17384] TR (n=73048) l=0.6825 a=78.5 f1=76.8 (5.5s)| VA (n=8161) l=0.6059 a=80.1, f1=76.7 (0.3s) | TE (n=8751) l=0.6069 a=78.7, f1=76.5 (0.3s)
2026-05-03 23:07:29 [INFO ] [e58/200 s17690] TR (n=73030) l=0.6960 a=78.5 f1=76.9 (5.5s)| VA (n=8161) l=0.6725 a=76.7, f1=73.8 (0.3s) | TE (n=8751) l=0.5895 a=78.3, f1=76.5 (0.3s)
2026-05-03 23:07:35 [INFO ] [e59/200 s17994] TR (n=73005) l=0.6920 a=78.2 f1=76.6 (5.5s)| VA (n=8161) l=0.7728 a=72.3, f1=70.7 (0.3s) | TE (n=8751) l=0.8042 a=69.6, f1=68.9 (0.3s)
2026-05-03 23:07:42 [INFO ] [e60/200 s18298] TR (n=73039) l=0.6737 a=79.0 f1=77.4 (5.5s)| VA (n=8161) l=0.5937 a=79.9, f1=77.2 (0.3s) | TE (n=8751) l=0.6343 a=77.7, f1=75.6 (0.3s)
2026-05-03 23:07:49 [INFO ] [e61/200 s18604] TR (n=73039) l=0.6792 a=78.9 f1=77.3 (5.5s)| VA (n=8161) l=0.7789 a=75.2, f1=72.0 (0.3s) | TE (n=8751) l=0.6471 a=78.5, f1=76.2 (0.3s)
2026-05-03 23:07:55 [INFO ] [e62/200 s18908] TR (n=73025) l=0.6703 a=79.2 f1=77.6 (5.5s)| VA (n=8161) l=0.7105 a=74.7, f1=72.9 (0.3s) | TE (n=8751) l=0.7949 a=70.9, f1=69.1 (0.3s)
2026-05-03 23:08:02 [INFO ] [e63/200 s19211] TR (n=73033) l=0.6834 a=78.7 f1=77.1 (5.5s)| VA (n=8161) l=0.8942 a=71.4, f1=68.1 (0.3s) | TE (n=8751) l=0.8218 a=69.4, f1=68.6 (0.3s)
2026-05-03 23:08:09 [INFO ] [e64/200 s19519] TR (n=73043) l=0.6595 a=79.4 f1=77.8 (5.6s)| VA (n=8161) l=1.2070 a=63.1, f1=61.1 (0.3s) | TE (n=8751) l=1.0087 a=66.6, f1=66.0 (0.3s)
2026-05-03 23:08:15 [INFO ] [e65/200 s19825] TR (n=73033) l=0.6863 a=78.7 f1=77.0 (5.5s)| VA (n=8161) l=0.6943 a=78.6, f1=75.7 (0.3s) | TE (n=8751) l=0.5989 a=78.6, f1=76.9 (0.3s)
2026-05-03 23:08:22 [INFO ] [e66/200 s20131] TR (n=73034) l=0.6726 a=78.9 f1=77.5 (5.5s)| VA (n=8161) l=0.7251 a=76.0, f1=72.9 (0.3s) | TE (n=8751) l=0.6715 a=74.9, f1=72.9 (0.3s)
2026-05-03 23:08:29 [INFO ] [e67/200 s20438] TR (n=73020) l=0.6545 a=79.3 f1=77.7 (5.5s)| VA (n=8161) l=0.7039 a=74.1, f1=73.0 (0.3s) | TE (n=8751) l=0.7923 a=70.2, f1=69.4 (0.3s)
2026-05-03 23:08:36 [INFO ] [e68/200 s20740] TR (n=73039) l=0.6319 a=79.7 f1=78.2 (5.4s)| VA (n=8161) l=0.8246 a=72.6, f1=70.4 (0.3s) | TE (n=8751) l=0.8639 a=70.2, f1=67.9 (0.3s)
2026-05-03 23:08:42 [INFO ] [e69/200 s21043] TR (n=73029) l=0.6571 a=79.2 f1=77.6 (5.5s)| VA (n=8161) l=0.6822 a=77.3, f1=73.8 (0.3s) | TE (n=8751) l=0.6686 a=75.2, f1=73.7 (0.3s)
2026-05-03 23:08:49 [INFO ] [e70/200 s21349] TR (n=73038) l=0.6578 a=79.2 f1=77.7 (5.5s)| VA (n=8161) l=0.8905 a=71.7, f1=67.9 (0.3s) | TE (n=8751) l=0.8106 a=70.0, f1=68.2 (0.3s)
2026-05-03 23:08:56 [INFO ] [e71/200 s21653] TR (n=73036) l=0.6889 a=79.3 f1=77.7 (5.5s)| VA (n=8161) l=0.6534 a=78.7, f1=75.6 (0.3s) | TE (n=8751) l=0.5832 a=79.5, f1=77.1 (0.3s)
2026-05-03 23:09:02 [INFO ] [e72/200 s21958] TR (n=73029) l=0.6697 a=79.5 f1=78.0 (5.5s)| VA (n=8161) l=0.6121 a=79.7, f1=77.7 (0.3s) | TE (n=8751) l=0.6542 a=77.1, f1=75.7 (0.3s)
2026-05-03 23:09:09 [INFO ] [e73/200 s22265] TR (n=73004) l=0.6619 a=79.4 f1=77.9 (5.5s)| VA (n=8161) l=0.7716 a=75.2, f1=72.2 (0.3s) | TE (n=8751) l=0.8718 a=68.7, f1=66.7 (0.3s)
2026-05-03 23:09:16 [INFO ] [e74/200 s22568] TR (n=73017) l=0.6248 a=80.2 f1=78.7 (5.3s)| VA (n=8161) l=0.5926 a=79.7, f1=77.3 (0.3s) | TE (n=8751) l=0.6285 a=78.3, f1=75.6 (0.3s)
2026-05-03 23:09:22 [INFO ] [e75/200 s22875] TR (n=73037) l=0.6747 a=79.5 f1=77.9 (5.5s)| VA (n=8161) l=0.5855 a=80.0, f1=77.5 (0.3s) | TE (n=8751) l=0.5573 a=81.5, f1=79.6 (0.3s)
2026-05-03 23:09:29 [INFO ] [e76/200 s23179] TR (n=73036) l=0.6718 a=79.5 f1=77.8 (5.6s)| VA (n=8161) l=0.5730 a=79.9, f1=77.3 (0.3s) | TE (n=8751) l=0.5893 a=78.9, f1=77.3 (0.3s)
2026-05-03 23:09:36 [INFO ] [e77/200 s23484] TR (n=73040) l=0.6267 a=80.5 f1=79.0 (5.4s)| VA (n=8161) l=0.5685 a=80.0, f1=78.2 (0.3s) | TE (n=8751) l=0.5607 a=80.4, f1=78.6 (0.3s)
2026-05-03 23:09:43 [INFO ] [e78/200 s23792] TR (n=73047) l=0.6663 a=79.7 f1=78.1 (5.6s)| VA (n=8161) l=0.7238 a=74.0, f1=71.1 (0.3s) | TE (n=8751) l=0.6487 a=75.2, f1=73.3 (0.3s)
2026-05-03 23:09:49 [INFO ] [e79/200 s24096] TR (n=73033) l=0.6346 a=79.8 f1=78.4 (5.6s)| VA (n=8161) l=0.5709 a=81.1, f1=78.6 (0.3s) | TE (n=8751) l=0.5629 a=80.3, f1=78.4 (0.3s)
2026-05-03 23:09:49 [INFO ] Saved best checkpoint to out_isruc_gru_se/train/4/best_ckpt/best_model.ckpt
2026-05-03 23:09:56 [INFO ] [e80/200 s24400] TR (n=73039) l=0.6310 a=79.8 f1=78.2 (5.5s)| VA (n=8161) l=0.7433 a=76.4, f1=73.4 (0.3s) | TE (n=8751) l=0.6499 a=75.9, f1=74.8 (0.3s)
2026-05-03 23:10:03 [INFO ] [e81/200 s24707] TR (n=73050) l=0.6341 a=80.3 f1=78.8 (5.6s)| VA (n=8161) l=0.6057 a=78.5, f1=76.5 (0.3s) | TE (n=8751) l=0.5691 a=79.6, f1=78.6 (0.3s)
2026-05-03 23:10:10 [INFO ] [e82/200 s25008] TR (n=73035) l=0.6016 a=80.7 f1=79.2 (5.5s)| VA (n=8161) l=0.5736 a=79.8, f1=78.4 (0.3s) | TE (n=8751) l=0.6648 a=75.9, f1=74.9 (0.3s)
2026-05-03 23:10:17 [INFO ] [e83/200 s25316] TR (n=73011) l=0.6316 a=80.3 f1=78.7 (5.6s)| VA (n=8161) l=0.7622 a=73.6, f1=72.6 (0.3s) | TE (n=8751) l=0.8603 a=70.4, f1=70.4 (0.3s)
2026-05-03 23:10:23 [INFO ] [e84/200 s25619] TR (n=73017) l=0.6141 a=80.4 f1=78.9 (5.5s)| VA (n=8161) l=0.6123 a=78.9, f1=76.9 (0.3s) | TE (n=8751) l=0.5541 a=81.4, f1=79.3 (0.3s)
2026-05-03 23:10:30 [INFO ] [e85/200 s25924] TR (n=73043) l=0.6170 a=80.4 f1=79.0 (5.5s)| VA (n=8161) l=0.6259 a=78.8, f1=76.4 (0.3s) | TE (n=8751) l=0.5809 a=80.0, f1=77.9 (0.3s)
2026-05-03 23:10:37 [INFO ] [e86/200 s26228] TR (n=73032) l=0.6449 a=80.1 f1=78.7 (5.5s)| VA (n=8161) l=0.6632 a=78.8, f1=76.1 (0.3s) | TE (n=8751) l=0.6286 a=76.8, f1=75.3 (0.3s)
2026-05-03 23:10:44 [INFO ] [e87/200 s26536] TR (n=73040) l=0.6129 a=80.7 f1=79.3 (5.6s)| VA (n=8161) l=0.6302 a=77.8, f1=76.1 (0.3s) | TE (n=8751) l=0.6690 a=77.1, f1=75.8 (0.3s)
2026-05-03 23:10:50 [INFO ] [e88/200 s26843] TR (n=73043) l=0.6252 a=80.3 f1=78.8 (5.5s)| VA (n=8161) l=0.7400 a=74.2, f1=72.8 (0.3s) | TE (n=8751) l=0.6902 a=74.9, f1=74.3 (0.3s)
2026-05-03 23:10:57 [INFO ] [e89/200 s27150] TR (n=73000) l=0.6629 a=80.1 f1=78.7 (5.5s)| VA (n=8161) l=0.5693 a=80.4, f1=78.3 (0.3s) | TE (n=8751) l=0.5520 a=80.8, f1=79.2 (0.3s)
2026-05-03 23:11:04 [INFO ] [e90/200 s27458] TR (n=73039) l=0.6236 a=80.5 f1=79.1 (5.6s)| VA (n=8161) l=0.6235 a=78.7, f1=77.0 (0.3s) | TE (n=8751) l=0.6118 a=78.1, f1=76.6 (0.3s)
2026-05-03 23:11:11 [INFO ] [e91/200 s27765] TR (n=73026) l=0.6565 a=80.2 f1=78.7 (5.6s)| VA (n=8161) l=0.6975 a=77.7, f1=74.7 (0.3s) | TE (n=8751) l=0.5876 a=79.9, f1=77.8 (0.3s)
2026-05-03 23:11:17 [INFO ] [e92/200 s28068] TR (n=73040) l=0.6202 a=80.1 f1=78.8 (5.5s)| VA (n=8161) l=0.5779 a=81.0, f1=78.8 (0.3s) | TE (n=8751) l=0.5906 a=78.9, f1=76.4 (0.3s)
2026-05-03 23:11:24 [INFO ] [e93/200 s28373] TR (n=73035) l=0.5997 a=81.3 f1=79.7 (5.5s)| VA (n=8161) l=0.7120 a=78.5, f1=74.8 (0.3s) | TE (n=8751) l=0.6107 a=78.2, f1=76.4 (0.3s)
2026-05-03 23:11:31 [INFO ] [e94/200 s28674] TR (n=73036) l=0.5995 a=81.0 f1=79.6 (5.4s)| VA (n=8161) l=0.6247 a=78.7, f1=76.4 (0.3s) | TE (n=8751) l=0.5225 a=82.0, f1=80.1 (0.3s)
2026-05-03 23:11:37 [INFO ] [e95/200 s28978] TR (n=73040) l=0.6193 a=80.9 f1=79.4 (5.5s)| VA (n=8161) l=0.5927 a=79.4, f1=77.4 (0.3s) | TE (n=8751) l=0.5543 a=80.6, f1=79.2 (0.3s)
2026-05-03 23:11:44 [INFO ] [e96/200 s29282] TR (n=73014) l=0.6361 a=80.4 f1=79.0 (5.5s)| VA (n=8161) l=0.7407 a=75.3, f1=72.5 (0.3s) | TE (n=8751) l=0.7727 a=72.3, f1=70.9 (0.3s)
2026-05-03 23:11:51 [INFO ] [e97/200 s29583] TR (n=73023) l=0.6049 a=81.0 f1=79.5 (5.4s)| VA (n=8161) l=0.5787 a=79.6, f1=77.9 (0.3s) | TE (n=8751) l=0.5881 a=78.5, f1=77.3 (0.3s)
2026-05-03 23:11:58 [INFO ] [e98/200 s29889] TR (n=73015) l=0.6154 a=81.0 f1=79.5 (5.6s)| VA (n=8161) l=0.5809 a=80.7, f1=78.4 (0.3s) | TE (n=8751) l=0.5265 a=82.2, f1=80.3 (0.3s)
2026-05-03 23:12:04 [INFO ] [e99/200 s30193] TR (n=73028) l=0.6153 a=81.0 f1=79.5 (5.5s)| VA (n=8161) l=0.6872 a=74.7, f1=74.1 (0.3s) | TE (n=8751) l=0.8295 a=70.1, f1=70.0 (0.3s)
2026-05-03 23:12:11 [INFO ] [e100/200 s30501] TR (n=73022) l=0.6046 a=81.2 f1=79.7 (5.6s)| VA (n=8161) l=0.8380 a=77.7, f1=74.6 (0.3s) | TE (n=8751) l=0.6153 a=77.9, f1=76.4 (0.3s)
2026-05-03 23:12:11 [INFO ] >> Confusion Matrix
2026-05-03 23:12:11 [INFO ] [[1557  322    2    9   64]
 [  76  584  279   14   79]
 [  11  142 2142  531   52]
 [   0    1  104 1553    0]
 [   3   53  187    5  981]]
2026-05-03 23:12:18 [INFO ] [e101/200 s30803] TR (n=73018) l=0.5935 a=81.3 f1=79.9 (5.5s)| VA (n=8161) l=0.6643 a=78.9, f1=75.9 (0.3s) | TE (n=8751) l=0.6131 a=78.2, f1=76.6 (0.3s)
2026-05-03 23:12:25 [INFO ] [e102/200 s31109] TR (n=73031) l=0.5898 a=81.0 f1=79.7 (5.6s)| VA (n=8161) l=0.6313 a=78.0, f1=76.2 (0.3s) | TE (n=8751) l=0.7367 a=73.9, f1=72.0 (0.3s)
2026-05-03 23:12:31 [INFO ] [e103/200 s31415] TR (n=72995) l=0.5947 a=80.7 f1=79.3 (5.6s)| VA (n=8161) l=0.6453 a=77.4, f1=75.3 (0.3s) | TE (n=8751) l=0.7040 a=76.2, f1=74.8 (0.3s)
2026-05-03 23:12:38 [INFO ] [e104/200 s31718] TR (n=73036) l=0.5959 a=81.2 f1=79.8 (5.6s)| VA (n=8161) l=0.5619 a=81.1, f1=78.8 (0.3s) | TE (n=8751) l=0.5730 a=80.8, f1=79.0 (0.3s)
2026-05-03 23:12:45 [INFO ] [e105/200 s32022] TR (n=73024) l=0.6013 a=81.0 f1=79.6 (5.6s)| VA (n=8161) l=0.6745 a=77.4, f1=74.7 (0.3s) | TE (n=8751) l=0.5638 a=79.7, f1=77.9 (0.3s)
2026-05-03 23:12:52 [INFO ] [e106/200 s32330] TR (n=73060) l=0.6086 a=80.9 f1=79.5 (5.6s)| VA (n=8161) l=0.8382 a=75.1, f1=72.3 (0.3s) | TE (n=8751) l=0.7700 a=72.4, f1=71.6 (0.3s)
2026-05-03 23:12:59 [INFO ] [e107/200 s32631] TR (n=73021) l=0.5993 a=81.2 f1=80.0 (5.5s)| VA (n=8161) l=0.6239 a=80.5, f1=77.4 (0.3s) | TE (n=8751) l=0.5413 a=81.6, f1=79.2 (0.3s)
2026-05-03 23:13:06 [INFO ] [e108/200 s32934] TR (n=73037) l=0.5844 a=81.5 f1=80.1 (5.7s)| VA (n=8161) l=0.5758 a=79.8, f1=77.7 (0.3s) | TE (n=8751) l=0.5793 a=79.7, f1=78.0 (0.3s)
2026-05-03 23:13:12 [INFO ] [e109/200 s33239] TR (n=73041) l=0.6037 a=81.5 f1=80.1 (5.6s)| VA (n=8161) l=0.7078 a=75.4, f1=72.0 (0.3s) | TE (n=8751) l=0.5367 a=81.9, f1=79.5 (0.3s)
2026-05-03 23:13:19 [INFO ] [e110/200 s33542] TR (n=73009) l=0.6035 a=81.4 f1=79.9 (5.5s)| VA (n=8161) l=0.5819 a=80.5, f1=78.3 (0.3s) | TE (n=8751) l=0.6076 a=77.0, f1=76.1 (0.3s)
2026-05-03 23:13:26 [INFO ] [e111/200 s33848] TR (n=73035) l=0.6039 a=81.7 f1=80.3 (5.6s)| VA (n=8161) l=0.5526 a=80.4, f1=79.1 (0.3s) | TE (n=8751) l=0.7278 a=75.3, f1=74.2 (0.3s)
2026-05-03 23:13:32 [INFO ] [e112/200 s34152] TR (n=73046) l=0.5950 a=81.7 f1=80.4 (5.5s)| VA (n=8161) l=0.5487 a=81.1, f1=78.7 (0.3s) | TE (n=8751) l=0.6242 a=77.2, f1=75.5 (0.3s)
2026-05-03 23:13:39 [INFO ] [e113/200 s34455] TR (n=73022) l=0.5671 a=82.0 f1=80.6 (5.5s)| VA (n=8161) l=0.6333 a=80.7, f1=78.0 (0.3s) | TE (n=8751) l=0.6278 a=77.8, f1=76.1 (0.3s)
2026-05-03 23:13:46 [INFO ] [e114/200 s34763] TR (n=73018) l=0.5680 a=81.7 f1=80.4 (5.6s)| VA (n=8161) l=0.5968 a=80.5, f1=77.5 (0.3s) | TE (n=8751) l=0.5538 a=81.5, f1=79.3 (0.3s)
2026-05-03 23:13:53 [INFO ] [e115/200 s35065] TR (n=73026) l=0.5822 a=81.2 f1=79.9 (5.5s)| VA (n=8161) l=0.6487 a=78.3, f1=75.8 (0.3s) | TE (n=8751) l=0.5568 a=80.0, f1=78.3 (0.3s)
2026-05-03 23:13:59 [INFO ] [e116/200 s35370] TR (n=73037) l=0.5870 a=81.6 f1=80.3 (5.6s)| VA (n=8161) l=0.6179 a=79.3, f1=77.1 (0.3s) | TE (n=8751) l=0.5364 a=81.4, f1=79.6 (0.3s)
2026-05-03 23:14:06 [INFO ] [e117/200 s35676] TR (n=73043) l=0.5901 a=81.4 f1=80.0 (5.6s)| VA (n=8161) l=0.7574 a=77.4, f1=74.5 (0.3s) | TE (n=8751) l=0.6685 a=76.6, f1=74.2 (0.3s)
2026-05-03 23:14:13 [INFO ] [e118/200 s35980] TR (n=73043) l=0.6032 a=81.0 f1=79.7 (5.5s)| VA (n=8161) l=0.6010 a=80.4, f1=78.0 (0.3s) | TE (n=8751) l=0.5391 a=81.4, f1=79.4 (0.3s)
2026-05-03 23:14:20 [INFO ] [e119/200 s36281] TR (n=73037) l=0.5739 a=81.7 f1=80.3 (5.5s)| VA (n=8161) l=0.5862 a=80.0, f1=78.2 (0.3s) | TE (n=8751) l=0.6198 a=78.1, f1=76.6 (0.3s)
2026-05-03 23:14:26 [INFO ] [e120/200 s36586] TR (n=73037) l=0.5693 a=81.7 f1=80.3 (5.5s)| VA (n=8161) l=0.6252 a=77.7, f1=74.8 (0.3s) | TE (n=8751) l=0.5460 a=81.5, f1=79.3 (0.3s)
2026-05-03 23:14:33 [INFO ] [e121/200 s36892] TR (n=73031) l=0.5885 a=80.7 f1=79.4 (5.6s)| VA (n=8161) l=0.6095 a=78.4, f1=76.2 (0.3s) | TE (n=8751) l=0.5557 a=80.1, f1=78.5 (0.3s)
2026-05-03 23:14:40 [INFO ] [e122/200 s37195] TR (n=73023) l=0.5823 a=81.4 f1=80.1 (5.5s)| VA (n=8161) l=0.6025 a=78.2, f1=76.6 (0.3s) | TE (n=8751) l=0.5385 a=80.8, f1=79.3 (0.3s)
2026-05-03 23:14:46 [INFO ] [e123/200 s37499] TR (n=73015) l=0.5584 a=82.0 f1=80.5 (5.4s)| VA (n=8161) l=0.6037 a=80.3, f1=78.1 (0.3s) | TE (n=8751) l=0.6225 a=77.0, f1=75.3 (0.3s)
2026-05-03 23:14:53 [INFO ] [e124/200 s37806] TR (n=73042) l=0.5738 a=82.0 f1=80.7 (5.6s)| VA (n=8161) l=0.6040 a=79.2, f1=77.7 (0.3s) | TE (n=8751) l=0.5785 a=79.7, f1=78.2 (0.3s)
2026-05-03 23:15:00 [INFO ] [e125/200 s38109] TR (n=73011) l=0.6004 a=81.4 f1=80.0 (5.5s)| VA (n=8161) l=0.6043 a=78.7, f1=77.1 (0.3s) | TE (n=8751) l=0.6510 a=77.4, f1=76.1 (0.3s)
2026-05-03 23:15:07 [INFO ] [e126/200 s38415] TR (n=73017) l=0.5834 a=81.9 f1=80.7 (5.6s)| VA (n=8161) l=0.6161 a=80.2, f1=77.6 (0.3s) | TE (n=8751) l=0.5264 a=82.8, f1=80.0 (0.3s)
2026-05-03 23:15:13 [INFO ] [e127/200 s38718] TR (n=73048) l=0.5919 a=81.7 f1=80.4 (5.5s)| VA (n=8161) l=0.7523 a=74.1, f1=72.5 (0.3s) | TE (n=8751) l=0.8430 a=71.9, f1=71.1 (0.3s)
2026-05-03 23:15:21 [INFO ] [e128/200 s39026] TR (n=73008) l=0.5770 a=81.7 f1=80.3 (5.7s)| VA (n=8161) l=0.6694 a=78.9, f1=76.2 (0.3s) | TE (n=8751) l=0.5819 a=79.5, f1=77.9 (0.3s)
2026-05-03 23:15:27 [INFO ] [e129/200 s39332] TR (n=73016) l=0.5625 a=82.3 f1=81.0 (5.6s)| VA (n=8161) l=0.6587 a=78.0, f1=74.4 (0.3s) | TE (n=8751) l=0.5630 a=80.9, f1=78.1 (0.3s)
2026-05-03 23:15:34 [INFO ] [e130/200 s39634] TR (n=73034) l=0.5838 a=82.0 f1=80.6 (5.4s)| VA (n=8161) l=0.6505 a=77.9, f1=75.2 (0.3s) | TE (n=8751) l=0.7121 a=75.4, f1=74.2 (0.3s)
2026-05-03 23:15:34 [INFO ] *** Early-stopping ***
2026-05-03 23:15:34 [INFO ] Load generated SIDs from isruc.txt
2026-05-03 23:15:34 [INFO ] SIDs (100): [  1   2   3   4   5   6   7   8   9  10  11  12  13  14  15  16  17  18
  19  20  21  22  23  24  25  26  27  28  29  30  31  32  33  34  35  36
  37  38  39  40  41  42  43  44  45  46  47  48  49  50  51  52  53  54
  55  56  57  58  59  60  61  62  63  64  65  66  67  68  69  70  71  72
  73  74  75  76  77  78  79  80  81  82  83  84  85  86  87  88  89  90
  91  92  93  94  95  96  97  98  99 100]
2026-05-03 23:15:34 [INFO ] Train SIDs: (81) [  1   2   3   4   5   6   7   8   9  10  11  12  13  14  16  17  18  19
  20  21  22  23  24  25  26  27  28  29  30  31  32  34  35  36  37  38
  39  40  41  42  43  44  45  46  47  49  50  61  62  63  64  65  66  67
  68  69  70  71  72  74  75  76  78  80  81  82  83  84  85  86  87  89
  91  92  93  94  96  97  98  99 100]
2026-05-03 23:15:34 [INFO ] Valid SIDs: (9) [77 79 15 48 73 33 95 88 90]
2026-05-03 23:15:34 [INFO ] Test SIDs: (10) [51 52 53 54 55 56 57 58 59 60]
2026-05-03 23:15:35 [INFO ] Training set (n_night_sleeps=81)
2026-05-03 23:15:35 [INFO ] (880, 3000, 1, 1)
2026-05-03 23:15:35 [INFO ] (964, 3000, 1, 1)
2026-05-03 23:15:35 [INFO ] (943, 3000, 1, 1)
2026-05-03 23:15:35 [INFO ] (963, 3000, 1, 1)
2026-05-03 23:15:35 [INFO ] (875, 3000, 1, 1)
2026-05-03 23:15:35 [INFO ] (897, 3000, 1, 1)
2026-05-03 23:15:35 [INFO ] (933, 3000, 1, 1)
2026-05-03 23:15:35 [INFO ] (904, 3000, 1, 1)
2026-05-03 23:15:35 [INFO ] (969, 3000, 1, 1)
2026-05-03 23:15:35 [INFO ] (842, 3000, 1, 1)
2026-05-03 23:15:35 [INFO ] (997, 3000, 1, 1)
2026-05-03 23:15:35 [INFO ] (850, 3000, 1, 1)
2026-05-03 23:15:35 [INFO ] (882, 3000, 1, 1)
2026-05-03 23:15:35 [INFO ] (906, 3000, 1, 1)
2026-05-03 23:15:35 [INFO ] (883, 3000, 1, 1)
2026-05-03 23:15:35 [INFO ] (851, 3000, 1, 1)
2026-05-03 23:15:35 [INFO ] (999, 3000, 1, 1)
2026-05-03 23:15:35 [INFO ] (828, 3000, 1, 1)
2026-05-03 23:15:35 [INFO ] (950, 3000, 1, 1)
2026-05-03 23:15:35 [INFO ] (1054, 3000, 1, 1)
2026-05-03 23:15:35 [INFO ] (849, 3000, 1, 1)
2026-05-03 23:15:35 [INFO ] (892, 3000, 1, 1)
2026-05-03 23:15:35 [INFO ] (830, 3000, 1, 1)
2026-05-03 23:15:35 [INFO ] (921, 3000, 1, 1)
2026-05-03 23:15:35 [INFO ] (1062, 3000, 1, 1)
2026-05-03 23:15:35 [INFO ] (918, 3000, 1, 1)
2026-05-03 23:15:35 [INFO ] (882, 3000, 1, 1)
2026-05-03 23:15:35 [INFO ] (912, 3000, 1, 1)
2026-05-03 23:15:35 [INFO ] (882, 3000, 1, 1)
2026-05-03 23:15:35 [INFO ] (877, 3000, 1, 1)
2026-05-03 23:15:35 [INFO ] (1010, 3000, 1, 1)
2026-05-03 23:15:35 [INFO ] (871, 3000, 1, 1)
2026-05-03 23:15:35 [INFO ] (788, 3000, 1, 1)
2026-05-03 23:15:35 [INFO ] (987, 3000, 1, 1)
2026-05-03 23:15:35 [INFO ] (806, 3000, 1, 1)
2026-05-03 23:15:35 [INFO ] (932, 3000, 1, 1)
2026-05-03 23:15:35 [INFO ] (900, 3000, 1, 1)
2026-05-03 23:15:35 [INFO ] (875, 3000, 1, 1)
2026-05-03 23:15:35 [INFO ] (974, 3000, 1, 1)
2026-05-03 23:15:35 [INFO ] (812, 3000, 1, 1)
2026-05-03 23:15:35 [INFO ] (747, 3000, 1, 1)
2026-05-03 23:15:35 [INFO ] (932, 3000, 1, 1)
2026-05-03 23:15:35 [INFO ] (906, 3000, 1, 1)
2026-05-03 23:15:35 [INFO ] (863, 3000, 1, 1)
2026-05-03 23:15:35 [INFO ] (838, 3000, 1, 1)
2026-05-03 23:15:35 [INFO ] (793, 3000, 1, 1)
2026-05-03 23:15:35 [INFO ] (905, 3000, 1, 1)
2026-05-03 23:15:35 [INFO ] (852, 3000, 1, 1)
2026-05-03 23:15:35 [INFO ] (864, 3000, 1, 1)
2026-05-03 23:15:35 [INFO ] (954, 3000, 1, 1)
2026-05-03 23:15:35 [INFO ] (892, 3000, 1, 1)
2026-05-03 23:15:35 [INFO ] (1014, 3000, 1, 1)
2026-05-03 23:15:35 [INFO ] (845, 3000, 1, 1)
2026-05-03 23:15:35 [INFO ] (862, 3000, 1, 1)
2026-05-03 23:15:35 [INFO ] (956, 3000, 1, 1)
2026-05-03 23:15:35 [INFO ] (815, 3000, 1, 1)
2026-05-03 23:15:35 [INFO ] (893, 3000, 1, 1)
2026-05-03 23:15:35 [INFO ] (829, 3000, 1, 1)
2026-05-03 23:15:35 [INFO ] (872, 3000, 1, 1)
2026-05-03 23:15:35 [INFO ] (897, 3000, 1, 1)
2026-05-03 23:15:35 [INFO ] (898, 3000, 1, 1)
2026-05-03 23:15:35 [INFO ] (850, 3000, 1, 1)
2026-05-03 23:15:35 [INFO ] (894, 3000, 1, 1)
2026-05-03 23:15:35 [INFO ] (889, 3000, 1, 1)
2026-05-03 23:15:35 [INFO ] (911, 3000, 1, 1)
2026-05-03 23:15:35 [INFO ] (882, 3000, 1, 1)
2026-05-03 23:15:35 [INFO ] (925, 3000, 1, 1)
2026-05-03 23:15:35 [INFO ] (963, 3000, 1, 1)
2026-05-03 23:15:35 [INFO ] (896, 3000, 1, 1)
2026-05-03 23:15:35 [INFO ] (964, 3000, 1, 1)
2026-05-03 23:15:35 [INFO ] (926, 3000, 1, 1)
2026-05-03 23:15:35 [INFO ] (1036, 3000, 1, 1)
2026-05-03 23:15:35 [INFO ] (990, 3000, 1, 1)
2026-05-03 23:15:35 [INFO ] (877, 3000, 1, 1)
2026-05-03 23:15:35 [INFO ] (870, 3000, 1, 1)
2026-05-03 23:15:35 [INFO ] (846, 3000, 1, 1)
2026-05-03 23:15:35 [INFO ] (858, 3000, 1, 1)
2026-05-03 23:15:35 [INFO ] (912, 3000, 1, 1)
2026-05-03 23:15:35 [INFO ] (899, 3000, 1, 1)
2026-05-03 23:15:35 [INFO ] (835, 3000, 1, 1)
2026-05-03 23:15:35 [INFO ] (861, 3000, 1, 1)
2026-05-03 23:15:35 [INFO ] W: 17673
2026-05-03 23:15:35 [INFO ] N1: 9292
2026-05-03 23:15:35 [INFO ] N2: 22504
2026-05-03 23:15:35 [INFO ] N3: 13555
2026-05-03 23:15:35 [INFO ] REM: 9837
2026-05-03 23:15:35 [INFO ] Validation set (n_night_sleeps=9)
2026-05-03 23:15:35 [INFO ] (805, 3000, 1, 1)
2026-05-03 23:15:35 [INFO ] (880, 3000, 1, 1)
2026-05-03 23:15:35 [INFO ] (786, 3000, 1, 1)
2026-05-03 23:15:35 [INFO ] (981, 3000, 1, 1)
2026-05-03 23:15:35 [INFO ] (997, 3000, 1, 1)
2026-05-03 23:15:35 [INFO ] (920, 3000, 1, 1)
2026-05-03 23:15:35 [INFO ] (865, 3000, 1, 1)
2026-05-03 23:15:35 [INFO ] (1002, 3000, 1, 1)
2026-05-03 23:15:35 [INFO ] (933, 3000, 1, 1)
2026-05-03 23:15:35 [INFO ] W: 1830
2026-05-03 23:15:35 [INFO ] N1: 1153
2026-05-03 23:15:35 [INFO ] N2: 2692
2026-05-03 23:15:35 [INFO ] N3: 1546
2026-05-03 23:15:35 [INFO ] REM: 948
2026-05-03 23:15:35 [INFO ] Test set (n_night_sleeps=10)
2026-05-03 23:15:35 [INFO ] (856, 3000, 1, 1)
2026-05-03 23:15:35 [INFO ] (912, 3000, 1, 1)
2026-05-03 23:15:35 [INFO ] (910, 3000, 1, 1)
2026-05-03 23:15:35 [INFO ] (814, 3000, 1, 1)
2026-05-03 23:15:35 [INFO ] (879, 3000, 1, 1)
2026-05-03 23:15:35 [INFO ] (956, 3000, 1, 1)
2026-05-03 23:15:35 [INFO ] (1007, 3000, 1, 1)
2026-05-03 23:15:35 [INFO ] (965, 3000, 1, 1)
2026-05-03 23:15:35 [INFO ] (942, 3000, 1, 1)
2026-05-03 23:15:35 [INFO ] (916, 3000, 1, 1)
2026-05-03 23:15:35 [INFO ] W: 1476
2026-05-03 23:15:35 [INFO ] N1: 1068
2026-05-03 23:15:35 [INFO ] N2: 3091
2026-05-03 23:15:35 [INFO ] N3: 2379
2026-05-03 23:15:35 [INFO ] REM: 1143
2026-05-03 23:15:35 [INFO ]   Weighted cross entropy: True
2026-05-03 23:15:35 [INFO ]   Weighted cross entropy: [1.  1.5 1.  1.  1. ]
2026-05-03 23:15:35 [INFO ] using device 0
2026-05-03 23:15:35 [INFO ] Data Augmentation
2026-05-03 23:15:35 [INFO ]   Sequence: True
2026-05-03 23:15:35 [INFO ]   Signal full: True
2026-05-03 23:15:42 [INFO ] [e1/200 s310] TR (n=72618) l=1.6386 a=40.2 f1=33.5 (5.7s)| VA (n=8169) l=1.6916 a=35.4, f1=22.5 (0.3s) | TE (n=9157) l=1.8349 a=35.5, f1=20.4 (0.3s)
2026-05-03 23:15:42 [INFO ] Saved best checkpoint to out_isruc_gru_se/train/5/best_ckpt/best_model.ckpt
2026-05-03 23:15:49 [INFO ] [e2/200 s611] TR (n=72617) l=1.3974 a=51.7 f1=44.8 (5.5s)| VA (n=8169) l=1.0663 a=59.1, f1=55.2 (0.3s) | TE (n=9157) l=1.1984 a=56.9, f1=51.5 (0.3s)
2026-05-03 23:15:49 [INFO ] Saved best checkpoint to out_isruc_gru_se/train/5/best_ckpt/best_model.ckpt
2026-05-03 23:15:55 [INFO ] [e3/200 s916] TR (n=72621) l=1.3221 a=55.3 f1=48.3 (5.5s)| VA (n=8169) l=1.0196 a=64.7, f1=60.8 (0.3s) | TE (n=9157) l=1.0633 a=64.1, f1=58.2 (0.3s)
2026-05-03 23:15:55 [INFO ] Saved best checkpoint to out_isruc_gru_se/train/5/best_ckpt/best_model.ckpt
2026-05-03 23:16:02 [INFO ] [e4/200 s1218] TR (n=72619) l=1.2691 a=57.5 f1=52.0 (5.5s)| VA (n=8169) l=1.2560 a=55.4, f1=53.0 (0.3s) | TE (n=9157) l=1.6099 a=48.4, f1=46.8 (0.3s)
2026-05-03 23:16:09 [INFO ] [e5/200 s1524] TR (n=72607) l=1.2397 a=58.2 f1=53.0 (5.4s)| VA (n=8169) l=1.3239 a=43.3, f1=44.2 (0.3s) | TE (n=9157) l=1.5992 a=39.4, f1=43.4 (0.3s)
2026-05-03 23:16:16 [INFO ] [e6/200 s1828] TR (n=72594) l=1.2170 a=60.4 f1=56.7 (5.5s)| VA (n=8169) l=1.1760 a=54.8, f1=50.0 (0.3s) | TE (n=9157) l=1.2578 a=51.6, f1=47.0 (0.3s)
2026-05-03 23:16:22 [INFO ] [e7/200 s2134] TR (n=72607) l=1.1688 a=62.7 f1=59.5 (5.6s)| VA (n=8169) l=1.4210 a=46.3, f1=44.6 (0.3s) | TE (n=9157) l=1.6227 a=40.6, f1=39.7 (0.3s)
2026-05-03 23:16:29 [INFO ] [e8/200 s2434] TR (n=72613) l=1.0974 a=64.3 f1=61.7 (5.4s)| VA (n=8169) l=0.8465 a=68.0, f1=67.9 (0.3s) | TE (n=9157) l=0.9793 a=63.0, f1=62.7 (0.3s)
2026-05-03 23:16:29 [INFO ] Saved best checkpoint to out_isruc_gru_se/train/5/best_ckpt/best_model.ckpt
2026-05-03 23:16:36 [INFO ] [e9/200 s2739] TR (n=72596) l=1.0561 a=66.5 f1=64.0 (5.6s)| VA (n=8169) l=1.1574 a=58.6, f1=50.7 (0.3s) | TE (n=9157) l=1.3877 a=53.4, f1=46.2 (0.3s)
2026-05-03 23:16:43 [INFO ] [e10/200 s3045] TR (n=72603) l=1.0846 a=66.6 f1=64.1 (5.5s)| VA (n=8169) l=1.1803 a=60.2, f1=58.6 (0.3s) | TE (n=9157) l=1.3522 a=55.7, f1=54.0 (0.3s)
2026-05-03 23:16:49 [INFO ] [e11/200 s3355] TR (n=72630) l=1.0746 a=67.2 f1=64.7 (5.6s)| VA (n=8169) l=0.8711 a=69.3, f1=67.6 (0.3s) | TE (n=9157) l=0.9638 a=70.2, f1=67.9 (0.3s)
2026-05-03 23:16:56 [INFO ] [e12/200 s3664] TR (n=72606) l=1.0317 a=67.5 f1=65.0 (5.7s)| VA (n=8169) l=0.7980 a=70.0, f1=67.4 (0.3s) | TE (n=9157) l=0.9789 a=65.6, f1=62.8 (0.3s)
2026-05-03 23:17:03 [INFO ] [e13/200 s3971] TR (n=72610) l=1.0252 a=68.7 f1=66.2 (5.6s)| VA (n=8169) l=1.0776 a=62.0, f1=58.3 (0.3s) | TE (n=9157) l=1.1384 a=62.9, f1=55.3 (0.3s)
2026-05-03 23:17:10 [INFO ] [e14/200 s4271] TR (n=72618) l=0.9547 a=69.2 f1=66.7 (5.4s)| VA (n=8169) l=0.7130 a=74.6, f1=72.8 (0.3s) | TE (n=9157) l=0.9022 a=70.6, f1=65.6 (0.3s)
2026-05-03 23:17:10 [INFO ] Saved best checkpoint to out_isruc_gru_se/train/5/best_ckpt/best_model.ckpt
2026-05-03 23:17:16 [INFO ] [e15/200 s4577] TR (n=72620) l=0.9596 a=70.1 f1=67.7 (5.6s)| VA (n=8169) l=1.1221 a=60.6, f1=58.8 (0.3s) | TE (n=9157) l=1.4278 a=54.8, f1=53.4 (0.3s)
2026-05-03 23:17:23 [INFO ] [e16/200 s4884] TR (n=72591) l=0.9887 a=69.2 f1=67.1 (5.6s)| VA (n=8169) l=0.6791 a=76.7, f1=74.2 (0.3s) | TE (n=9157) l=0.7769 a=74.3, f1=69.8 (0.3s)
2026-05-03 23:17:23 [INFO ] Saved best checkpoint to out_isruc_gru_se/train/5/best_ckpt/best_model.ckpt
2026-05-03 23:17:30 [INFO ] [e17/200 s5190] TR (n=72637) l=0.9363 a=70.7 f1=68.5 (5.6s)| VA (n=8169) l=0.9359 a=65.6, f1=65.2 (0.3s) | TE (n=9157) l=1.1014 a=59.4, f1=60.2 (0.3s)
2026-05-03 23:17:37 [INFO ] [e18/200 s5498] TR (n=72596) l=0.9384 a=70.7 f1=68.5 (5.6s)| VA (n=8169) l=0.8408 a=69.5, f1=67.5 (0.3s) | TE (n=9157) l=1.0003 a=64.1, f1=62.1 (0.3s)
2026-05-03 23:17:44 [INFO ] [e19/200 s5808] TR (n=72593) l=0.9095 a=71.8 f1=69.6 (5.6s)| VA (n=8169) l=0.6979 a=76.7, f1=74.0 (0.3s) | TE (n=9157) l=0.7299 a=75.3, f1=70.9 (0.3s)
2026-05-03 23:17:50 [INFO ] [e20/200 s6115] TR (n=72617) l=0.9577 a=71.5 f1=69.3 (5.6s)| VA (n=8169) l=0.7953 a=65.8, f1=66.9 (0.3s) | TE (n=9157) l=1.0313 a=64.1, f1=62.4 (0.3s)
2026-05-03 23:17:57 [INFO ] [e21/200 s6422] TR (n=72596) l=0.8966 a=71.9 f1=69.8 (5.7s)| VA (n=8169) l=0.5889 a=79.2, f1=78.1 (0.3s) | TE (n=9157) l=0.7028 a=76.2, f1=73.0 (0.3s)
2026-05-03 23:17:57 [INFO ] Saved best checkpoint to out_isruc_gru_se/train/5/best_ckpt/best_model.ckpt
2026-05-03 23:18:04 [INFO ] [e22/200 s6727] TR (n=72612) l=0.8698 a=73.3 f1=71.2 (5.6s)| VA (n=8169) l=1.0039 a=64.3, f1=61.7 (0.3s) | TE (n=9157) l=1.0981 a=62.4, f1=55.3 (0.3s)
2026-05-03 23:18:11 [INFO ] [e23/200 s7033] TR (n=72615) l=0.8844 a=73.1 f1=71.1 (5.6s)| VA (n=8169) l=0.7016 a=76.6, f1=74.0 (0.3s) | TE (n=9157) l=0.7789 a=74.2, f1=69.7 (0.3s)
2026-05-03 23:18:18 [INFO ] [e24/200 s7342] TR (n=72619) l=0.9078 a=72.4 f1=70.3 (5.6s)| VA (n=8169) l=0.7406 a=73.4, f1=70.4 (0.3s) | TE (n=9157) l=0.9026 a=69.7, f1=64.4 (0.3s)
2026-05-03 23:18:24 [INFO ] [e25/200 s7648] TR (n=72602) l=0.8567 a=74.3 f1=72.2 (5.6s)| VA (n=8169) l=0.9062 a=70.5, f1=66.9 (0.3s) | TE (n=9157) l=1.2200 a=61.6, f1=60.3 (0.3s)
2026-05-03 23:18:32 [INFO ] [e26/200 s7956] TR (n=72624) l=0.8598 a=73.4 f1=71.1 (5.6s)| VA (n=8169) l=0.6648 a=76.0, f1=75.2 (0.3s) | TE (n=9157) l=0.7507 a=74.5, f1=71.2 (0.3s)
2026-05-03 23:18:38 [INFO ] [e27/200 s8261] TR (n=72617) l=0.8248 a=74.4 f1=72.4 (5.6s)| VA (n=8169) l=0.6876 a=75.0, f1=73.2 (0.3s) | TE (n=9157) l=0.8044 a=73.0, f1=69.9 (0.3s)
2026-05-03 23:18:45 [INFO ] [e28/200 s8571] TR (n=72622) l=0.8423 a=74.0 f1=72.1 (5.6s)| VA (n=8169) l=0.7452 a=74.6, f1=71.2 (0.3s) | TE (n=9157) l=0.8896 a=69.2, f1=64.7 (0.3s)
2026-05-03 23:18:52 [INFO ] [e29/200 s8873] TR (n=72599) l=0.8263 a=74.3 f1=72.2 (5.5s)| VA (n=8169) l=0.7831 a=71.3, f1=70.3 (0.3s) | TE (n=9157) l=1.0643 a=67.7, f1=66.5 (0.3s)
2026-05-03 23:18:58 [INFO ] [e30/200 s9178] TR (n=72626) l=0.7882 a=74.9 f1=73.0 (5.5s)| VA (n=8169) l=0.6794 a=75.3, f1=73.0 (0.3s) | TE (n=9157) l=0.8260 a=73.5, f1=68.9 (0.3s)
2026-05-03 23:19:05 [INFO ] [e31/200 s9481] TR (n=72613) l=0.8076 a=75.4 f1=73.3 (5.5s)| VA (n=8169) l=0.6522 a=75.4, f1=74.6 (0.3s) | TE (n=9157) l=0.7774 a=74.7, f1=72.2 (0.3s)
2026-05-03 23:19:12 [INFO ] [e32/200 s9788] TR (n=72635) l=0.8227 a=75.0 f1=73.1 (5.6s)| VA (n=8169) l=1.0221 a=64.3, f1=62.3 (0.3s) | TE (n=9157) l=1.3190 a=53.7, f1=51.2 (0.3s)
2026-05-03 23:19:19 [INFO ] [e33/200 s10095] TR (n=72618) l=0.8224 a=75.1 f1=73.2 (5.6s)| VA (n=8169) l=0.7149 a=73.7, f1=72.1 (0.3s) | TE (n=9157) l=0.9386 a=68.4, f1=65.8 (0.3s)
2026-05-03 23:19:26 [INFO ] [e34/200 s10404] TR (n=72613) l=0.8465 a=74.7 f1=72.7 (5.6s)| VA (n=8169) l=0.8028 a=69.3, f1=68.2 (0.3s) | TE (n=9157) l=1.0408 a=68.6, f1=67.4 (0.3s)
2026-05-03 23:19:32 [INFO ] [e35/200 s10710] TR (n=72596) l=0.7883 a=75.6 f1=73.6 (5.5s)| VA (n=8169) l=0.6187 a=78.6, f1=76.7 (0.3s) | TE (n=9157) l=0.7052 a=75.9, f1=72.1 (0.3s)
2026-05-03 23:19:39 [INFO ] [e36/200 s11018] TR (n=72635) l=0.8093 a=75.8 f1=74.0 (5.6s)| VA (n=8169) l=0.6824 a=75.1, f1=73.2 (0.3s) | TE (n=9157) l=0.8134 a=73.1, f1=68.2 (0.3s)
2026-05-03 23:19:46 [INFO ] [e37/200 s11322] TR (n=72633) l=0.7956 a=76.0 f1=74.1 (5.5s)| VA (n=8169) l=0.5822 a=79.5, f1=77.7 (0.3s) | TE (n=9157) l=0.7310 a=75.7, f1=71.9 (0.3s)
2026-05-03 23:19:53 [INFO ] [e38/200 s11626] TR (n=72611) l=0.7602 a=76.4 f1=74.5 (5.5s)| VA (n=8169) l=0.6262 a=79.2, f1=77.3 (0.3s) | TE (n=9157) l=0.7242 a=75.2, f1=72.9 (0.3s)
2026-05-03 23:19:59 [INFO ] [e39/200 s11933] TR (n=72595) l=0.7534 a=77.0 f1=75.1 (5.6s)| VA (n=8169) l=0.7126 a=74.9, f1=72.7 (0.3s) | TE (n=9157) l=0.8625 a=71.0, f1=68.0 (0.3s)
2026-05-03 23:20:06 [INFO ] [e40/200 s12236] TR (n=72610) l=0.7670 a=76.8 f1=74.9 (5.5s)| VA (n=8169) l=0.6143 a=79.2, f1=77.5 (0.3s) | TE (n=9157) l=0.6632 a=77.2, f1=73.5 (0.3s)
2026-05-03 23:20:13 [INFO ] [e41/200 s12544] TR (n=72642) l=0.7703 a=77.4 f1=75.5 (5.6s)| VA (n=8169) l=0.6460 a=77.2, f1=75.0 (0.3s) | TE (n=9157) l=0.7384 a=75.2, f1=70.5 (0.3s)
2026-05-03 23:20:20 [INFO ] [e42/200 s12851] TR (n=72653) l=0.7589 a=77.2 f1=75.4 (5.6s)| VA (n=8169) l=0.8555 a=71.9, f1=68.5 (0.3s) | TE (n=9157) l=1.0471 a=64.2, f1=60.3 (0.3s)
2026-05-03 23:20:26 [INFO ] [e43/200 s13160] TR (n=72632) l=0.7510 a=77.6 f1=75.8 (5.7s)| VA (n=8169) l=0.6354 a=78.5, f1=76.3 (0.3s) | TE (n=9157) l=0.7005 a=77.8, f1=73.7 (0.3s)
2026-05-03 23:20:33 [INFO ] [e44/200 s13461] TR (n=72623) l=0.7219 a=78.0 f1=76.2 (5.5s)| VA (n=8169) l=0.6228 a=78.1, f1=76.6 (0.3s) | TE (n=9157) l=0.6846 a=77.0, f1=73.3 (0.3s)
2026-05-03 23:20:40 [INFO ] [e45/200 s13765] TR (n=72624) l=0.7190 a=77.3 f1=75.6 (5.6s)| VA (n=8169) l=0.6815 a=76.5, f1=73.1 (0.3s) | TE (n=9157) l=0.8135 a=75.5, f1=69.9 (0.3s)
2026-05-03 23:20:47 [INFO ] [e46/200 s14073] TR (n=72592) l=0.7540 a=77.5 f1=75.7 (5.7s)| VA (n=8169) l=0.6249 a=79.6, f1=75.7 (0.3s) | TE (n=9157) l=0.8138 a=72.3, f1=66.9 (0.3s)
2026-05-03 23:20:54 [INFO ] [e47/200 s14381] TR (n=72621) l=0.7352 a=77.3 f1=75.4 (5.6s)| VA (n=8169) l=0.5760 a=81.3, f1=78.3 (0.3s) | TE (n=9157) l=0.6977 a=76.5, f1=71.9 (0.3s)
2026-05-03 23:20:54 [INFO ] Saved best checkpoint to out_isruc_gru_se/train/5/best_ckpt/best_model.ckpt
2026-05-03 23:21:01 [INFO ] [e48/200 s14689] TR (n=72632) l=0.7051 a=78.2 f1=76.4 (5.7s)| VA (n=8169) l=0.5603 a=80.8, f1=79.2 (0.3s) | TE (n=9157) l=0.7287 a=77.5, f1=75.0 (0.3s)
2026-05-03 23:21:07 [INFO ] [e49/200 s14996] TR (n=72643) l=0.7079 a=78.2 f1=76.6 (5.7s)| VA (n=8169) l=0.5662 a=81.6, f1=78.0 (0.3s) | TE (n=9157) l=0.7330 a=77.3, f1=72.0 (0.3s)
2026-05-03 23:21:14 [INFO ] [e50/200 s15301] TR (n=72599) l=0.6975 a=78.6 f1=76.8 (5.6s)| VA (n=8169) l=0.5341 a=82.2, f1=79.3 (0.3s) | TE (n=9157) l=0.6723 a=77.7, f1=73.3 (0.3s)
2026-05-03 23:21:14 [INFO ] Saved best checkpoint to out_isruc_gru_se/train/5/best_ckpt/best_model.ckpt
2026-05-03 23:21:14 [INFO ] >> Confusion Matrix
2026-05-03 23:21:14 [INFO ] [[1266  111   78    8   13]
 [ 207  337  362   11  151]
 [  78  115 2436  366   96]
 [  16    0  224 2134    5]
 [  45   79   75    2  942]]
2026-05-03 23:21:21 [INFO ] [e51/200 s15609] TR (n=72648) l=0.7119 a=78.2 f1=76.5 (5.6s)| VA (n=8169) l=0.5440 a=81.2, f1=79.7 (0.3s) | TE (n=9157) l=0.6839 a=77.8, f1=74.7 (0.3s)
2026-05-03 23:21:28 [INFO ] [e52/200 s15911] TR (n=72613) l=0.7039 a=78.6 f1=76.9 (5.5s)| VA (n=8169) l=0.6058 a=80.4, f1=76.4 (0.3s) | TE (n=9157) l=0.7402 a=75.7, f1=70.8 (0.3s)
2026-05-03 23:21:34 [INFO ] [e53/200 s16220] TR (n=72614) l=0.7020 a=79.1 f1=77.4 (5.6s)| VA (n=8169) l=0.6273 a=77.8, f1=75.6 (0.3s) | TE (n=9157) l=0.7774 a=74.7, f1=72.2 (0.3s)
2026-05-03 23:21:41 [INFO ] [e54/200 s16525] TR (n=72628) l=0.6878 a=78.8 f1=77.1 (5.5s)| VA (n=8169) l=0.5185 a=82.6, f1=80.3 (0.3s) | TE (n=9157) l=0.6751 a=77.8, f1=73.5 (0.3s)
2026-05-03 23:21:41 [INFO ] Saved best checkpoint to out_isruc_gru_se/train/5/best_ckpt/best_model.ckpt
2026-05-03 23:21:48 [INFO ] [e55/200 s16830] TR (n=72604) l=0.7107 a=78.6 f1=76.9 (5.5s)| VA (n=8169) l=0.5904 a=79.9, f1=78.3 (0.3s) | TE (n=9157) l=0.7355 a=76.9, f1=74.0 (0.3s)
2026-05-03 23:21:55 [INFO ] [e56/200 s17138] TR (n=72640) l=0.7043 a=78.4 f1=76.7 (5.6s)| VA (n=8169) l=0.6339 a=79.4, f1=77.2 (0.3s) | TE (n=9157) l=0.7163 a=77.4, f1=73.7 (0.3s)
2026-05-03 23:22:02 [INFO ] [e57/200 s17446] TR (n=72620) l=0.7040 a=78.7 f1=77.0 (5.6s)| VA (n=8169) l=0.5896 a=79.2, f1=77.9 (0.3s) | TE (n=9157) l=0.6909 a=77.4, f1=75.2 (0.3s)
2026-05-03 23:22:08 [INFO ] [e58/200 s17753] TR (n=72607) l=0.6879 a=79.2 f1=77.5 (5.6s)| VA (n=8169) l=0.5221 a=81.6, f1=80.5 (0.3s) | TE (n=9157) l=0.6222 a=79.1, f1=76.6 (0.3s)
2026-05-03 23:22:15 [INFO ] [e59/200 s18061] TR (n=72609) l=0.6725 a=79.1 f1=77.6 (5.6s)| VA (n=8169) l=0.5602 a=81.1, f1=78.7 (0.3s) | TE (n=9157) l=0.7607 a=76.3, f1=71.4 (0.3s)
2026-05-03 23:22:22 [INFO ] [e60/200 s18360] TR (n=72626) l=0.6742 a=79.1 f1=77.4 (5.4s)| VA (n=8169) l=0.7378 a=74.3, f1=73.1 (0.3s) | TE (n=9157) l=0.9258 a=70.7, f1=69.7 (0.3s)
2026-05-03 23:22:28 [INFO ] [e61/200 s18664] TR (n=72604) l=0.6841 a=79.3 f1=77.7 (5.5s)| VA (n=8169) l=0.5095 a=82.6, f1=80.5 (0.3s) | TE (n=9157) l=0.6430 a=78.5, f1=75.1 (0.3s)
2026-05-03 23:22:35 [INFO ] [e62/200 s18972] TR (n=72622) l=0.6833 a=79.5 f1=77.8 (5.5s)| VA (n=8169) l=0.5625 a=80.7, f1=78.1 (0.3s) | TE (n=9157) l=0.6966 a=76.6, f1=72.9 (0.3s)
2026-05-03 23:22:42 [INFO ] [e63/200 s19280] TR (n=72626) l=0.6710 a=79.6 f1=77.9 (5.6s)| VA (n=8169) l=0.5231 a=82.0, f1=80.6 (0.3s) | TE (n=9157) l=0.6582 a=77.3, f1=74.4 (0.3s)
2026-05-03 23:22:49 [INFO ] [e64/200 s19586] TR (n=72594) l=0.6641 a=79.7 f1=78.0 (5.6s)| VA (n=8169) l=0.5118 a=82.2, f1=80.5 (0.3s) | TE (n=9157) l=0.6424 a=79.1, f1=76.2 (0.3s)
2026-05-03 23:22:55 [INFO ] [e65/200 s19891] TR (n=72605) l=0.6517 a=79.7 f1=78.0 (5.6s)| VA (n=8169) l=0.5002 a=83.0, f1=81.4 (0.3s) | TE (n=9157) l=0.6165 a=79.7, f1=76.6 (0.3s)
2026-05-03 23:22:55 [INFO ] Saved best checkpoint to out_isruc_gru_se/train/5/best_ckpt/best_model.ckpt
2026-05-03 23:23:02 [INFO ] [e66/200 s20195] TR (n=72598) l=0.6579 a=80.0 f1=78.3 (5.5s)| VA (n=8169) l=0.5287 a=82.0, f1=80.2 (0.3s) | TE (n=9157) l=0.6275 a=78.8, f1=75.9 (0.3s)
2026-05-03 23:23:09 [INFO ] [e67/200 s20501] TR (n=72627) l=0.6432 a=80.1 f1=78.5 (5.6s)| VA (n=8169) l=0.5329 a=81.5, f1=80.1 (0.3s) | TE (n=9157) l=0.6117 a=79.5, f1=76.2 (0.3s)
2026-05-03 23:23:16 [INFO ] [e68/200 s20805] TR (n=72642) l=0.6512 a=79.6 f1=78.0 (5.6s)| VA (n=8169) l=0.5241 a=82.8, f1=80.9 (0.3s) | TE (n=9157) l=0.6364 a=79.3, f1=75.9 (0.3s)
2026-05-03 23:23:22 [INFO ] [e69/200 s21108] TR (n=72577) l=0.6473 a=79.6 f1=78.0 (5.5s)| VA (n=8169) l=0.6774 a=76.4, f1=74.7 (0.3s) | TE (n=9157) l=0.8851 a=72.6, f1=71.3 (0.3s)
2026-05-03 23:23:29 [INFO ] [e70/200 s21415] TR (n=72634) l=0.6785 a=79.8 f1=78.3 (5.6s)| VA (n=8169) l=0.5659 a=81.1, f1=78.3 (0.3s) | TE (n=9157) l=0.7060 a=78.5, f1=74.2 (0.3s)
2026-05-03 23:23:36 [INFO ] [e71/200 s21721] TR (n=72640) l=0.6413 a=80.1 f1=78.4 (5.6s)| VA (n=8169) l=0.5332 a=82.6, f1=80.5 (0.3s) | TE (n=9157) l=0.6748 a=77.6, f1=74.4 (0.3s)
2026-05-03 23:23:43 [INFO ] [e72/200 s22028] TR (n=72641) l=0.6301 a=80.2 f1=78.5 (5.6s)| VA (n=8169) l=0.6232 a=78.8, f1=77.2 (0.3s) | TE (n=9157) l=0.9524 a=71.2, f1=69.5 (0.3s)
2026-05-03 23:23:50 [INFO ] [e73/200 s22334] TR (n=72598) l=0.6510 a=79.6 f1=78.0 (5.6s)| VA (n=8169) l=0.6085 a=79.6, f1=76.9 (0.3s) | TE (n=9157) l=0.8083 a=75.5, f1=70.7 (0.3s)
2026-05-03 23:23:56 [INFO ] [e74/200 s22639] TR (n=72631) l=0.6308 a=80.0 f1=78.5 (5.5s)| VA (n=8169) l=0.5114 a=83.1, f1=81.3 (0.3s) | TE (n=9157) l=0.6472 a=78.7, f1=75.2 (0.3s)
2026-05-03 23:24:03 [INFO ] [e75/200 s22943] TR (n=72623) l=0.6200 a=80.7 f1=79.2 (5.6s)| VA (n=8169) l=0.5588 a=81.4, f1=79.9 (0.3s) | TE (n=9157) l=0.7107 a=78.7, f1=76.1 (0.3s)
2026-05-03 23:24:10 [INFO ] [e76/200 s23249] TR (n=72631) l=0.6617 a=79.6 f1=78.1 (5.6s)| VA (n=8169) l=0.5607 a=80.5, f1=78.7 (0.3s) | TE (n=9157) l=0.7841 a=75.6, f1=72.9 (0.3s)
2026-05-03 23:24:17 [INFO ] [e77/200 s23557] TR (n=72613) l=0.6810 a=80.1 f1=78.5 (5.6s)| VA (n=8169) l=0.5770 a=80.7, f1=79.2 (0.3s) | TE (n=9157) l=0.7162 a=77.0, f1=74.8 (0.3s)
2026-05-03 23:24:24 [INFO ] [e78/200 s23862] TR (n=72616) l=0.6480 a=80.5 f1=78.9 (5.5s)| VA (n=8169) l=0.5011 a=82.9, f1=81.0 (0.3s) | TE (n=9157) l=0.6339 a=79.1, f1=75.8 (0.3s)
2026-05-03 23:24:30 [INFO ] [e79/200 s24166] TR (n=72605) l=0.6181 a=80.2 f1=78.6 (5.5s)| VA (n=8169) l=0.5501 a=82.5, f1=79.9 (0.3s) | TE (n=9157) l=0.6744 a=79.4, f1=75.8 (0.3s)
2026-05-03 23:24:37 [INFO ] [e80/200 s24474] TR (n=72610) l=0.6151 a=81.1 f1=79.5 (5.6s)| VA (n=8169) l=0.7268 a=75.4, f1=73.8 (0.3s) | TE (n=9157) l=0.8863 a=73.6, f1=72.2 (0.3s)
2026-05-03 23:24:44 [INFO ] [e81/200 s24779] TR (n=72608) l=0.6307 a=80.1 f1=78.5 (5.5s)| VA (n=8169) l=0.5145 a=82.8, f1=80.5 (0.3s) | TE (n=9157) l=0.6603 a=78.0, f1=74.3 (0.3s)
2026-05-03 23:24:50 [INFO ] [e82/200 s25087] TR (n=72644) l=0.6170 a=80.3 f1=78.8 (5.6s)| VA (n=8169) l=0.7431 a=73.8, f1=71.6 (0.3s) | TE (n=9157) l=1.0055 a=70.7, f1=67.2 (0.3s)
2026-05-03 23:24:57 [INFO ] [e83/200 s25392] TR (n=72611) l=0.6304 a=80.7 f1=79.3 (5.5s)| VA (n=8169) l=0.5844 a=80.5, f1=78.2 (0.3s) | TE (n=9157) l=0.6633 a=79.7, f1=77.0 (0.3s)
2026-05-03 23:25:04 [INFO ] [e84/200 s25700] TR (n=72620) l=0.6323 a=80.2 f1=78.7 (5.6s)| VA (n=8169) l=0.5511 a=81.6, f1=78.8 (0.3s) | TE (n=9157) l=0.6918 a=78.7, f1=74.7 (0.3s)
2026-05-03 23:25:11 [INFO ] [e85/200 s26005] TR (n=72628) l=0.6257 a=80.6 f1=79.1 (5.5s)| VA (n=8169) l=0.5477 a=81.8, f1=79.7 (0.3s) | TE (n=9157) l=0.6740 a=78.0, f1=75.1 (0.3s)
2026-05-03 23:25:18 [INFO ] [e86/200 s26311] TR (n=72634) l=0.6031 a=81.0 f1=79.6 (5.6s)| VA (n=8169) l=0.5908 a=79.4, f1=77.9 (0.3s) | TE (n=9157) l=0.8230 a=75.3, f1=73.0 (0.3s)
2026-05-03 23:25:24 [INFO ] [e87/200 s26619] TR (n=72615) l=0.6258 a=80.1 f1=78.6 (5.6s)| VA (n=8169) l=0.4891 a=83.1, f1=81.3 (0.3s) | TE (n=9157) l=0.6154 a=80.7, f1=77.5 (0.3s)
2026-05-03 23:25:31 [INFO ] [e88/200 s26922] TR (n=72627) l=0.6096 a=80.8 f1=79.2 (5.5s)| VA (n=8169) l=0.5237 a=82.3, f1=81.0 (0.3s) | TE (n=9157) l=0.6228 a=80.3, f1=77.5 (0.3s)
2026-05-03 23:25:38 [INFO ] [e89/200 s27233] TR (n=72624) l=0.6107 a=80.8 f1=79.4 (5.7s)| VA (n=8169) l=0.5643 a=80.6, f1=78.7 (0.3s) | TE (n=9157) l=0.7600 a=76.8, f1=74.3 (0.3s)
2026-05-03 23:25:45 [INFO ] [e90/200 s27541] TR (n=72621) l=0.6088 a=80.7 f1=79.1 (5.6s)| VA (n=8169) l=0.5666 a=80.6, f1=79.0 (0.3s) | TE (n=9157) l=0.6961 a=77.1, f1=74.8 (0.3s)
2026-05-03 23:25:51 [INFO ] [e91/200 s27850] TR (n=72613) l=0.6090 a=80.7 f1=79.3 (5.6s)| VA (n=8169) l=0.6322 a=77.3, f1=76.1 (0.3s) | TE (n=9157) l=0.8407 a=73.5, f1=70.8 (0.3s)
2026-05-03 23:25:58 [INFO ] [e92/200 s28156] TR (n=72623) l=0.5838 a=80.9 f1=79.5 (5.4s)| VA (n=8169) l=0.5213 a=83.0, f1=81.3 (0.3s) | TE (n=9157) l=0.6498 a=79.5, f1=77.0 (0.3s)
2026-05-03 23:26:05 [INFO ] [e93/200 s28461] TR (n=72632) l=0.6243 a=81.0 f1=79.5 (5.6s)| VA (n=8169) l=0.5372 a=82.2, f1=81.2 (0.3s) | TE (n=9157) l=0.7386 a=78.0, f1=76.2 (0.3s)
2026-05-03 23:26:12 [INFO ] [e94/200 s28767] TR (n=72622) l=0.6326 a=80.7 f1=79.3 (5.6s)| VA (n=8169) l=0.6709 a=78.1, f1=75.3 (0.3s) | TE (n=9157) l=0.8598 a=75.3, f1=70.2 (0.3s)
2026-05-03 23:26:19 [INFO ] [e95/200 s29074] TR (n=72608) l=0.6303 a=80.6 f1=79.3 (5.6s)| VA (n=8169) l=0.5542 a=80.8, f1=79.0 (0.3s) | TE (n=9157) l=0.7402 a=76.6, f1=74.3 (0.3s)
2026-05-03 23:26:26 [INFO ] [e96/200 s29377] TR (n=72645) l=0.5835 a=81.3 f1=79.9 (5.6s)| VA (n=8169) l=0.5243 a=82.6, f1=81.1 (0.3s) | TE (n=9157) l=0.7002 a=78.8, f1=76.6 (0.3s)
2026-05-03 23:26:32 [INFO ] [e97/200 s29682] TR (n=72603) l=0.5874 a=81.0 f1=79.6 (5.6s)| VA (n=8169) l=0.5727 a=80.7, f1=78.2 (0.3s) | TE (n=9157) l=0.6806 a=77.7, f1=74.1 (0.3s)
2026-05-03 23:26:39 [INFO ] [e98/200 s29992] TR (n=72621) l=0.6056 a=80.9 f1=79.5 (5.6s)| VA (n=8169) l=0.5194 a=82.3, f1=80.8 (0.3s) | TE (n=9157) l=0.7193 a=76.7, f1=74.8 (0.3s)
2026-05-03 23:26:46 [INFO ] [e99/200 s30295] TR (n=72608) l=0.5695 a=81.6 f1=80.2 (5.5s)| VA (n=8169) l=0.5261 a=82.2, f1=80.3 (0.3s) | TE (n=9157) l=0.6235 a=80.0, f1=76.9 (0.3s)
2026-05-03 23:26:53 [INFO ] [e100/200 s30601] TR (n=72626) l=0.5971 a=81.1 f1=79.6 (5.5s)| VA (n=8169) l=0.5502 a=80.8, f1=79.4 (0.3s) | TE (n=9157) l=0.6901 a=77.9, f1=76.0 (0.3s)
2026-05-03 23:26:53 [INFO ] >> Confusion Matrix
2026-05-03 23:26:53 [INFO ] [[1312  115   33    0   16]
 [ 129  544  241    0  154]
 [  34  280 2674   21   82]
 [  13   10  703 1650    3]
 [   8  136   47    0  952]]
2026-05-03 23:26:59 [INFO ] [e101/200 s30907] TR (n=72599) l=0.5846 a=81.8 f1=80.4 (5.5s)| VA (n=8169) l=0.7151 a=76.7, f1=74.1 (0.3s) | TE (n=9157) l=0.8909 a=72.1, f1=70.3 (0.3s)
2026-05-03 23:27:06 [INFO ] [e102/200 s31210] TR (n=72632) l=0.6047 a=80.8 f1=79.4 (5.4s)| VA (n=8169) l=0.5288 a=82.2, f1=80.6 (0.3s) | TE (n=9157) l=0.6518 a=79.4, f1=76.7 (0.3s)
2026-05-03 23:27:13 [INFO ] [e103/200 s31519] TR (n=72631) l=0.5806 a=81.6 f1=80.2 (5.6s)| VA (n=8169) l=0.5440 a=82.1, f1=80.1 (0.3s) | TE (n=9157) l=0.6954 a=78.7, f1=75.4 (0.3s)
2026-05-03 23:27:20 [INFO ] [e104/200 s31822] TR (n=72623) l=0.6110 a=81.4 f1=79.9 (5.5s)| VA (n=8169) l=0.5480 a=79.9, f1=79.1 (0.3s) | TE (n=9157) l=0.7057 a=77.3, f1=75.9 (0.3s)
2026-05-03 23:27:26 [INFO ] [e105/200 s32130] TR (n=72610) l=0.5870 a=81.0 f1=79.6 (5.6s)| VA (n=8169) l=0.5592 a=81.7, f1=79.9 (0.3s) | TE (n=9157) l=0.6341 a=79.9, f1=76.4 (0.3s)
2026-05-03 23:27:33 [INFO ] [e106/200 s32438] TR (n=72623) l=0.5677 a=82.0 f1=80.5 (5.6s)| VA (n=8169) l=0.6052 a=78.6, f1=77.4 (0.3s) | TE (n=9157) l=0.7984 a=77.1, f1=75.3 (0.3s)
2026-05-03 23:27:40 [INFO ] [e107/200 s32749] TR (n=72634) l=0.5682 a=81.5 f1=80.2 (5.7s)| VA (n=8169) l=0.4895 a=83.0, f1=81.4 (0.3s) | TE (n=9157) l=0.6242 a=79.6, f1=76.5 (0.3s)
2026-05-03 23:27:47 [INFO ] [e108/200 s33055] TR (n=72602) l=0.5877 a=81.8 f1=80.4 (5.7s)| VA (n=8169) l=0.6297 a=78.6, f1=76.4 (0.3s) | TE (n=9157) l=0.7588 a=75.8, f1=72.7 (0.3s)
2026-05-03 23:27:54 [INFO ] [e109/200 s33358] TR (n=72614) l=0.5783 a=81.7 f1=80.3 (5.6s)| VA (n=8169) l=0.5582 a=81.4, f1=80.0 (0.3s) | TE (n=9157) l=0.7273 a=78.0, f1=76.0 (0.3s)
2026-05-03 23:28:01 [INFO ] [e110/200 s33665] TR (n=72610) l=0.5779 a=81.7 f1=80.3 (5.6s)| VA (n=8169) l=0.6091 a=79.3, f1=78.1 (0.3s) | TE (n=9157) l=0.7253 a=75.9, f1=74.6 (0.3s)
2026-05-03 23:28:07 [INFO ] [e111/200 s33970] TR (n=72601) l=0.6015 a=81.0 f1=79.6 (5.5s)| VA (n=8169) l=0.5528 a=81.9, f1=79.4 (0.3s) | TE (n=9157) l=0.7063 a=77.4, f1=73.5 (0.3s)
2026-05-03 23:28:14 [INFO ] [e112/200 s34273] TR (n=72606) l=0.5744 a=82.0 f1=80.6 (5.5s)| VA (n=8169) l=0.5762 a=81.0, f1=79.8 (0.3s) | TE (n=9157) l=0.7555 a=76.8, f1=74.9 (0.3s)
2026-05-03 23:28:21 [INFO ] [e113/200 s34577] TR (n=72584) l=0.5580 a=81.9 f1=80.5 (5.5s)| VA (n=8169) l=0.5058 a=82.4, f1=81.2 (0.3s) | TE (n=9157) l=0.6620 a=79.2, f1=77.0 (0.3s)
2026-05-03 23:28:28 [INFO ] [e114/200 s34883] TR (n=72642) l=0.5906 a=81.8 f1=80.5 (5.6s)| VA (n=8169) l=0.5486 a=82.1, f1=79.8 (0.3s) | TE (n=9157) l=0.7021 a=78.9, f1=75.2 (0.3s)
2026-05-03 23:28:34 [INFO ] [e115/200 s35192] TR (n=72644) l=0.5880 a=81.4 f1=80.0 (5.6s)| VA (n=8169) l=0.6073 a=80.0, f1=78.2 (0.3s) | TE (n=9157) l=0.7713 a=75.0, f1=72.7 (0.3s)
2026-05-03 23:28:41 [INFO ] [e116/200 s35500] TR (n=72620) l=0.5770 a=81.5 f1=80.1 (5.6s)| VA (n=8169) l=0.5455 a=82.4, f1=79.8 (0.3s) | TE (n=9157) l=0.6571 a=80.3, f1=77.0 (0.3s)
2026-05-03 23:28:41 [INFO ] *** Early-stopping ***
2026-05-03 23:28:41 [INFO ] Load generated SIDs from isruc.txt
2026-05-03 23:28:41 [INFO ] SIDs (100): [  1   2   3   4   5   6   7   8   9  10  11  12  13  14  15  16  17  18
  19  20  21  22  23  24  25  26  27  28  29  30  31  32  33  34  35  36
  37  38  39  40  41  42  43  44  45  46  47  48  49  50  51  52  53  54
  55  56  57  58  59  60  61  62  63  64  65  66  67  68  69  70  71  72
  73  74  75  76  77  78  79  80  81  82  83  84  85  86  87  88  89  90
  91  92  93  94  95  96  97  98  99 100]
2026-05-03 23:28:41 [INFO ] Train SIDs: (81) [  1   2   3   4   5   7   8  10  11  12  13  14  15  16  17  18  19  20
  21  22  23  24  26  27  28  29  30  31  32  33  35  36  37  38  39  40
  41  42  43  44  45  46  47  48  49  50  52  54  55  56  57  58  59  60
  71  74  75  76  77  78  79  80  81  82  83  84  85  86  87  88  89  91
  92  93  94  95  96  97  98  99 100]
2026-05-03 23:28:41 [INFO ] Valid SIDs: (9) [25 34 90 72 73  6  9 51 53]
2026-05-03 23:28:41 [INFO ] Test SIDs: (10) [61 62 63 64 65 66 67 68 69 70]
2026-05-03 23:28:43 [INFO ] Training set (n_night_sleeps=81)
2026-05-03 23:28:43 [INFO ] (880, 3000, 1, 1)
2026-05-03 23:28:43 [INFO ] (964, 3000, 1, 1)
2026-05-03 23:28:43 [INFO ] (943, 3000, 1, 1)
2026-05-03 23:28:43 [INFO ] (963, 3000, 1, 1)
2026-05-03 23:28:43 [INFO ] (875, 3000, 1, 1)
2026-05-03 23:28:43 [INFO ] (933, 3000, 1, 1)
2026-05-03 23:28:43 [INFO ] (904, 3000, 1, 1)
2026-05-03 23:28:43 [INFO ] (842, 3000, 1, 1)
2026-05-03 23:28:43 [INFO ] (997, 3000, 1, 1)
2026-05-03 23:28:43 [INFO ] (850, 3000, 1, 1)
2026-05-03 23:28:43 [INFO ] (882, 3000, 1, 1)
2026-05-03 23:28:43 [INFO ] (906, 3000, 1, 1)
2026-05-03 23:28:43 [INFO ] (786, 3000, 1, 1)
2026-05-03 23:28:43 [INFO ] (883, 3000, 1, 1)
2026-05-03 23:28:43 [INFO ] (851, 3000, 1, 1)
2026-05-03 23:28:43 [INFO ] (999, 3000, 1, 1)
2026-05-03 23:28:43 [INFO ] (828, 3000, 1, 1)
2026-05-03 23:28:43 [INFO ] (950, 3000, 1, 1)
2026-05-03 23:28:43 [INFO ] (1054, 3000, 1, 1)
2026-05-03 23:28:43 [INFO ] (849, 3000, 1, 1)
2026-05-03 23:28:43 [INFO ] (892, 3000, 1, 1)
2026-05-03 23:28:43 [INFO ] (830, 3000, 1, 1)
2026-05-03 23:28:43 [INFO ] (1062, 3000, 1, 1)
2026-05-03 23:28:43 [INFO ] (918, 3000, 1, 1)
2026-05-03 23:28:43 [INFO ] (882, 3000, 1, 1)
2026-05-03 23:28:43 [INFO ] (912, 3000, 1, 1)
2026-05-03 23:28:43 [INFO ] (882, 3000, 1, 1)
2026-05-03 23:28:43 [INFO ] (877, 3000, 1, 1)
2026-05-03 23:28:43 [INFO ] (1010, 3000, 1, 1)
2026-05-03 23:28:43 [INFO ] (920, 3000, 1, 1)
2026-05-03 23:28:43 [INFO ] (788, 3000, 1, 1)
2026-05-03 23:28:43 [INFO ] (987, 3000, 1, 1)
2026-05-03 23:28:43 [INFO ] (806, 3000, 1, 1)
2026-05-03 23:28:43 [INFO ] (932, 3000, 1, 1)
2026-05-03 23:28:43 [INFO ] (900, 3000, 1, 1)
2026-05-03 23:28:43 [INFO ] (875, 3000, 1, 1)
2026-05-03 23:28:43 [INFO ] (974, 3000, 1, 1)
2026-05-03 23:28:43 [INFO ] (812, 3000, 1, 1)
2026-05-03 23:28:43 [INFO ] (747, 3000, 1, 1)
2026-05-03 23:28:43 [INFO ] (932, 3000, 1, 1)
2026-05-03 23:28:43 [INFO ] (906, 3000, 1, 1)
2026-05-03 23:28:43 [INFO ] (863, 3000, 1, 1)
2026-05-03 23:28:43 [INFO ] (838, 3000, 1, 1)
2026-05-03 23:28:43 [INFO ] (981, 3000, 1, 1)
2026-05-03 23:28:43 [INFO ] (793, 3000, 1, 1)
2026-05-03 23:28:43 [INFO ] (905, 3000, 1, 1)
2026-05-03 23:28:43 [INFO ] (912, 3000, 1, 1)
2026-05-03 23:28:43 [INFO ] (814, 3000, 1, 1)
2026-05-03 23:28:43 [INFO ] (879, 3000, 1, 1)
2026-05-03 23:28:43 [INFO ] (956, 3000, 1, 1)
2026-05-03 23:28:43 [INFO ] (1007, 3000, 1, 1)
2026-05-03 23:28:43 [INFO ] (965, 3000, 1, 1)
2026-05-03 23:28:43 [INFO ] (942, 3000, 1, 1)
2026-05-03 23:28:43 [INFO ] (916, 3000, 1, 1)
2026-05-03 23:28:43 [INFO ] (829, 3000, 1, 1)
2026-05-03 23:28:43 [INFO ] (897, 3000, 1, 1)
2026-05-03 23:28:43 [INFO ] (898, 3000, 1, 1)
2026-05-03 23:28:43 [INFO ] (850, 3000, 1, 1)
2026-05-03 23:28:43 [INFO ] (805, 3000, 1, 1)
2026-05-03 23:28:43 [INFO ] (894, 3000, 1, 1)
2026-05-03 23:28:43 [INFO ] (880, 3000, 1, 1)
2026-05-03 23:28:43 [INFO ] (889, 3000, 1, 1)
2026-05-03 23:28:43 [INFO ] (911, 3000, 1, 1)
2026-05-03 23:28:43 [INFO ] (882, 3000, 1, 1)
2026-05-03 23:28:43 [INFO ] (925, 3000, 1, 1)
2026-05-03 23:28:43 [INFO ] (963, 3000, 1, 1)
2026-05-03 23:28:43 [INFO ] (896, 3000, 1, 1)
2026-05-03 23:28:43 [INFO ] (964, 3000, 1, 1)
2026-05-03 23:28:43 [INFO ] (926, 3000, 1, 1)
2026-05-03 23:28:43 [INFO ] (1002, 3000, 1, 1)
2026-05-03 23:28:43 [INFO ] (1036, 3000, 1, 1)
2026-05-03 23:28:43 [INFO ] (990, 3000, 1, 1)
2026-05-03 23:28:43 [INFO ] (877, 3000, 1, 1)
2026-05-03 23:28:43 [INFO ] (870, 3000, 1, 1)
2026-05-03 23:28:43 [INFO ] (846, 3000, 1, 1)
2026-05-03 23:28:43 [INFO ] (865, 3000, 1, 1)
2026-05-03 23:28:43 [INFO ] (858, 3000, 1, 1)
2026-05-03 23:28:43 [INFO ] (912, 3000, 1, 1)
2026-05-03 23:28:43 [INFO ] (899, 3000, 1, 1)
2026-05-03 23:28:43 [INFO ] (835, 3000, 1, 1)
2026-05-03 23:28:43 [INFO ] (861, 3000, 1, 1)
2026-05-03 23:28:43 [INFO ] W: 17361
2026-05-03 23:28:43 [INFO ] N1: 9161
2026-05-03 23:28:43 [INFO ] N2: 23027
2026-05-03 23:28:43 [INFO ] N3: 13968
2026-05-03 23:28:43 [INFO ] REM: 9497
2026-05-03 23:28:43 [INFO ] Validation set (n_night_sleeps=9)
2026-05-03 23:28:43 [INFO ] (921, 3000, 1, 1)
2026-05-03 23:28:43 [INFO ] (871, 3000, 1, 1)
2026-05-03 23:28:43 [INFO ] (933, 3000, 1, 1)
2026-05-03 23:28:43 [INFO ] (872, 3000, 1, 1)
2026-05-03 23:28:43 [INFO ] (997, 3000, 1, 1)
2026-05-03 23:28:43 [INFO ] (897, 3000, 1, 1)
2026-05-03 23:28:43 [INFO ] (969, 3000, 1, 1)
2026-05-03 23:28:43 [INFO ] (856, 3000, 1, 1)
2026-05-03 23:28:43 [INFO ] (910, 3000, 1, 1)
2026-05-03 23:28:43 [INFO ] W: 1871
2026-05-03 23:28:43 [INFO ] N1: 1015
2026-05-03 23:28:43 [INFO ] N2: 2695
2026-05-03 23:28:43 [INFO ] N3: 1471
2026-05-03 23:28:43 [INFO ] REM: 1174
2026-05-03 23:28:43 [INFO ] Test set (n_night_sleeps=10)
2026-05-03 23:28:43 [INFO ] (852, 3000, 1, 1)
2026-05-03 23:28:43 [INFO ] (864, 3000, 1, 1)
2026-05-03 23:28:43 [INFO ] (954, 3000, 1, 1)
2026-05-03 23:28:43 [INFO ] (892, 3000, 1, 1)
2026-05-03 23:28:43 [INFO ] (1014, 3000, 1, 1)
2026-05-03 23:28:43 [INFO ] (845, 3000, 1, 1)
2026-05-03 23:28:43 [INFO ] (862, 3000, 1, 1)
2026-05-03 23:28:43 [INFO ] (956, 3000, 1, 1)
2026-05-03 23:28:43 [INFO ] (815, 3000, 1, 1)
2026-05-03 23:28:43 [INFO ] (893, 3000, 1, 1)
2026-05-03 23:28:43 [INFO ] W: 1747
2026-05-03 23:28:43 [INFO ] N1: 1337
2026-05-03 23:28:43 [INFO ] N2: 2565
2026-05-03 23:28:43 [INFO ] N3: 2041
2026-05-03 23:28:43 [INFO ] REM: 1257
2026-05-03 23:28:43 [INFO ]   Weighted cross entropy: True
2026-05-03 23:28:43 [INFO ]   Weighted cross entropy: [1.  1.5 1.  1.  1. ]
2026-05-03 23:28:43 [INFO ] using device 0
2026-05-03 23:28:43 [INFO ] Data Augmentation
2026-05-03 23:28:43 [INFO ]   Sequence: True
2026-05-03 23:28:43 [INFO ]   Signal full: True
2026-05-03 23:28:49 [INFO ] [e1/200 s309] TR (n=72760) l=1.6394 a=38.5 f1=32.6 (5.6s)| VA (n=8226) l=1.6918 a=41.9, f1=36.0 (0.3s) | TE (n=8947) l=1.6488 a=37.2, f1=30.8 (0.3s)
2026-05-03 23:28:49 [INFO ] Saved best checkpoint to out_isruc_gru_se/train/6/best_ckpt/best_model.ckpt
2026-05-03 23:28:56 [INFO ] [e2/200 s613] TR (n=72766) l=1.4104 a=52.0 f1=43.4 (5.6s)| VA (n=8226) l=1.0709 a=60.2, f1=57.2 (0.3s) | TE (n=8947) l=0.9388 a=66.5, f1=63.7 (0.3s)
2026-05-03 23:28:56 [INFO ] Saved best checkpoint to out_isruc_gru_se/train/6/best_ckpt/best_model.ckpt
2026-05-03 23:29:03 [INFO ] [e3/200 s919] TR (n=72772) l=1.3211 a=56.2 f1=48.4 (5.6s)| VA (n=8226) l=2.0018 a=38.2, f1=33.0 (0.3s) | TE (n=8947) l=2.4068 a=30.0, f1=21.0 (0.3s)
2026-05-03 23:29:10 [INFO ] [e4/200 s1224] TR (n=72784) l=1.2728 a=57.5 f1=51.4 (5.6s)| VA (n=8226) l=1.2596 a=55.3, f1=51.6 (0.3s) | TE (n=8947) l=1.5130 a=44.3, f1=39.1 (0.3s)
2026-05-03 23:29:16 [INFO ] [e5/200 s1529] TR (n=72771) l=1.2177 a=60.2 f1=55.4 (5.6s)| VA (n=8226) l=1.3414 a=52.4, f1=47.5 (0.3s) | TE (n=8947) l=1.5395 a=50.0, f1=46.8 (0.3s)
2026-05-03 23:29:23 [INFO ] [e6/200 s1831] TR (n=72768) l=1.1860 a=62.0 f1=58.0 (5.5s)| VA (n=8226) l=1.0823 a=61.9, f1=60.9 (0.3s) | TE (n=8947) l=0.9693 a=64.8, f1=63.7 (0.3s)
2026-05-03 23:29:23 [INFO ] Saved best checkpoint to out_isruc_gru_se/train/6/best_ckpt/best_model.ckpt
2026-05-03 23:29:30 [INFO ] [e7/200 s2140] TR (n=72776) l=1.1469 a=63.5 f1=60.1 (5.6s)| VA (n=8226) l=0.9595 a=67.8, f1=65.4 (0.3s) | TE (n=8947) l=0.8495 a=69.4, f1=69.6 (0.3s)
2026-05-03 23:29:30 [INFO ] Saved best checkpoint to out_isruc_gru_se/train/6/best_ckpt/best_model.ckpt
2026-05-03 23:29:37 [INFO ] [e8/200 s2450] TR (n=72757) l=1.1046 a=65.5 f1=62.4 (5.6s)| VA (n=8226) l=1.1142 a=56.6, f1=56.0 (0.3s) | TE (n=8947) l=1.1076 a=58.0, f1=56.6 (0.3s)
2026-05-03 23:29:43 [INFO ] [e9/200 s2753] TR (n=72762) l=1.0852 a=65.6 f1=62.9 (5.5s)| VA (n=8226) l=1.2879 a=56.2, f1=47.9 (0.3s) | TE (n=8947) l=1.6376 a=47.2, f1=37.6 (0.3s)
2026-05-03 23:29:50 [INFO ] [e10/200 s3056] TR (n=72767) l=1.0669 a=66.2 f1=63.3 (5.2s)| VA (n=8226) l=1.5586 a=49.3, f1=48.6 (0.3s) | TE (n=8947) l=1.1582 a=55.2, f1=54.2 (0.3s)
2026-05-03 23:29:57 [INFO ] [e11/200 s3365] TR (n=72780) l=1.0423 a=67.6 f1=64.5 (5.6s)| VA (n=8226) l=1.6363 a=49.2, f1=38.1 (0.3s) | TE (n=8947) l=1.5575 a=50.5, f1=42.6 (0.3s)
2026-05-03 23:30:04 [INFO ] [e12/200 s3673] TR (n=72760) l=0.9947 a=68.2 f1=65.5 (5.6s)| VA (n=8226) l=1.5232 a=52.5, f1=49.5 (0.3s) | TE (n=8947) l=1.2542 a=54.3, f1=52.0 (0.3s)
2026-05-03 23:30:10 [INFO ] [e13/200 s3978] TR (n=72766) l=1.0181 a=68.9 f1=66.1 (5.5s)| VA (n=8226) l=2.1655 a=31.0, f1=32.2 (0.3s) | TE (n=8947) l=2.0940 a=31.3, f1=31.3 (0.3s)
2026-05-03 23:30:17 [INFO ] [e14/200 s4285] TR (n=72787) l=0.9941 a=68.6 f1=66.3 (5.5s)| VA (n=8226) l=1.1780 a=58.2, f1=58.3 (0.3s) | TE (n=8947) l=0.9920 a=64.8, f1=65.3 (0.3s)
2026-05-03 23:30:24 [INFO ] [e15/200 s4592] TR (n=72762) l=0.9610 a=70.4 f1=67.9 (5.6s)| VA (n=8226) l=1.3418 a=52.7, f1=54.0 (0.3s) | TE (n=8947) l=1.2462 a=58.0, f1=58.9 (0.3s)
2026-05-03 23:30:30 [INFO ] [e16/200 s4901] TR (n=72755) l=0.9849 a=69.9 f1=67.4 (5.6s)| VA (n=8226) l=1.2334 a=60.2, f1=58.3 (0.3s) | TE (n=8947) l=0.8940 a=67.2, f1=66.7 (0.3s)
2026-05-03 23:30:37 [INFO ] [e17/200 s5203] TR (n=72782) l=0.9700 a=69.8 f1=67.2 (5.6s)| VA (n=8226) l=0.7313 a=75.6, f1=72.7 (0.3s) | TE (n=8947) l=0.6824 a=76.3, f1=75.3 (0.3s)
2026-05-03 23:30:37 [INFO ] Saved best checkpoint to out_isruc_gru_se/train/6/best_ckpt/best_model.ckpt
2026-05-03 23:30:44 [INFO ] [e18/200 s5513] TR (n=72778) l=0.9542 a=70.8 f1=68.2 (5.6s)| VA (n=8226) l=1.4105 a=51.4, f1=52.5 (0.3s) | TE (n=8947) l=1.2707 a=52.2, f1=53.0 (0.3s)
2026-05-03 23:30:51 [INFO ] [e19/200 s5820] TR (n=72763) l=0.9647 a=71.2 f1=68.6 (5.6s)| VA (n=8226) l=1.1111 a=63.8, f1=59.2 (0.3s) | TE (n=8947) l=1.3207 a=56.4, f1=49.4 (0.3s)
2026-05-03 23:30:58 [INFO ] [e20/200 s6125] TR (n=72768) l=0.9124 a=71.5 f1=69.0 (5.6s)| VA (n=8226) l=1.1131 a=63.1, f1=61.8 (0.3s) | TE (n=8947) l=0.8595 a=70.7, f1=69.4 (0.3s)
2026-05-03 23:31:04 [INFO ] [e21/200 s6432] TR (n=72763) l=0.9139 a=71.9 f1=69.4 (5.7s)| VA (n=8226) l=1.0581 a=66.9, f1=64.7 (0.3s) | TE (n=8947) l=0.7462 a=74.2, f1=72.6 (0.3s)
2026-05-03 23:31:11 [INFO ] [e22/200 s6737] TR (n=72767) l=0.8869 a=72.2 f1=69.7 (5.6s)| VA (n=8226) l=0.7715 a=71.6, f1=70.4 (0.3s) | TE (n=8947) l=0.7997 a=70.1, f1=70.1 (0.3s)
2026-05-03 23:31:18 [INFO ] [e23/200 s7040] TR (n=72761) l=0.8665 a=72.6 f1=70.1 (5.5s)| VA (n=8226) l=0.9945 a=66.4, f1=63.0 (0.3s) | TE (n=8947) l=0.8714 a=68.4, f1=67.2 (0.3s)
2026-05-03 23:31:25 [INFO ] [e24/200 s7347] TR (n=72728) l=0.8739 a=72.9 f1=70.4 (5.7s)| VA (n=8226) l=0.9387 a=66.6, f1=65.2 (0.3s) | TE (n=8947) l=0.7530 a=72.9, f1=72.6 (0.3s)
2026-05-03 23:31:32 [INFO ] [e25/200 s7653] TR (n=72793) l=0.8664 a=73.7 f1=71.3 (5.5s)| VA (n=8226) l=0.9574 a=64.6, f1=64.2 (0.3s) | TE (n=8947) l=0.8974 a=66.4, f1=67.4 (0.3s)
2026-05-03 23:31:38 [INFO ] [e26/200 s7958] TR (n=72781) l=0.8797 a=73.5 f1=71.2 (5.6s)| VA (n=8226) l=0.9055 a=70.1, f1=66.9 (0.3s) | TE (n=8947) l=0.7342 a=74.1, f1=72.5 (0.3s)
2026-05-03 23:31:45 [INFO ] [e27/200 s8263] TR (n=72780) l=0.8403 a=73.9 f1=71.5 (5.6s)| VA (n=8226) l=0.7112 a=74.3, f1=71.7 (0.3s) | TE (n=8947) l=0.5871 a=79.2, f1=78.1 (0.3s)
2026-05-03 23:31:52 [INFO ] [e28/200 s8572] TR (n=72791) l=0.8442 a=74.0 f1=71.5 (5.6s)| VA (n=8226) l=1.3509 a=62.4, f1=57.0 (0.3s) | TE (n=8947) l=1.2067 a=61.0, f1=57.8 (0.3s)
2026-05-03 23:31:59 [INFO ] [e29/200 s8876] TR (n=72787) l=0.8734 a=73.8 f1=71.6 (5.6s)| VA (n=8226) l=0.7465 a=72.0, f1=71.0 (0.3s) | TE (n=8947) l=0.6683 a=74.8, f1=75.3 (0.3s)
2026-05-03 23:32:06 [INFO ] [e30/200 s9181] TR (n=72788) l=0.8183 a=75.0 f1=72.7 (5.6s)| VA (n=8226) l=0.6554 a=77.8, f1=75.4 (0.3s) | TE (n=8947) l=0.6426 a=77.1, f1=76.4 (0.3s)
2026-05-03 23:32:06 [INFO ] Saved best checkpoint to out_isruc_gru_se/train/6/best_ckpt/best_model.ckpt
2026-05-03 23:32:12 [INFO ] [e31/200 s9481] TR (n=72771) l=0.7962 a=74.8 f1=72.5 (5.5s)| VA (n=8226) l=0.8451 a=69.7, f1=67.9 (0.3s) | TE (n=8947) l=0.8933 a=68.3, f1=66.9 (0.3s)
2026-05-03 23:32:19 [INFO ] [e32/200 s9787] TR (n=72756) l=0.8153 a=75.4 f1=73.1 (5.6s)| VA (n=8226) l=0.8207 a=73.3, f1=70.8 (0.3s) | TE (n=8947) l=0.6501 a=76.9, f1=76.0 (0.3s)
2026-05-03 23:32:26 [INFO ] [e33/200 s10094] TR (n=72776) l=0.8134 a=75.9 f1=73.8 (5.6s)| VA (n=8226) l=0.6600 a=77.8, f1=75.2 (0.3s) | TE (n=8947) l=0.5883 a=79.4, f1=78.9 (0.3s)
2026-05-03 23:32:33 [INFO ] [e34/200 s10400] TR (n=72802) l=0.8081 a=75.6 f1=73.4 (5.4s)| VA (n=8226) l=0.7029 a=74.7, f1=72.2 (0.3s) | TE (n=8947) l=0.7346 a=74.1, f1=74.2 (0.3s)
2026-05-03 23:32:39 [INFO ] [e35/200 s10706] TR (n=72764) l=0.7782 a=75.9 f1=73.8 (5.6s)| VA (n=8226) l=0.7074 a=74.2, f1=71.9 (0.3s) | TE (n=8947) l=0.5972 a=78.3, f1=77.9 (0.3s)
2026-05-03 23:32:46 [INFO ] [e36/200 s11009] TR (n=72761) l=0.8032 a=76.0 f1=73.8 (5.5s)| VA (n=8226) l=0.7791 a=74.1, f1=72.3 (0.3s) | TE (n=8947) l=0.6046 a=79.5, f1=78.4 (0.3s)
2026-05-03 23:32:53 [INFO ] [e37/200 s11319] TR (n=72761) l=0.8034 a=75.9 f1=73.6 (5.6s)| VA (n=8226) l=0.6759 a=77.1, f1=74.9 (0.3s) | TE (n=8947) l=0.6143 a=78.7, f1=78.3 (0.3s)
2026-05-03 23:33:00 [INFO ] [e38/200 s11626] TR (n=72781) l=0.7874 a=76.0 f1=74.0 (5.6s)| VA (n=8226) l=0.9178 a=68.9, f1=67.1 (0.3s) | TE (n=8947) l=0.9530 a=69.5, f1=69.3 (0.3s)
2026-05-03 23:33:06 [INFO ] [e39/200 s11932] TR (n=72783) l=0.7947 a=76.2 f1=74.1 (5.6s)| VA (n=8226) l=0.7140 a=76.3, f1=74.1 (0.3s) | TE (n=8947) l=0.6757 a=75.7, f1=75.7 (0.3s)
2026-05-03 23:33:13 [INFO ] [e40/200 s12239] TR (n=72759) l=0.7733 a=76.5 f1=74.4 (5.6s)| VA (n=8226) l=0.6454 a=77.5, f1=75.1 (0.3s) | TE (n=8947) l=0.6751 a=76.3, f1=75.2 (0.3s)
2026-05-03 23:33:20 [INFO ] [e41/200 s12544] TR (n=72755) l=0.7483 a=77.4 f1=75.3 (5.5s)| VA (n=8226) l=0.6332 a=78.2, f1=76.6 (0.3s) | TE (n=8947) l=0.6002 a=78.6, f1=78.5 (0.3s)
2026-05-03 23:33:20 [INFO ] Saved best checkpoint to out_isruc_gru_se/train/6/best_ckpt/best_model.ckpt
2026-05-03 23:33:27 [INFO ] [e42/200 s12852] TR (n=72775) l=0.7476 a=77.0 f1=75.0 (5.6s)| VA (n=8226) l=0.8589 a=70.6, f1=67.7 (0.3s) | TE (n=8947) l=0.7027 a=76.0, f1=74.6 (0.3s)
2026-05-03 23:33:33 [INFO ] [e43/200 s13158] TR (n=72768) l=0.7406 a=78.0 f1=75.8 (5.5s)| VA (n=8226) l=0.6982 a=77.4, f1=74.1 (0.3s) | TE (n=8947) l=0.6341 a=78.1, f1=77.0 (0.3s)
2026-05-03 23:33:40 [INFO ] [e44/200 s13464] TR (n=72798) l=0.7865 a=76.9 f1=74.8 (5.5s)| VA (n=8226) l=0.9658 a=67.5, f1=66.7 (0.3s) | TE (n=8947) l=1.0852 a=62.9, f1=62.3 (0.3s)
2026-05-03 23:33:47 [INFO ] [e45/200 s13770] TR (n=72773) l=0.7520 a=77.5 f1=75.4 (5.6s)| VA (n=8226) l=0.6619 a=77.0, f1=74.6 (0.3s) | TE (n=8947) l=0.6169 a=78.7, f1=78.4 (0.3s)
2026-05-03 23:33:54 [INFO ] [e46/200 s14077] TR (n=72772) l=0.7367 a=77.6 f1=75.6 (5.6s)| VA (n=8226) l=0.7546 a=73.8, f1=72.1 (0.3s) | TE (n=8947) l=0.6273 a=78.0, f1=77.7 (0.3s)
2026-05-03 23:34:01 [INFO ] [e47/200 s14386] TR (n=72778) l=0.7594 a=78.2 f1=76.1 (5.6s)| VA (n=8226) l=0.9524 a=70.2, f1=67.9 (0.3s) | TE (n=8947) l=0.6874 a=77.2, f1=76.3 (0.3s)
2026-05-03 23:34:07 [INFO ] [e48/200 s14696] TR (n=72762) l=0.7329 a=77.7 f1=75.7 (5.6s)| VA (n=8226) l=0.7965 a=72.7, f1=71.0 (0.3s) | TE (n=8947) l=0.6722 a=77.4, f1=76.8 (0.3s)
2026-05-03 23:34:14 [INFO ] [e49/200 s15004] TR (n=72768) l=0.7255 a=78.0 f1=76.0 (5.6s)| VA (n=8226) l=0.6858 a=77.3, f1=75.2 (0.3s) | TE (n=8947) l=0.6293 a=77.7, f1=76.6 (0.3s)
2026-05-03 23:34:21 [INFO ] [e50/200 s15311] TR (n=72786) l=0.6998 a=78.3 f1=76.3 (5.6s)| VA (n=8226) l=0.6118 a=79.3, f1=77.4 (0.3s) | TE (n=8947) l=0.5827 a=79.3, f1=79.2 (0.3s)
2026-05-03 23:34:21 [INFO ] Saved best checkpoint to out_isruc_gru_se/train/6/best_ckpt/best_model.ckpt
2026-05-03 23:34:21 [INFO ] >> Confusion Matrix
2026-05-03 23:34:21 [INFO ] [[1520  178   28    6   15]
 [ 122  901  215    2   97]
 [  18  350 1994  122   81]
 [   4    2  387 1648    0]
 [   9  167   45    1 1035]]
2026-05-03 23:34:27 [INFO ] [e51/200 s15617] TR (n=72783) l=0.7051 a=78.5 f1=76.5 (5.1s)| VA (n=8226) l=0.6405 a=77.9, f1=75.9 (0.3s) | TE (n=8947) l=0.6310 a=78.6, f1=78.4 (0.3s)
2026-05-03 23:34:34 [INFO ] [e52/200 s15925] TR (n=72753) l=0.7269 a=78.6 f1=76.4 (5.4s)| VA (n=8226) l=0.7077 a=75.8, f1=74.0 (0.3s) | TE (n=8947) l=0.6962 a=76.7, f1=76.7 (0.3s)
2026-05-03 23:34:41 [INFO ] [e53/200 s16229] TR (n=72780) l=0.7215 a=77.8 f1=75.9 (5.5s)| VA (n=8226) l=0.8121 a=73.6, f1=71.9 (0.3s) | TE (n=8947) l=0.6214 a=78.9, f1=77.7 (0.3s)
2026-05-03 23:34:47 [INFO ] [e54/200 s16532] TR (n=72774) l=0.7030 a=78.7 f1=76.8 (5.5s)| VA (n=8226) l=0.6045 a=80.0, f1=77.6 (0.3s) | TE (n=8947) l=0.6042 a=79.5, f1=79.1 (0.3s)
2026-05-03 23:34:47 [INFO ] Saved best checkpoint to out_isruc_gru_se/train/6/best_ckpt/best_model.ckpt
2026-05-03 23:34:54 [INFO ] [e55/200 s16842] TR (n=72768) l=0.7054 a=78.3 f1=76.4 (5.6s)| VA (n=8226) l=0.7279 a=74.6, f1=72.7 (0.3s) | TE (n=8947) l=0.7763 a=72.7, f1=72.7 (0.3s)
2026-05-03 23:35:01 [INFO ] [e56/200 s17147] TR (n=72763) l=0.6850 a=78.7 f1=76.8 (5.6s)| VA (n=8226) l=0.8674 a=74.0, f1=72.3 (0.3s) | TE (n=8947) l=0.5832 a=79.8, f1=78.7 (0.3s)
2026-05-03 23:35:08 [INFO ] [e57/200 s17455] TR (n=72784) l=0.7030 a=78.9 f1=76.9 (5.6s)| VA (n=8226) l=0.7174 a=76.0, f1=73.8 (0.3s) | TE (n=8947) l=0.6461 a=78.3, f1=77.4 (0.3s)
2026-05-03 23:35:15 [INFO ] [e58/200 s17763] TR (n=72793) l=0.6722 a=79.3 f1=77.3 (5.6s)| VA (n=8226) l=0.6277 a=79.8, f1=77.8 (0.3s) | TE (n=8947) l=0.5659 a=80.5, f1=80.0 (0.3s)
2026-05-03 23:35:21 [INFO ] [e59/200 s18068] TR (n=72764) l=0.6736 a=79.0 f1=77.2 (5.5s)| VA (n=8226) l=0.8368 a=73.8, f1=71.8 (0.3s) | TE (n=8947) l=0.6278 a=78.1, f1=77.8 (0.3s)
2026-05-03 23:35:28 [INFO ] [e60/200 s18378] TR (n=72803) l=0.7000 a=79.1 f1=77.2 (5.6s)| VA (n=8226) l=0.5872 a=80.9, f1=78.2 (0.3s) | TE (n=8947) l=0.6073 a=79.2, f1=78.4 (0.3s)
2026-05-03 23:35:28 [INFO ] Saved best checkpoint to out_isruc_gru_se/train/6/best_ckpt/best_model.ckpt
2026-05-03 23:35:35 [INFO ] [e61/200 s18684] TR (n=72771) l=0.6721 a=79.2 f1=77.2 (5.5s)| VA (n=8226) l=0.7020 a=76.4, f1=74.4 (0.3s) | TE (n=8947) l=0.5794 a=80.0, f1=79.5 (0.3s)
2026-05-03 23:35:42 [INFO ] [e62/200 s18992] TR (n=72775) l=0.6728 a=79.1 f1=77.3 (5.6s)| VA (n=8226) l=0.6922 a=76.8, f1=74.8 (0.3s) | TE (n=8947) l=0.6081 a=79.0, f1=78.3 (0.3s)
2026-05-03 23:35:49 [INFO ] [e63/200 s19301] TR (n=72760) l=0.6611 a=79.4 f1=77.5 (5.7s)| VA (n=8226) l=0.5576 a=81.3, f1=78.8 (0.3s) | TE (n=8947) l=0.6282 a=78.3, f1=77.7 (0.3s)
2026-05-03 23:35:49 [INFO ] Saved best checkpoint to out_isruc_gru_se/train/6/best_ckpt/best_model.ckpt
2026-05-03 23:35:55 [INFO ] [e64/200 s19604] TR (n=72756) l=0.6985 a=78.8 f1=76.9 (5.5s)| VA (n=8226) l=0.6465 a=76.5, f1=75.9 (0.3s) | TE (n=8947) l=0.6446 a=76.4, f1=77.0 (0.3s)
2026-05-03 23:36:02 [INFO ] [e65/200 s19909] TR (n=72796) l=0.6847 a=78.9 f1=77.1 (5.5s)| VA (n=8226) l=0.6922 a=77.0, f1=74.7 (0.3s) | TE (n=8947) l=0.5778 a=80.6, f1=79.8 (0.3s)
2026-05-03 23:36:09 [INFO ] [e66/200 s20209] TR (n=72773) l=0.6591 a=79.7 f1=77.9 (5.5s)| VA (n=8226) l=0.6599 a=77.9, f1=76.5 (0.3s) | TE (n=8947) l=0.6248 a=78.3, f1=78.3 (0.3s)
2026-05-03 23:36:15 [INFO ] [e67/200 s20513] TR (n=72784) l=0.6895 a=79.3 f1=77.4 (5.5s)| VA (n=8226) l=0.6779 a=77.8, f1=75.9 (0.3s) | TE (n=8947) l=0.5555 a=80.8, f1=80.2 (0.3s)
2026-05-03 23:36:22 [INFO ] [e68/200 s20822] TR (n=72769) l=0.6607 a=79.6 f1=77.8 (5.6s)| VA (n=8226) l=0.6556 a=77.3, f1=75.7 (0.3s) | TE (n=8947) l=0.6732 a=76.3, f1=76.9 (0.3s)
2026-05-03 23:36:29 [INFO ] [e69/200 s21125] TR (n=72769) l=0.6518 a=79.9 f1=78.1 (5.5s)| VA (n=8226) l=0.6349 a=78.9, f1=77.2 (0.3s) | TE (n=8947) l=0.5454 a=81.0, f1=80.5 (0.3s)
2026-05-03 23:36:36 [INFO ] [e70/200 s21430] TR (n=72765) l=0.6267 a=80.4 f1=78.6 (5.5s)| VA (n=8226) l=0.6904 a=77.3, f1=75.5 (0.3s) | TE (n=8947) l=0.5916 a=79.7, f1=79.3 (0.3s)
2026-05-03 23:36:43 [INFO ] [e71/200 s21735] TR (n=72777) l=0.6403 a=79.8 f1=78.0 (5.5s)| VA (n=8226) l=0.7197 a=76.6, f1=74.7 (0.3s) | TE (n=8947) l=0.5537 a=81.2, f1=80.6 (0.3s)
2026-05-03 23:36:49 [INFO ] [e72/200 s22042] TR (n=72786) l=0.6550 a=79.7 f1=77.9 (5.5s)| VA (n=8226) l=0.7066 a=77.1, f1=75.6 (0.3s) | TE (n=8947) l=0.5716 a=81.1, f1=80.1 (0.3s)
2026-05-03 23:36:56 [INFO ] [e73/200 s22346] TR (n=72783) l=0.6405 a=80.0 f1=78.3 (5.6s)| VA (n=8226) l=0.8286 a=73.8, f1=72.1 (0.3s) | TE (n=8947) l=0.8540 a=69.2, f1=68.9 (0.3s)
2026-05-03 23:37:03 [INFO ] [e74/200 s22649] TR (n=72773) l=0.6578 a=79.3 f1=77.5 (5.5s)| VA (n=8226) l=0.6240 a=79.0, f1=77.3 (0.3s) | TE (n=8947) l=0.5687 a=79.9, f1=79.5 (0.3s)
2026-05-03 23:37:10 [INFO ] [e75/200 s22958] TR (n=72769) l=0.6649 a=79.7 f1=78.0 (5.7s)| VA (n=8226) l=0.8325 a=74.9, f1=72.6 (0.3s) | TE (n=8947) l=0.6345 a=79.5, f1=78.1 (0.3s)
2026-05-03 23:37:17 [INFO ] [e76/200 s23265] TR (n=72749) l=0.6651 a=80.1 f1=78.2 (5.6s)| VA (n=8226) l=0.7284 a=75.4, f1=74.0 (0.3s) | TE (n=8947) l=0.5782 a=80.1, f1=79.3 (0.3s)
2026-05-03 23:37:23 [INFO ] [e77/200 s23572] TR (n=72777) l=0.6334 a=80.2 f1=78.3 (5.5s)| VA (n=8226) l=0.6779 a=77.3, f1=75.4 (0.3s) | TE (n=8947) l=0.6568 a=77.1, f1=77.3 (0.3s)
2026-05-03 23:37:30 [INFO ] [e78/200 s23880] TR (n=72770) l=0.6438 a=80.0 f1=78.4 (5.6s)| VA (n=8226) l=0.7195 a=75.0, f1=74.1 (0.3s) | TE (n=8947) l=0.6899 a=75.2, f1=75.3 (0.3s)
2026-05-03 23:37:37 [INFO ] [e79/200 s24189] TR (n=72774) l=0.6490 a=79.9 f1=78.2 (5.6s)| VA (n=8226) l=0.6553 a=76.7, f1=75.4 (0.3s) | TE (n=8947) l=0.5879 a=78.6, f1=78.9 (0.3s)
2026-05-03 23:37:44 [INFO ] [e80/200 s24495] TR (n=72765) l=0.6170 a=80.7 f1=78.9 (5.6s)| VA (n=8226) l=0.7599 a=76.3, f1=74.1 (0.3s) | TE (n=8947) l=0.6119 a=79.0, f1=78.5 (0.3s)
2026-05-03 23:37:50 [INFO ] [e81/200 s24802] TR (n=72764) l=0.6157 a=80.7 f1=78.9 (5.6s)| VA (n=8226) l=0.6734 a=78.1, f1=76.3 (0.3s) | TE (n=8947) l=0.5893 a=79.5, f1=79.0 (0.3s)
2026-05-03 23:37:57 [INFO ] [e82/200 s25110] TR (n=72766) l=0.6429 a=80.3 f1=78.7 (5.6s)| VA (n=8226) l=0.7099 a=77.5, f1=75.3 (0.3s) | TE (n=8947) l=0.5812 a=80.1, f1=79.1 (0.3s)
2026-05-03 23:38:04 [INFO ] [e83/200 s25418] TR (n=72788) l=0.6160 a=80.6 f1=78.8 (5.6s)| VA (n=8226) l=0.6841 a=77.2, f1=76.0 (0.3s) | TE (n=8947) l=0.5338 a=81.6, f1=80.8 (0.3s)
2026-05-03 23:38:11 [INFO ] [e84/200 s25725] TR (n=72774) l=0.6303 a=80.7 f1=78.8 (5.6s)| VA (n=8226) l=0.6498 a=76.4, f1=75.3 (0.3s) | TE (n=8947) l=0.6092 a=78.4, f1=78.6 (0.3s)
2026-05-03 23:38:18 [INFO ] [e85/200 s26032] TR (n=72788) l=0.6112 a=80.4 f1=78.8 (5.6s)| VA (n=8226) l=0.6134 a=78.0, f1=76.6 (0.3s) | TE (n=8947) l=0.6182 a=78.0, f1=77.8 (0.3s)
2026-05-03 23:38:24 [INFO ] [e86/200 s26336] TR (n=72790) l=0.6344 a=80.5 f1=78.8 (5.5s)| VA (n=8226) l=0.7138 a=77.8, f1=76.0 (0.3s) | TE (n=8947) l=0.5738 a=80.6, f1=79.7 (0.3s)
2026-05-03 23:38:31 [INFO ] [e87/200 s26644] TR (n=72775) l=0.6287 a=80.6 f1=78.6 (5.6s)| VA (n=8226) l=0.7078 a=76.6, f1=75.1 (0.3s) | TE (n=8947) l=0.7701 a=74.1, f1=74.1 (0.3s)
2026-05-03 23:38:38 [INFO ] [e88/200 s26950] TR (n=72761) l=0.6218 a=80.2 f1=78.5 (5.5s)| VA (n=8226) l=0.9306 a=71.5, f1=70.0 (0.3s) | TE (n=8947) l=0.6597 a=78.7, f1=77.4 (0.3s)
2026-05-03 23:38:45 [INFO ] [e89/200 s27256] TR (n=72765) l=0.6293 a=80.6 f1=78.9 (5.6s)| VA (n=8226) l=0.6196 a=79.0, f1=77.4 (0.3s) | TE (n=8947) l=0.7201 a=74.7, f1=73.9 (0.3s)
2026-05-03 23:38:52 [INFO ] [e90/200 s27566] TR (n=72758) l=0.6126 a=80.4 f1=78.8 (5.6s)| VA (n=8226) l=0.6899 a=77.1, f1=74.9 (0.3s) | TE (n=8947) l=0.7266 a=75.7, f1=74.9 (0.3s)
2026-05-03 23:38:58 [INFO ] [e91/200 s27874] TR (n=72773) l=0.5992 a=81.2 f1=79.4 (5.6s)| VA (n=8226) l=0.6142 a=80.2, f1=78.0 (0.3s) | TE (n=8947) l=0.5412 a=81.2, f1=80.7 (0.3s)
2026-05-03 23:39:05 [INFO ] [e92/200 s28183] TR (n=72755) l=0.6038 a=81.0 f1=79.2 (5.6s)| VA (n=8226) l=0.6139 a=78.2, f1=77.1 (0.3s) | TE (n=8947) l=0.5746 a=79.8, f1=79.9 (0.3s)
2026-05-03 23:39:12 [INFO ] [e93/200 s28486] TR (n=72780) l=0.6159 a=80.8 f1=79.1 (5.5s)| VA (n=8226) l=0.7203 a=77.0, f1=74.9 (0.3s) | TE (n=8947) l=0.5547 a=81.3, f1=80.7 (0.3s)
2026-05-03 23:39:19 [INFO ] [e94/200 s28793] TR (n=72785) l=0.5997 a=81.1 f1=79.4 (5.6s)| VA (n=8226) l=0.6697 a=78.8, f1=76.9 (0.3s) | TE (n=8947) l=0.6412 a=77.8, f1=77.9 (0.3s)
2026-05-03 23:39:26 [INFO ] [e95/200 s29099] TR (n=72777) l=0.6061 a=81.0 f1=79.3 (5.6s)| VA (n=8226) l=0.6381 a=78.0, f1=77.4 (0.3s) | TE (n=8947) l=0.5693 a=78.7, f1=79.1 (0.3s)
2026-05-03 23:39:33 [INFO ] [e96/200 s29404] TR (n=72782) l=0.5877 a=81.5 f1=79.9 (5.6s)| VA (n=8226) l=0.7296 a=75.2, f1=73.7 (0.3s) | TE (n=8947) l=0.6646 a=76.1, f1=76.3 (0.3s)
2026-05-03 23:39:39 [INFO ] [e97/200 s29711] TR (n=72787) l=0.6185 a=81.2 f1=79.5 (5.6s)| VA (n=8226) l=0.6991 a=74.6, f1=74.3 (0.3s) | TE (n=8947) l=0.6722 a=76.3, f1=77.1 (0.3s)
2026-05-03 23:39:46 [INFO ] [e98/200 s30021] TR (n=72773) l=0.6026 a=81.1 f1=79.5 (5.6s)| VA (n=8226) l=0.7689 a=74.2, f1=73.0 (0.3s) | TE (n=8947) l=0.6505 a=77.7, f1=77.3 (0.3s)
2026-05-03 23:39:53 [INFO ] [e99/200 s30326] TR (n=72770) l=0.5958 a=81.5 f1=79.9 (5.6s)| VA (n=8226) l=0.6291 a=77.7, f1=76.8 (0.3s) | TE (n=8947) l=0.5686 a=79.1, f1=79.1 (0.3s)
2026-05-03 23:40:00 [INFO ] [e100/200 s30624] TR (n=72774) l=0.5894 a=80.9 f1=79.2 (5.5s)| VA (n=8226) l=0.6201 a=78.3, f1=76.7 (0.3s) | TE (n=8947) l=0.6910 a=75.9, f1=75.0 (0.3s)
2026-05-03 23:40:00 [INFO ] >> Confusion Matrix
2026-05-03 23:40:00 [INFO ] [[1672   59   10    1    5]
 [ 356  749  150    1   81]
 [ 148  359 1961   54   43]
 [  21    7  498 1515    0]
 [  83  187   93    0  894]]
2026-05-03 23:40:06 [INFO ] [e101/200 s30931] TR (n=72776) l=0.5998 a=81.1 f1=79.4 (5.6s)| VA (n=8226) l=0.5657 a=80.6, f1=79.4 (0.3s) | TE (n=8947) l=0.5620 a=80.0, f1=80.1 (0.3s)
2026-05-03 23:40:13 [INFO ] [e102/200 s31237] TR (n=72780) l=0.6112 a=80.8 f1=79.2 (5.5s)| VA (n=8226) l=0.7505 a=75.9, f1=74.4 (0.3s) | TE (n=8947) l=0.6090 a=79.4, f1=78.6 (0.3s)
2026-05-03 23:40:20 [INFO ] [e103/200 s31546] TR (n=72781) l=0.5901 a=81.6 f1=79.9 (5.6s)| VA (n=8226) l=0.5999 a=79.2, f1=77.9 (0.3s) | TE (n=8947) l=0.5890 a=79.2, f1=79.3 (0.3s)
2026-05-03 23:40:27 [INFO ] [e104/200 s31850] TR (n=72772) l=0.5936 a=81.6 f1=80.0 (5.4s)| VA (n=8226) l=0.6444 a=79.7, f1=78.0 (0.3s) | TE (n=8947) l=0.6262 a=78.7, f1=78.3 (0.3s)
2026-05-03 23:40:33 [INFO ] [e105/200 s32155] TR (n=72780) l=0.5827 a=81.4 f1=79.9 (5.5s)| VA (n=8226) l=0.7846 a=73.0, f1=72.3 (0.3s) | TE (n=8947) l=0.6306 a=78.5, f1=78.4 (0.3s)
2026-05-03 23:40:40 [INFO ] [e106/200 s32455] TR (n=72752) l=0.5777 a=81.4 f1=79.7 (5.5s)| VA (n=8226) l=0.6485 a=75.8, f1=75.1 (0.3s) | TE (n=8947) l=0.6302 a=77.5, f1=78.2 (0.3s)
2026-05-03 23:40:47 [INFO ] [e107/200 s32763] TR (n=72773) l=0.6059 a=80.9 f1=79.3 (5.6s)| VA (n=8226) l=0.7251 a=76.0, f1=75.3 (0.3s) | TE (n=8947) l=0.5409 a=80.8, f1=80.3 (0.3s)
2026-05-03 23:40:53 [INFO ] [e108/200 s33063] TR (n=72778) l=0.6191 a=81.2 f1=79.6 (5.4s)| VA (n=8226) l=0.7328 a=76.8, f1=74.9 (0.3s) | TE (n=8947) l=0.5826 a=78.7, f1=78.6 (0.3s)
2026-05-03 23:41:00 [INFO ] [e109/200 s33372] TR (n=72785) l=0.5859 a=81.7 f1=80.1 (5.6s)| VA (n=8226) l=0.6364 a=79.0, f1=77.3 (0.3s) | TE (n=8947) l=0.5634 a=80.4, f1=80.1 (0.3s)
2026-05-03 23:41:07 [INFO ] [e110/200 s33680] TR (n=72784) l=0.5881 a=81.6 f1=80.0 (5.6s)| VA (n=8226) l=0.6958 a=76.3, f1=74.8 (0.3s) | TE (n=8947) l=0.6615 a=76.5, f1=76.8 (0.3s)
2026-05-03 23:41:14 [INFO ] [e111/200 s33985] TR (n=72768) l=0.5946 a=81.3 f1=79.7 (5.5s)| VA (n=8226) l=0.7909 a=73.2, f1=71.8 (0.3s) | TE (n=8947) l=0.6205 a=77.0, f1=77.0 (0.3s)
2026-05-03 23:41:20 [INFO ] [e112/200 s34288] TR (n=72784) l=0.5818 a=81.5 f1=79.9 (5.5s)| VA (n=8226) l=0.6025 a=79.7, f1=78.0 (0.3s) | TE (n=8947) l=0.5289 a=81.1, f1=80.7 (0.3s)
2026-05-03 23:41:27 [INFO ] [e113/200 s34592] TR (n=72759) l=0.5894 a=81.6 f1=80.1 (5.6s)| VA (n=8226) l=0.7714 a=74.6, f1=71.4 (0.3s) | TE (n=8947) l=0.6537 a=77.7, f1=76.6 (0.3s)
2026-05-03 23:41:34 [INFO ] [e114/200 s34898] TR (n=72772) l=0.6013 a=81.2 f1=79.5 (5.6s)| VA (n=8226) l=0.7498 a=75.4, f1=74.0 (0.3s) | TE (n=8947) l=0.8704 a=71.8, f1=72.3 (0.3s)
2026-05-03 23:41:34 [INFO ] *** Early-stopping ***
2026-05-03 23:41:34 [INFO ] Load generated SIDs from isruc.txt
2026-05-03 23:41:34 [INFO ] SIDs (100): [  1   2   3   4   5   6   7   8   9  10  11  12  13  14  15  16  17  18
  19  20  21  22  23  24  25  26  27  28  29  30  31  32  33  34  35  36
  37  38  39  40  41  42  43  44  45  46  47  48  49  50  51  52  53  54
  55  56  57  58  59  60  61  62  63  64  65  66  67  68  69  70  71  72
  73  74  75  76  77  78  79  80  81  82  83  84  85  86  87  88  89  90
  91  92  93  94  95  96  97  98  99 100]
2026-05-03 23:41:34 [INFO ] Train SIDs: (81) [  3   4   5   6   7   8   9  10  11  12  13  14  15  16  17  18  19  20
  21  23  25  26  27  28  30  31  32  33  34  35  36  37  38  39  40  41
  42  43  44  45  46  48  49  50  51  52  53  54  55  56  57  58  59  60
  61  62  63  64  66  67  68  69  70  81  82  83  84  86  87  88  89  90
  91  93  94  95  96  97  98  99 100]
2026-05-03 23:41:34 [INFO ] Valid SIDs: (9) [24 92 65 22 47  2  1 85 29]
2026-05-03 23:41:34 [INFO ] Test SIDs: (10) [71 72 73 74 75 76 77 78 79 80]
2026-05-03 23:41:35 [INFO ] Training set (n_night_sleeps=81)
2026-05-03 23:41:35 [INFO ] (943, 3000, 1, 1)
2026-05-03 23:41:35 [INFO ] (963, 3000, 1, 1)
2026-05-03 23:41:35 [INFO ] (875, 3000, 1, 1)
2026-05-03 23:41:35 [INFO ] (897, 3000, 1, 1)
2026-05-03 23:41:35 [INFO ] (933, 3000, 1, 1)
2026-05-03 23:41:35 [INFO ] (904, 3000, 1, 1)
2026-05-03 23:41:35 [INFO ] (969, 3000, 1, 1)
2026-05-03 23:41:35 [INFO ] (842, 3000, 1, 1)
2026-05-03 23:41:35 [INFO ] (997, 3000, 1, 1)
2026-05-03 23:41:35 [INFO ] (850, 3000, 1, 1)
2026-05-03 23:41:35 [INFO ] (882, 3000, 1, 1)
2026-05-03 23:41:35 [INFO ] (906, 3000, 1, 1)
2026-05-03 23:41:35 [INFO ] (786, 3000, 1, 1)
2026-05-03 23:41:35 [INFO ] (883, 3000, 1, 1)
2026-05-03 23:41:35 [INFO ] (851, 3000, 1, 1)
2026-05-03 23:41:35 [INFO ] (999, 3000, 1, 1)
2026-05-03 23:41:35 [INFO ] (828, 3000, 1, 1)
2026-05-03 23:41:35 [INFO ] (950, 3000, 1, 1)
2026-05-03 23:41:35 [INFO ] (1054, 3000, 1, 1)
2026-05-03 23:41:35 [INFO ] (892, 3000, 1, 1)
2026-05-03 23:41:35 [INFO ] (921, 3000, 1, 1)
2026-05-03 23:41:35 [INFO ] (1062, 3000, 1, 1)
2026-05-03 23:41:35 [INFO ] (918, 3000, 1, 1)
2026-05-03 23:41:35 [INFO ] (882, 3000, 1, 1)
2026-05-03 23:41:35 [INFO ] (882, 3000, 1, 1)
2026-05-03 23:41:35 [INFO ] (877, 3000, 1, 1)
2026-05-03 23:41:35 [INFO ] (1010, 3000, 1, 1)
2026-05-03 23:41:35 [INFO ] (920, 3000, 1, 1)
2026-05-03 23:41:35 [INFO ] (871, 3000, 1, 1)
2026-05-03 23:41:35 [INFO ] (788, 3000, 1, 1)
2026-05-03 23:41:35 [INFO ] (987, 3000, 1, 1)
2026-05-03 23:41:35 [INFO ] (806, 3000, 1, 1)
2026-05-03 23:41:35 [INFO ] (932, 3000, 1, 1)
2026-05-03 23:41:35 [INFO ] (900, 3000, 1, 1)
2026-05-03 23:41:35 [INFO ] (875, 3000, 1, 1)
2026-05-03 23:41:35 [INFO ] (974, 3000, 1, 1)
2026-05-03 23:41:35 [INFO ] (812, 3000, 1, 1)
2026-05-03 23:41:35 [INFO ] (747, 3000, 1, 1)
2026-05-03 23:41:35 [INFO ] (932, 3000, 1, 1)
2026-05-03 23:41:35 [INFO ] (906, 3000, 1, 1)
2026-05-03 23:41:35 [INFO ] (863, 3000, 1, 1)
2026-05-03 23:41:35 [INFO ] (981, 3000, 1, 1)
2026-05-03 23:41:35 [INFO ] (793, 3000, 1, 1)
2026-05-03 23:41:35 [INFO ] (905, 3000, 1, 1)
2026-05-03 23:41:35 [INFO ] (856, 3000, 1, 1)
2026-05-03 23:41:35 [INFO ] (912, 3000, 1, 1)
2026-05-03 23:41:35 [INFO ] (910, 3000, 1, 1)
2026-05-03 23:41:35 [INFO ] (814, 3000, 1, 1)
2026-05-03 23:41:35 [INFO ] (879, 3000, 1, 1)
2026-05-03 23:41:35 [INFO ] (956, 3000, 1, 1)
2026-05-03 23:41:35 [INFO ] (1007, 3000, 1, 1)
2026-05-03 23:41:35 [INFO ] (965, 3000, 1, 1)
2026-05-03 23:41:35 [INFO ] (942, 3000, 1, 1)
2026-05-03 23:41:35 [INFO ] (916, 3000, 1, 1)
2026-05-03 23:41:35 [INFO ] (852, 3000, 1, 1)
2026-05-03 23:41:35 [INFO ] (864, 3000, 1, 1)
2026-05-03 23:41:35 [INFO ] (954, 3000, 1, 1)
2026-05-03 23:41:35 [INFO ] (892, 3000, 1, 1)
2026-05-03 23:41:35 [INFO ] (845, 3000, 1, 1)
2026-05-03 23:41:35 [INFO ] (862, 3000, 1, 1)
2026-05-03 23:41:35 [INFO ] (956, 3000, 1, 1)
2026-05-03 23:41:35 [INFO ] (815, 3000, 1, 1)
2026-05-03 23:41:35 [INFO ] (893, 3000, 1, 1)
2026-05-03 23:41:35 [INFO ] (911, 3000, 1, 1)
2026-05-03 23:41:35 [INFO ] (882, 3000, 1, 1)
2026-05-03 23:41:35 [INFO ] (925, 3000, 1, 1)
2026-05-03 23:41:35 [INFO ] (963, 3000, 1, 1)
2026-05-03 23:41:35 [INFO ] (964, 3000, 1, 1)
2026-05-03 23:41:35 [INFO ] (926, 3000, 1, 1)
2026-05-03 23:41:35 [INFO ] (1002, 3000, 1, 1)
2026-05-03 23:41:35 [INFO ] (1036, 3000, 1, 1)
2026-05-03 23:41:35 [INFO ] (933, 3000, 1, 1)
2026-05-03 23:41:35 [INFO ] (990, 3000, 1, 1)
2026-05-03 23:41:35 [INFO ] (870, 3000, 1, 1)
2026-05-03 23:41:35 [INFO ] (846, 3000, 1, 1)
2026-05-03 23:41:35 [INFO ] (865, 3000, 1, 1)
2026-05-03 23:41:35 [INFO ] (858, 3000, 1, 1)
2026-05-03 23:41:35 [INFO ] (912, 3000, 1, 1)
2026-05-03 23:41:35 [INFO ] (899, 3000, 1, 1)
2026-05-03 23:41:35 [INFO ] (835, 3000, 1, 1)
2026-05-03 23:41:35 [INFO ] (861, 3000, 1, 1)
2026-05-03 23:41:35 [INFO ] W: 17188
2026-05-03 23:41:35 [INFO ] N1: 9325
2026-05-03 23:41:35 [INFO ] N2: 22541
2026-05-03 23:41:35 [INFO ] N3: 14218
2026-05-03 23:41:35 [INFO ] REM: 10044
2026-05-03 23:41:35 [INFO ] Validation set (n_night_sleeps=9)
2026-05-03 23:41:35 [INFO ] (830, 3000, 1, 1)
2026-05-03 23:41:35 [INFO ] (877, 3000, 1, 1)
2026-05-03 23:41:35 [INFO ] (1014, 3000, 1, 1)
2026-05-03 23:41:35 [INFO ] (849, 3000, 1, 1)
2026-05-03 23:41:35 [INFO ] (838, 3000, 1, 1)
2026-05-03 23:41:35 [INFO ] (964, 3000, 1, 1)
2026-05-03 23:41:35 [INFO ] (880, 3000, 1, 1)
2026-05-03 23:41:35 [INFO ] (896, 3000, 1, 1)
2026-05-03 23:41:35 [INFO ] (912, 3000, 1, 1)
2026-05-03 23:41:35 [INFO ] W: 2026
2026-05-03 23:41:35 [INFO ] N1: 900
2026-05-03 23:41:35 [INFO ] N2: 2512
2026-05-03 23:41:35 [INFO ] N3: 1740
2026-05-03 23:41:35 [INFO ] REM: 882
2026-05-03 23:41:35 [INFO ] Test set (n_night_sleeps=10)
2026-05-03 23:41:35 [INFO ] (829, 3000, 1, 1)
2026-05-03 23:41:35 [INFO ] (872, 3000, 1, 1)
2026-05-03 23:41:35 [INFO ] (997, 3000, 1, 1)
2026-05-03 23:41:35 [INFO ] (897, 3000, 1, 1)
2026-05-03 23:41:35 [INFO ] (898, 3000, 1, 1)
2026-05-03 23:41:35 [INFO ] (850, 3000, 1, 1)
2026-05-03 23:41:35 [INFO ] (805, 3000, 1, 1)
2026-05-03 23:41:35 [INFO ] (894, 3000, 1, 1)
2026-05-03 23:41:35 [INFO ] (880, 3000, 1, 1)
2026-05-03 23:41:35 [INFO ] (889, 3000, 1, 1)
2026-05-03 23:41:35 [INFO ] W: 1765
2026-05-03 23:41:35 [INFO ] N1: 1288
2026-05-03 23:41:35 [INFO ] N2: 3234
2026-05-03 23:41:35 [INFO ] N3: 1522
2026-05-03 23:41:35 [INFO ] REM: 1002
2026-05-03 23:41:35 [INFO ]   Weighted cross entropy: True
2026-05-03 23:41:35 [INFO ]   Weighted cross entropy: [1.  1.5 1.  1.  1. ]
2026-05-03 23:41:35 [INFO ] using device 0
2026-05-03 23:41:35 [INFO ] Data Augmentation
2026-05-03 23:41:35 [INFO ]   Sequence: True
2026-05-03 23:41:35 [INFO ]   Signal full: True
2026-05-03 23:41:42 [INFO ] [e1/200 s308] TR (n=73041) l=1.6441 a=38.0 f1=31.7 (5.6s)| VA (n=8060) l=1.2280 a=53.3, f1=46.6 (0.3s) | TE (n=8811) l=1.1723 a=59.0, f1=53.1 (0.3s)
2026-05-03 23:41:42 [INFO ] Saved best checkpoint to out_isruc_gru_se/train/7/best_ckpt/best_model.ckpt
2026-05-03 23:41:49 [INFO ] [e2/200 s612] TR (n=73054) l=1.4049 a=51.6 f1=43.9 (5.5s)| VA (n=8060) l=1.7169 a=40.0, f1=32.8 (0.3s) | TE (n=8811) l=1.6649 a=43.4, f1=36.5 (0.3s)
2026-05-03 23:41:55 [INFO ] [e3/200 s919] TR (n=73070) l=1.3432 a=55.0 f1=48.8 (5.6s)| VA (n=8060) l=1.0722 a=60.2, f1=54.8 (0.3s) | TE (n=8811) l=1.2528 a=58.6, f1=54.2 (0.3s)
2026-05-03 23:41:55 [INFO ] Saved best checkpoint to out_isruc_gru_se/train/7/best_ckpt/best_model.ckpt
2026-05-03 23:42:02 [INFO ] [e4/200 s1226] TR (n=73082) l=1.2766 a=56.2 f1=50.0 (5.6s)| VA (n=8060) l=1.6566 a=49.8, f1=41.7 (0.3s) | TE (n=8811) l=1.6298 a=50.9, f1=39.5 (0.3s)
2026-05-03 23:42:09 [INFO ] [e5/200 s1531] TR (n=73076) l=1.2195 a=58.3 f1=53.3 (5.5s)| VA (n=8060) l=1.0728 a=61.0, f1=56.9 (0.3s) | TE (n=8811) l=1.2699 a=56.8, f1=53.1 (0.3s)
2026-05-03 23:42:09 [INFO ] Saved best checkpoint to out_isruc_gru_se/train/7/best_ckpt/best_model.ckpt
2026-05-03 23:42:16 [INFO ] [e6/200 s1841] TR (n=73069) l=1.2461 a=59.2 f1=55.0 (5.5s)| VA (n=8060) l=1.1011 a=53.4, f1=50.7 (0.3s) | TE (n=8811) l=1.3676 a=47.2, f1=47.9 (0.3s)
2026-05-03 23:42:23 [INFO ] [e7/200 s2146] TR (n=73102) l=1.1385 a=62.8 f1=59.6 (5.7s)| VA (n=8060) l=1.1612 a=55.9, f1=55.7 (0.3s) | TE (n=8811) l=1.2651 a=51.3, f1=52.3 (0.3s)
2026-05-03 23:42:29 [INFO ] [e8/200 s2447] TR (n=73058) l=1.1186 a=64.8 f1=62.0 (5.5s)| VA (n=8060) l=1.3299 a=52.0, f1=47.3 (0.3s) | TE (n=8811) l=1.5288 a=47.8, f1=46.7 (0.3s)
2026-05-03 23:42:36 [INFO ] [e9/200 s2754] TR (n=73086) l=1.0589 a=66.5 f1=63.8 (5.6s)| VA (n=8060) l=1.8751 a=47.2, f1=35.4 (0.3s) | TE (n=8811) l=1.8538 a=47.1, f1=36.2 (0.3s)
2026-05-03 23:42:43 [INFO ] [e10/200 s3056] TR (n=73071) l=1.0185 a=66.9 f1=64.3 (5.5s)| VA (n=8060) l=0.7327 a=74.3, f1=70.7 (0.3s) | TE (n=8811) l=0.8942 a=71.8, f1=68.7 (0.3s)
2026-05-03 23:42:43 [INFO ] Saved best checkpoint to out_isruc_gru_se/train/7/best_ckpt/best_model.ckpt
2026-05-03 23:42:50 [INFO ] [e11/200 s3365] TR (n=73077) l=1.0374 a=67.7 f1=65.0 (5.6s)| VA (n=8060) l=0.8419 a=69.7, f1=66.6 (0.3s) | TE (n=8811) l=1.0211 a=66.6, f1=65.8 (0.3s)
2026-05-03 23:42:56 [INFO ] [e12/200 s3669] TR (n=73089) l=0.9829 a=69.5 f1=67.0 (5.5s)| VA (n=8060) l=0.7665 a=71.0, f1=69.4 (0.3s) | TE (n=8811) l=0.8535 a=70.8, f1=69.7 (0.3s)
2026-05-03 23:43:03 [INFO ] [e13/200 s3973] TR (n=73049) l=0.9932 a=68.9 f1=66.3 (5.5s)| VA (n=8060) l=1.4822 a=51.1, f1=51.8 (0.3s) | TE (n=8811) l=1.7091 a=43.4, f1=46.0 (0.3s)
2026-05-03 23:43:10 [INFO ] [e14/200 s4277] TR (n=73089) l=0.9845 a=70.0 f1=67.6 (5.6s)| VA (n=8060) l=1.0915 a=59.8, f1=59.8 (0.3s) | TE (n=8811) l=1.1483 a=57.3, f1=59.2 (0.3s)
2026-05-03 23:43:17 [INFO ] [e15/200 s4584] TR (n=73068) l=0.9804 a=69.5 f1=67.0 (5.6s)| VA (n=8060) l=1.0068 a=63.9, f1=61.9 (0.3s) | TE (n=8811) l=1.0889 a=62.3, f1=62.1 (0.3s)
2026-05-03 23:43:24 [INFO ] [e16/200 s4893] TR (n=73077) l=0.9564 a=70.6 f1=68.2 (5.6s)| VA (n=8060) l=0.7170 a=73.9, f1=71.2 (0.3s) | TE (n=8811) l=0.7719 a=75.3, f1=73.7 (0.3s)
2026-05-03 23:43:30 [INFO ] [e17/200 s5199] TR (n=73069) l=0.9457 a=71.1 f1=68.8 (5.6s)| VA (n=8060) l=1.4542 a=53.5, f1=48.8 (0.3s) | TE (n=8811) l=1.5863 a=51.5, f1=49.3 (0.3s)
2026-05-03 23:43:37 [INFO ] [e18/200 s5503] TR (n=73078) l=0.9399 a=71.4 f1=69.1 (5.5s)| VA (n=8060) l=0.8196 a=69.4, f1=68.1 (0.3s) | TE (n=8811) l=0.8962 a=68.9, f1=68.8 (0.3s)
2026-05-03 23:43:44 [INFO ] [e19/200 s5810] TR (n=73060) l=0.9290 a=72.1 f1=69.9 (5.6s)| VA (n=8060) l=0.9740 a=65.8, f1=64.5 (0.3s) | TE (n=8811) l=1.0509 a=63.9, f1=64.1 (0.3s)
2026-05-03 23:43:51 [INFO ] [e20/200 s6116] TR (n=73065) l=0.8825 a=72.8 f1=70.5 (5.5s)| VA (n=8060) l=0.6469 a=77.9, f1=75.6 (0.3s) | TE (n=8811) l=0.7647 a=75.5, f1=73.8 (0.3s)
2026-05-03 23:43:51 [INFO ] Saved best checkpoint to out_isruc_gru_se/train/7/best_ckpt/best_model.ckpt
2026-05-03 23:43:57 [INFO ] [e21/200 s6425] TR (n=73080) l=0.8780 a=73.3 f1=71.2 (5.6s)| VA (n=8060) l=1.3264 a=58.6, f1=55.9 (0.3s) | TE (n=8811) l=1.3603 a=56.4, f1=55.9 (0.3s)
2026-05-03 23:44:04 [INFO ] [e22/200 s6729] TR (n=73074) l=0.9157 a=72.2 f1=69.9 (5.5s)| VA (n=8060) l=0.7395 a=72.1, f1=70.4 (0.3s) | TE (n=8811) l=0.8008 a=72.4, f1=71.7 (0.3s)
2026-05-03 23:44:11 [INFO ] [e23/200 s7034] TR (n=73077) l=0.8495 a=73.8 f1=71.7 (5.6s)| VA (n=8060) l=0.8612 a=70.0, f1=67.2 (0.3s) | TE (n=8811) l=0.9197 a=70.1, f1=67.6 (0.3s)
2026-05-03 23:44:18 [INFO ] [e24/200 s7340] TR (n=73079) l=0.8513 a=74.2 f1=71.8 (5.6s)| VA (n=8060) l=0.8413 a=70.8, f1=69.2 (0.3s) | TE (n=8811) l=0.9961 a=66.2, f1=65.8 (0.3s)
2026-05-03 23:44:25 [INFO ] [e25/200 s7650] TR (n=73069) l=0.8812 a=74.2 f1=72.2 (5.8s)| VA (n=8060) l=1.1028 a=63.6, f1=59.4 (0.3s) | TE (n=8811) l=1.0687 a=65.4, f1=58.0 (0.3s)
2026-05-03 23:44:31 [INFO ] [e26/200 s7960] TR (n=73099) l=0.8589 a=73.0 f1=71.1 (5.6s)| VA (n=8060) l=0.7705 a=73.0, f1=70.5 (0.3s) | TE (n=8811) l=0.7446 a=75.9, f1=73.9 (0.3s)
2026-05-03 23:44:38 [INFO ] [e27/200 s8264] TR (n=73105) l=0.8085 a=75.4 f1=73.3 (5.5s)| VA (n=8060) l=0.9416 a=69.9, f1=64.8 (0.3s) | TE (n=8811) l=1.1332 a=67.6, f1=63.7 (0.3s)
2026-05-03 23:44:45 [INFO ] [e28/200 s8571] TR (n=73071) l=0.7902 a=74.9 f1=72.7 (5.6s)| VA (n=8060) l=0.8916 a=70.5, f1=69.0 (0.3s) | TE (n=8811) l=1.0091 a=65.8, f1=65.6 (0.3s)
2026-05-03 23:44:52 [INFO ] [e29/200 s8879] TR (n=73083) l=0.8246 a=74.7 f1=72.7 (5.6s)| VA (n=8060) l=0.6327 a=78.4, f1=75.6 (0.3s) | TE (n=8811) l=0.7396 a=77.5, f1=75.2 (0.3s)
2026-05-03 23:44:59 [INFO ] [e30/200 s9186] TR (n=73073) l=0.8089 a=75.4 f1=73.2 (5.6s)| VA (n=8060) l=0.6962 a=75.1, f1=72.3 (0.3s) | TE (n=8811) l=0.7729 a=73.8, f1=72.3 (0.3s)
2026-05-03 23:45:05 [INFO ] [e31/200 s9492] TR (n=73083) l=0.7883 a=75.9 f1=74.1 (5.5s)| VA (n=8060) l=0.7168 a=75.2, f1=72.8 (0.3s) | TE (n=8811) l=0.7362 a=75.2, f1=74.4 (0.3s)
2026-05-03 23:45:12 [INFO ] [e32/200 s9798] TR (n=73079) l=0.8167 a=75.4 f1=73.4 (5.6s)| VA (n=8060) l=0.6477 a=77.8, f1=75.4 (0.3s) | TE (n=8811) l=0.6999 a=76.9, f1=75.7 (0.3s)
2026-05-03 23:45:19 [INFO ] [e33/200 s10106] TR (n=73078) l=0.7896 a=76.1 f1=74.0 (5.6s)| VA (n=8060) l=0.7525 a=74.4, f1=71.6 (0.3s) | TE (n=8811) l=0.8910 a=72.8, f1=71.6 (0.3s)
2026-05-03 23:45:26 [INFO ] [e34/200 s10417] TR (n=73083) l=0.7855 a=76.2 f1=74.4 (5.7s)| VA (n=8060) l=0.9712 a=67.6, f1=64.2 (0.3s) | TE (n=8811) l=0.8502 a=71.8, f1=67.0 (0.3s)
2026-05-03 23:45:33 [INFO ] [e35/200 s10719] TR (n=73079) l=0.7450 a=76.5 f1=74.5 (5.5s)| VA (n=8060) l=0.8163 a=70.5, f1=68.4 (0.3s) | TE (n=8811) l=0.7654 a=73.3, f1=70.9 (0.3s)
2026-05-03 23:45:40 [INFO ] [e36/200 s11024] TR (n=73086) l=0.7454 a=77.5 f1=75.6 (5.5s)| VA (n=8060) l=0.6543 a=76.8, f1=74.9 (0.3s) | TE (n=8811) l=0.7504 a=75.1, f1=74.1 (0.3s)
2026-05-03 23:45:46 [INFO ] [e37/200 s11331] TR (n=73067) l=0.7457 a=76.9 f1=75.0 (5.6s)| VA (n=8060) l=0.6883 a=76.6, f1=73.8 (0.3s) | TE (n=8811) l=0.7806 a=75.0, f1=72.7 (0.3s)
2026-05-03 23:45:53 [INFO ] [e38/200 s11637] TR (n=73084) l=0.7517 a=77.3 f1=75.4 (5.6s)| VA (n=8060) l=0.8070 a=71.5, f1=69.6 (0.3s) | TE (n=8811) l=0.7634 a=74.0, f1=71.7 (0.3s)
2026-05-03 23:46:00 [INFO ] [e39/200 s11941] TR (n=73091) l=0.7225 a=77.8 f1=76.0 (5.3s)| VA (n=8060) l=0.8443 a=71.0, f1=69.2 (0.3s) | TE (n=8811) l=0.7483 a=75.6, f1=73.4 (0.3s)
2026-05-03 23:46:06 [INFO ] [e40/200 s12247] TR (n=73080) l=0.7323 a=77.7 f1=75.7 (5.3s)| VA (n=8060) l=0.6281 a=78.2, f1=75.6 (0.3s) | TE (n=8811) l=0.7402 a=76.7, f1=74.7 (0.3s)
2026-05-03 23:46:06 [INFO ] Saved best checkpoint to out_isruc_gru_se/train/7/best_ckpt/best_model.ckpt
2026-05-03 23:46:13 [INFO ] [e41/200 s12550] TR (n=73081) l=0.7530 a=77.6 f1=75.7 (5.5s)| VA (n=8060) l=0.6603 a=77.4, f1=75.4 (0.3s) | TE (n=8811) l=0.7177 a=76.8, f1=75.4 (0.3s)
2026-05-03 23:46:20 [INFO ] [e42/200 s12858] TR (n=73055) l=0.7416 a=77.8 f1=75.8 (5.6s)| VA (n=8060) l=0.8212 a=72.0, f1=69.6 (0.3s) | TE (n=8811) l=0.7579 a=76.0, f1=74.0 (0.3s)
2026-05-03 23:46:26 [INFO ] [e43/200 s13165] TR (n=73074) l=0.7337 a=77.8 f1=75.8 (5.6s)| VA (n=8060) l=0.6910 a=76.7, f1=74.2 (0.3s) | TE (n=8811) l=0.7166 a=75.6, f1=73.6 (0.3s)
2026-05-03 23:46:33 [INFO ] [e44/200 s13472] TR (n=73058) l=0.7174 a=78.3 f1=76.5 (5.5s)| VA (n=8060) l=0.6852 a=75.8, f1=73.1 (0.3s) | TE (n=8811) l=0.7311 a=75.3, f1=73.8 (0.3s)
2026-05-03 23:46:40 [INFO ] [e45/200 s13778] TR (n=73073) l=0.7180 a=78.6 f1=76.7 (5.5s)| VA (n=8060) l=0.7021 a=74.6, f1=72.0 (0.3s) | TE (n=8811) l=0.7147 a=75.4, f1=73.2 (0.3s)
2026-05-03 23:46:47 [INFO ] [e46/200 s14086] TR (n=73077) l=0.7142 a=77.7 f1=75.9 (5.6s)| VA (n=8060) l=0.7360 a=75.0, f1=73.3 (0.3s) | TE (n=8811) l=0.6643 a=77.6, f1=75.9 (0.3s)
2026-05-03 23:46:53 [INFO ] [e47/200 s14391] TR (n=73042) l=0.6853 a=78.7 f1=77.0 (5.5s)| VA (n=8060) l=0.6752 a=76.9, f1=74.1 (0.3s) | TE (n=8811) l=0.6935 a=78.0, f1=75.9 (0.3s)
2026-05-03 23:47:01 [INFO ] [e48/200 s14700] TR (n=73073) l=0.6984 a=78.4 f1=76.7 (5.8s)| VA (n=8060) l=0.6701 a=76.5, f1=72.4 (0.3s) | TE (n=8811) l=0.7314 a=76.2, f1=72.7 (0.3s)
2026-05-03 23:47:07 [INFO ] [e49/200 s15008] TR (n=73066) l=0.6954 a=78.6 f1=76.7 (5.7s)| VA (n=8060) l=0.7000 a=75.7, f1=72.9 (0.3s) | TE (n=8811) l=0.6905 a=77.8, f1=75.6 (0.3s)
2026-05-03 23:47:14 [INFO ] [e50/200 s15317] TR (n=73054) l=0.6932 a=79.0 f1=77.3 (5.6s)| VA (n=8060) l=0.7746 a=74.2, f1=72.3 (0.3s) | TE (n=8811) l=0.7868 a=73.4, f1=72.7 (0.3s)
2026-05-03 23:47:14 [INFO ] >> Confusion Matrix
2026-05-03 23:47:14 [INFO ] [[1592  129   12    1   31]
 [ 170  779  144    2  193]
 [  45  646 2276   35  232]
 [   4    3  478 1010   27]
 [  54  123   12    0  813]]
2026-05-03 23:47:21 [INFO ] [e51/200 s15627] TR (n=73057) l=0.6782 a=79.1 f1=77.3 (5.6s)| VA (n=8060) l=0.9615 a=68.3, f1=65.5 (0.3s) | TE (n=8811) l=0.8439 a=74.8, f1=71.7 (0.3s)
2026-05-03 23:47:28 [INFO ] [e52/200 s15934] TR (n=73076) l=0.6743 a=79.3 f1=77.4 (5.6s)| VA (n=8060) l=0.6888 a=75.6, f1=73.8 (0.3s) | TE (n=8811) l=0.6511 a=78.1, f1=76.6 (0.3s)
2026-05-03 23:47:35 [INFO ] [e53/200 s16245] TR (n=73090) l=0.6889 a=79.5 f1=77.7 (5.7s)| VA (n=8060) l=0.6496 a=77.5, f1=75.2 (0.3s) | TE (n=8811) l=0.7161 a=77.5, f1=75.7 (0.3s)
2026-05-03 23:47:42 [INFO ] [e54/200 s16547] TR (n=73100) l=0.6691 a=79.0 f1=77.3 (5.5s)| VA (n=8060) l=0.6949 a=76.1, f1=73.8 (0.3s) | TE (n=8811) l=0.7641 a=74.6, f1=74.2 (0.3s)
2026-05-03 23:47:48 [INFO ] [e55/200 s16853] TR (n=73089) l=0.6907 a=78.9 f1=77.0 (5.6s)| VA (n=8060) l=0.6649 a=77.7, f1=75.0 (0.3s) | TE (n=8811) l=0.6619 a=78.2, f1=76.0 (0.3s)
2026-05-03 23:47:55 [INFO ] [e56/200 s17157] TR (n=73066) l=0.6863 a=79.6 f1=77.9 (5.5s)| VA (n=8060) l=0.6475 a=77.5, f1=75.0 (0.3s) | TE (n=8811) l=0.6781 a=77.9, f1=76.0 (0.3s)
2026-05-03 23:48:02 [INFO ] [e57/200 s17462] TR (n=73083) l=0.6755 a=79.4 f1=77.7 (5.5s)| VA (n=8060) l=0.7020 a=77.4, f1=74.6 (0.3s) | TE (n=8811) l=0.7277 a=77.0, f1=74.9 (0.3s)
2026-05-03 23:48:09 [INFO ] [e58/200 s17766] TR (n=73068) l=0.6896 a=79.1 f1=77.6 (5.5s)| VA (n=8060) l=0.8471 a=70.6, f1=68.7 (0.3s) | TE (n=8811) l=0.7111 a=75.8, f1=75.0 (0.3s)
2026-05-03 23:48:16 [INFO ] [e59/200 s18072] TR (n=73101) l=0.6598 a=79.7 f1=78.0 (5.7s)| VA (n=8060) l=0.7045 a=77.0, f1=74.5 (0.3s) | TE (n=8811) l=0.6878 a=79.0, f1=75.9 (0.3s)
2026-05-03 23:48:23 [INFO ] [e60/200 s18378] TR (n=73079) l=0.6663 a=79.5 f1=77.7 (5.7s)| VA (n=8060) l=0.6230 a=78.5, f1=76.3 (0.3s) | TE (n=8811) l=0.6790 a=76.4, f1=75.5 (0.3s)
2026-05-03 23:48:23 [INFO ] Saved best checkpoint to out_isruc_gru_se/train/7/best_ckpt/best_model.ckpt
2026-05-03 23:48:29 [INFO ] [e61/200 s18686] TR (n=73067) l=0.6877 a=79.1 f1=77.4 (5.7s)| VA (n=8060) l=0.6487 a=77.3, f1=74.8 (0.3s) | TE (n=8811) l=0.7404 a=75.4, f1=73.9 (0.3s)
2026-05-03 23:48:36 [INFO ] [e62/200 s18994] TR (n=73101) l=0.6520 a=79.6 f1=78.0 (5.5s)| VA (n=8060) l=0.7006 a=75.5, f1=73.8 (0.3s) | TE (n=8811) l=0.6656 a=77.1, f1=75.4 (0.3s)
2026-05-03 23:48:43 [INFO ] [e63/200 s19299] TR (n=73071) l=0.6662 a=79.4 f1=77.8 (5.5s)| VA (n=8060) l=0.6588 a=76.4, f1=73.9 (0.3s) | TE (n=8811) l=0.7917 a=73.1, f1=72.3 (0.3s)
2026-05-03 23:48:50 [INFO ] [e64/200 s19606] TR (n=73065) l=0.6342 a=80.0 f1=78.2 (5.6s)| VA (n=8060) l=0.7628 a=74.0, f1=69.9 (0.3s) | TE (n=8811) l=0.7447 a=75.6, f1=72.9 (0.3s)
2026-05-03 23:48:57 [INFO ] [e65/200 s19913] TR (n=73066) l=0.6374 a=80.0 f1=78.2 (5.6s)| VA (n=8060) l=0.6465 a=78.1, f1=76.2 (0.3s) | TE (n=8811) l=0.6788 a=76.6, f1=75.6 (0.3s)
2026-05-03 23:49:03 [INFO ] [e66/200 s20220] TR (n=73076) l=0.6585 a=79.5 f1=78.0 (5.5s)| VA (n=8060) l=0.7044 a=76.5, f1=74.3 (0.3s) | TE (n=8811) l=0.6798 a=78.0, f1=76.1 (0.3s)
2026-05-03 23:49:10 [INFO ] [e67/200 s20522] TR (n=73076) l=0.6429 a=79.6 f1=77.9 (5.5s)| VA (n=8060) l=0.6918 a=76.0, f1=74.7 (0.3s) | TE (n=8811) l=0.8112 a=72.5, f1=72.2 (0.3s)
2026-05-03 23:49:17 [INFO ] [e68/200 s20830] TR (n=73062) l=0.6833 a=79.7 f1=78.0 (5.6s)| VA (n=8060) l=0.8690 a=69.2, f1=66.8 (0.3s) | TE (n=8811) l=0.9506 a=71.2, f1=68.6 (0.3s)
2026-05-03 23:49:24 [INFO ] [e69/200 s21138] TR (n=73066) l=0.6422 a=80.3 f1=78.5 (5.6s)| VA (n=8060) l=0.6362 a=77.4, f1=75.1 (0.3s) | TE (n=8811) l=0.7182 a=76.4, f1=74.9 (0.3s)
2026-05-03 23:49:30 [INFO ] [e70/200 s21444] TR (n=73067) l=0.6273 a=80.0 f1=78.3 (5.5s)| VA (n=8060) l=0.6741 a=76.3, f1=74.1 (0.3s) | TE (n=8811) l=0.6576 a=77.6, f1=76.1 (0.3s)
2026-05-03 23:49:37 [INFO ] [e71/200 s21747] TR (n=73061) l=0.6302 a=80.4 f1=78.8 (5.5s)| VA (n=8060) l=0.7869 a=73.0, f1=71.4 (0.3s) | TE (n=8811) l=0.7144 a=76.3, f1=74.4 (0.3s)
2026-05-03 23:49:44 [INFO ] [e72/200 s22056] TR (n=73083) l=0.6265 a=80.6 f1=79.0 (5.6s)| VA (n=8060) l=0.6898 a=77.7, f1=75.7 (0.3s) | TE (n=8811) l=0.7029 a=77.1, f1=75.4 (0.3s)
2026-05-03 23:49:51 [INFO ] [e73/200 s22354] TR (n=73090) l=0.6207 a=81.2 f1=79.5 (5.4s)| VA (n=8060) l=0.7957 a=73.7, f1=72.0 (0.3s) | TE (n=8811) l=0.8117 a=71.3, f1=71.2 (0.3s)
2026-05-03 23:49:57 [INFO ] [e74/200 s22657] TR (n=73079) l=0.6390 a=80.4 f1=78.8 (5.5s)| VA (n=8060) l=0.6402 a=77.7, f1=75.7 (0.3s) | TE (n=8811) l=0.7078 a=77.1, f1=75.7 (0.3s)
2026-05-03 23:50:04 [INFO ] [e75/200 s22964] TR (n=73053) l=0.6256 a=80.7 f1=79.1 (5.6s)| VA (n=8060) l=0.6954 a=77.0, f1=74.1 (0.3s) | TE (n=8811) l=0.7612 a=77.6, f1=75.2 (0.3s)
2026-05-03 23:50:11 [INFO ] [e76/200 s23272] TR (n=73052) l=0.6362 a=80.8 f1=79.2 (5.7s)| VA (n=8060) l=0.6955 a=75.0, f1=73.1 (0.3s) | TE (n=8811) l=0.7409 a=74.3, f1=73.4 (0.3s)
2026-05-03 23:50:18 [INFO ] [e77/200 s23578] TR (n=73055) l=0.6452 a=80.4 f1=78.8 (5.6s)| VA (n=8060) l=0.5969 a=79.3, f1=77.3 (0.3s) | TE (n=8811) l=0.6398 a=78.2, f1=77.5 (0.3s)
2026-05-03 23:50:18 [INFO ] Saved best checkpoint to out_isruc_gru_se/train/7/best_ckpt/best_model.ckpt
2026-05-03 23:50:25 [INFO ] [e78/200 s23888] TR (n=73059) l=0.6083 a=81.0 f1=79.4 (5.6s)| VA (n=8060) l=0.8026 a=71.4, f1=68.6 (0.3s) | TE (n=8811) l=0.7836 a=74.4, f1=72.2 (0.3s)
2026-05-03 23:50:32 [INFO ] [e79/200 s24191] TR (n=73051) l=0.6403 a=80.2 f1=78.6 (5.5s)| VA (n=8060) l=0.6662 a=77.6, f1=75.8 (0.3s) | TE (n=8811) l=0.6685 a=78.5, f1=76.5 (0.3s)
2026-05-03 23:50:39 [INFO ] [e80/200 s24500] TR (n=73036) l=0.6218 a=80.9 f1=79.3 (5.6s)| VA (n=8060) l=0.6693 a=76.6, f1=74.2 (0.3s) | TE (n=8811) l=0.6689 a=76.9, f1=75.8 (0.3s)
2026-05-03 23:50:45 [INFO ] [e81/200 s24804] TR (n=73077) l=0.5852 a=81.2 f1=79.6 (5.5s)| VA (n=8060) l=0.7328 a=75.2, f1=72.9 (0.3s) | TE (n=8811) l=0.7041 a=76.8, f1=74.9 (0.3s)
2026-05-03 23:50:52 [INFO ] [e82/200 s25113] TR (n=73057) l=0.5791 a=81.4 f1=79.8 (5.6s)| VA (n=8060) l=0.6174 a=80.0, f1=77.6 (0.3s) | TE (n=8811) l=0.6766 a=77.9, f1=75.9 (0.3s)
2026-05-03 23:50:52 [INFO ] Saved best checkpoint to out_isruc_gru_se/train/7/best_ckpt/best_model.ckpt
2026-05-03 23:50:59 [INFO ] [e83/200 s25420] TR (n=73065) l=0.6094 a=81.4 f1=79.8 (5.6s)| VA (n=8060) l=0.6116 a=78.9, f1=76.5 (0.3s) | TE (n=8811) l=0.7082 a=77.2, f1=75.6 (0.3s)
2026-05-03 23:51:06 [INFO ] [e84/200 s25726] TR (n=73053) l=0.6065 a=81.2 f1=79.6 (5.5s)| VA (n=8060) l=0.7044 a=75.2, f1=73.1 (0.3s) | TE (n=8811) l=0.8389 a=71.9, f1=70.6 (0.3s)
2026-05-03 23:51:12 [INFO ] [e85/200 s26034] TR (n=73060) l=0.6042 a=81.1 f1=79.5 (5.6s)| VA (n=8060) l=0.8039 a=72.3, f1=70.2 (0.3s) | TE (n=8811) l=0.9756 a=67.9, f1=67.7 (0.3s)
2026-05-03 23:51:19 [INFO ] [e86/200 s26344] TR (n=73080) l=0.6039 a=81.2 f1=79.7 (5.6s)| VA (n=8060) l=0.6704 a=77.0, f1=74.9 (0.3s) | TE (n=8811) l=0.7030 a=77.3, f1=74.9 (0.3s)
2026-05-03 23:51:26 [INFO ] [e87/200 s26650] TR (n=73074) l=0.6037 a=81.3 f1=79.7 (5.5s)| VA (n=8060) l=0.5809 a=79.0, f1=77.2 (0.3s) | TE (n=8811) l=0.7685 a=73.6, f1=73.3 (0.3s)
2026-05-03 23:51:33 [INFO ] [e88/200 s26956] TR (n=73058) l=0.5994 a=81.1 f1=79.5 (5.6s)| VA (n=8060) l=0.7264 a=76.0, f1=73.2 (0.3s) | TE (n=8811) l=0.7729 a=76.8, f1=73.7 (0.3s)
2026-05-03 23:51:40 [INFO ] [e89/200 s27266] TR (n=73075) l=0.6515 a=80.5 f1=78.9 (5.6s)| VA (n=8060) l=0.7349 a=76.6, f1=73.9 (0.3s) | TE (n=8811) l=0.8435 a=75.0, f1=72.7 (0.3s)
2026-05-03 23:51:47 [INFO ] [e90/200 s27572] TR (n=73074) l=0.6294 a=80.6 f1=79.0 (5.7s)| VA (n=8060) l=0.6546 a=77.8, f1=76.1 (0.3s) | TE (n=8811) l=0.6520 a=78.6, f1=77.4 (0.3s)
2026-05-03 23:51:53 [INFO ] [e91/200 s27877] TR (n=73041) l=0.5949 a=81.1 f1=79.6 (5.7s)| VA (n=8060) l=0.6610 a=78.8, f1=76.0 (0.3s) | TE (n=8811) l=0.6724 a=78.0, f1=76.4 (0.3s)
2026-05-03 23:52:01 [INFO ] [e92/200 s28182] TR (n=73062) l=0.5948 a=81.6 f1=80.0 (5.7s)| VA (n=8060) l=0.6190 a=79.0, f1=76.9 (0.3s) | TE (n=8811) l=0.6619 a=78.4, f1=77.1 (0.3s)
2026-05-03 23:52:07 [INFO ] [e93/200 s28481] TR (n=73077) l=0.6008 a=81.4 f1=79.9 (5.5s)| VA (n=8060) l=0.6754 a=78.4, f1=76.3 (0.3s) | TE (n=8811) l=0.6748 a=79.0, f1=76.5 (0.3s)
2026-05-03 23:52:14 [INFO ] [e94/200 s28783] TR (n=73080) l=0.6171 a=81.0 f1=79.3 (5.6s)| VA (n=8060) l=0.9224 a=72.9, f1=69.1 (0.3s) | TE (n=8811) l=0.9370 a=70.8, f1=68.0 (0.3s)
2026-05-03 23:52:21 [INFO ] [e95/200 s29087] TR (n=73078) l=0.5910 a=81.3 f1=79.8 (5.6s)| VA (n=8060) l=0.6125 a=79.6, f1=77.5 (0.3s) | TE (n=8811) l=0.6594 a=78.2, f1=76.9 (0.3s)
2026-05-03 23:52:28 [INFO ] [e96/200 s29394] TR (n=73075) l=0.5994 a=81.4 f1=79.8 (5.8s)| VA (n=8060) l=0.6779 a=78.8, f1=76.6 (0.3s) | TE (n=8811) l=0.7244 a=77.0, f1=75.6 (0.3s)
2026-05-03 23:52:35 [INFO ] [e97/200 s29703] TR (n=73058) l=0.5870 a=81.8 f1=80.3 (5.6s)| VA (n=8060) l=0.5767 a=78.7, f1=76.8 (0.3s) | TE (n=8811) l=0.6927 a=75.6, f1=74.9 (0.3s)
2026-05-03 23:52:41 [INFO ] [e98/200 s30009] TR (n=73066) l=0.5887 a=81.6 f1=80.2 (5.6s)| VA (n=8060) l=0.6195 a=78.8, f1=77.0 (0.3s) | TE (n=8811) l=0.6499 a=78.2, f1=77.1 (0.3s)
2026-05-03 23:52:48 [INFO ] [e99/200 s30317] TR (n=73060) l=0.5792 a=81.6 f1=80.1 (5.6s)| VA (n=8060) l=0.5764 a=80.1, f1=78.2 (0.3s) | TE (n=8811) l=0.6449 a=77.2, f1=76.7 (0.3s)
2026-05-03 23:52:48 [INFO ] Saved best checkpoint to out_isruc_gru_se/train/7/best_ckpt/best_model.ckpt
2026-05-03 23:52:55 [INFO ] [e100/200 s30622] TR (n=73076) l=0.5894 a=81.8 f1=80.4 (5.5s)| VA (n=8060) l=0.8048 a=70.9, f1=69.4 (0.3s) | TE (n=8811) l=0.7177 a=75.7, f1=74.1 (0.3s)
2026-05-03 23:52:55 [INFO ] >> Confusion Matrix
2026-05-03 23:52:55 [INFO ] [[1269  400   75    2   19]
 [  25  706  409    2  146]
 [   4  245 2906   30   49]
 [   0    3  499 1020    0]
 [   2  119  116    0  765]]
2026-05-03 23:53:02 [INFO ] [e101/200 s30928] TR (n=73063) l=0.5977 a=81.2 f1=79.7 (5.6s)| VA (n=8060) l=0.5963 a=80.0, f1=77.8 (0.3s) | TE (n=8811) l=0.6758 a=77.8, f1=76.3 (0.3s)
2026-05-03 23:53:09 [INFO ] [e102/200 s31236] TR (n=73086) l=0.5791 a=81.7 f1=80.2 (5.6s)| VA (n=8060) l=0.6473 a=79.3, f1=76.9 (0.3s) | TE (n=8811) l=0.6754 a=78.7, f1=76.8 (0.3s)
2026-05-03 23:53:16 [INFO ] [e103/200 s31542] TR (n=73080) l=0.6032 a=81.3 f1=79.8 (5.6s)| VA (n=8060) l=0.6295 a=78.9, f1=76.7 (0.3s) | TE (n=8811) l=0.6984 a=76.8, f1=75.9 (0.3s)
2026-05-03 23:53:23 [INFO ] [e104/200 s31852] TR (n=73087) l=0.5687 a=82.0 f1=80.5 (5.6s)| VA (n=8060) l=0.5906 a=78.6, f1=75.9 (0.3s) | TE (n=8811) l=0.6473 a=77.5, f1=76.3 (0.3s)
2026-05-03 23:53:29 [INFO ] [e105/200 s32157] TR (n=73071) l=0.5646 a=81.8 f1=80.2 (5.6s)| VA (n=8060) l=0.5838 a=79.9, f1=78.0 (0.3s) | TE (n=8811) l=0.6583 a=77.8, f1=76.9 (0.3s)
2026-05-03 23:53:36 [INFO ] [e106/200 s32462] TR (n=73078) l=0.5630 a=82.2 f1=80.8 (5.6s)| VA (n=8060) l=0.6539 a=79.1, f1=77.1 (0.3s) | TE (n=8811) l=0.6292 a=79.1, f1=77.4 (0.3s)
2026-05-03 23:53:43 [INFO ] [e107/200 s32769] TR (n=73064) l=0.5637 a=82.4 f1=80.9 (5.5s)| VA (n=8060) l=0.6239 a=78.8, f1=76.8 (0.3s) | TE (n=8811) l=0.6942 a=76.9, f1=75.8 (0.3s)
2026-05-03 23:53:50 [INFO ] [e108/200 s33076] TR (n=73083) l=0.5986 a=81.1 f1=79.6 (5.6s)| VA (n=8060) l=0.7506 a=74.6, f1=72.5 (0.3s) | TE (n=8811) l=0.8162 a=73.8, f1=72.3 (0.3s)
2026-05-03 23:53:56 [INFO ] [e109/200 s33382] TR (n=73061) l=0.5891 a=81.4 f1=79.9 (5.5s)| VA (n=8060) l=0.7002 a=76.5, f1=74.4 (0.3s) | TE (n=8811) l=0.7563 a=75.2, f1=74.1 (0.3s)
2026-05-03 23:54:03 [INFO ] [e110/200 s33690] TR (n=73075) l=0.5981 a=81.7 f1=80.2 (5.6s)| VA (n=8060) l=0.6522 a=78.0, f1=76.3 (0.3s) | TE (n=8811) l=0.7612 a=75.7, f1=74.1 (0.3s)
2026-05-03 23:54:10 [INFO ] [e111/200 s33993] TR (n=73071) l=0.5781 a=81.9 f1=80.5 (5.5s)| VA (n=8060) l=0.6085 a=78.3, f1=76.7 (0.3s) | TE (n=8811) l=0.6129 a=77.9, f1=77.3 (0.3s)
2026-05-03 23:54:17 [INFO ] [e112/200 s34300] TR (n=73058) l=0.5644 a=82.2 f1=80.7 (5.6s)| VA (n=8060) l=0.6336 a=78.8, f1=76.9 (0.3s) | TE (n=8811) l=0.6389 a=79.0, f1=77.7 (0.3s)
2026-05-03 23:54:23 [INFO ] [e113/200 s34605] TR (n=73086) l=0.5771 a=82.1 f1=80.6 (5.6s)| VA (n=8060) l=0.5812 a=80.1, f1=78.3 (0.3s) | TE (n=8811) l=0.6036 a=79.1, f1=78.4 (0.3s)
2026-05-03 23:54:30 [INFO ] [e114/200 s34913] TR (n=73072) l=0.5747 a=81.9 f1=80.5 (5.6s)| VA (n=8060) l=0.6290 a=79.0, f1=76.7 (0.3s) | TE (n=8811) l=0.7168 a=78.4, f1=76.5 (0.3s)
2026-05-03 23:54:37 [INFO ] [e115/200 s35219] TR (n=73070) l=0.5714 a=81.9 f1=80.5 (5.6s)| VA (n=8060) l=0.5996 a=78.8, f1=77.1 (0.3s) | TE (n=8811) l=0.6211 a=79.7, f1=78.2 (0.3s)
2026-05-03 23:54:44 [INFO ] [e116/200 s35525] TR (n=73064) l=0.5825 a=81.9 f1=80.5 (5.5s)| VA (n=8060) l=0.6852 a=76.8, f1=74.9 (0.3s) | TE (n=8811) l=0.7045 a=76.6, f1=75.3 (0.3s)
2026-05-03 23:54:51 [INFO ] [e117/200 s35834] TR (n=73077) l=0.5477 a=82.7 f1=81.3 (5.6s)| VA (n=8060) l=0.5636 a=80.2, f1=78.2 (0.3s) | TE (n=8811) l=0.6473 a=77.9, f1=76.6 (0.3s)
2026-05-03 23:54:51 [INFO ] Saved best checkpoint to out_isruc_gru_se/train/7/best_ckpt/best_model.ckpt
2026-05-03 23:54:58 [INFO ] [e118/200 s36139] TR (n=73074) l=0.5569 a=82.3 f1=80.9 (5.6s)| VA (n=8060) l=0.6271 a=78.8, f1=77.4 (0.3s) | TE (n=8811) l=0.6251 a=77.8, f1=76.9 (0.3s)
2026-05-03 23:55:04 [INFO ] [e119/200 s36447] TR (n=73070) l=0.5619 a=81.9 f1=80.5 (5.5s)| VA (n=8060) l=0.6013 a=79.3, f1=77.7 (0.3s) | TE (n=8811) l=0.6465 a=78.1, f1=76.9 (0.3s)
2026-05-03 23:55:11 [INFO ] [e120/200 s36754] TR (n=73066) l=0.5530 a=82.5 f1=81.1 (5.6s)| VA (n=8060) l=0.6776 a=76.8, f1=74.3 (0.3s) | TE (n=8811) l=0.6935 a=77.7, f1=76.1 (0.3s)
2026-05-03 23:55:18 [INFO ] [e121/200 s37061] TR (n=73060) l=0.5674 a=82.1 f1=80.7 (5.6s)| VA (n=8060) l=0.6073 a=80.4, f1=78.1 (0.3s) | TE (n=8811) l=0.6321 a=78.8, f1=77.2 (0.3s)
2026-05-03 23:55:25 [INFO ] [e122/200 s37368] TR (n=73074) l=0.5564 a=82.1 f1=80.7 (5.6s)| VA (n=8060) l=0.7905 a=75.0, f1=72.7 (0.3s) | TE (n=8811) l=0.6701 a=79.2, f1=76.8 (0.3s)
2026-05-03 23:55:31 [INFO ] [e123/200 s37674] TR (n=73068) l=0.5531 a=82.5 f1=81.1 (5.5s)| VA (n=8060) l=0.6697 a=76.0, f1=74.1 (0.3s) | TE (n=8811) l=0.6325 a=78.2, f1=77.3 (0.3s)
2026-05-03 23:55:38 [INFO ] [e124/200 s37980] TR (n=73082) l=0.5484 a=82.6 f1=81.2 (5.5s)| VA (n=8060) l=0.6202 a=78.3, f1=76.5 (0.3s) | TE (n=8811) l=0.6673 a=77.0, f1=75.8 (0.3s)
2026-05-03 23:55:45 [INFO ] [e125/200 s38285] TR (n=73066) l=0.5513 a=82.4 f1=81.1 (5.5s)| VA (n=8060) l=0.6517 a=78.6, f1=76.7 (0.3s) | TE (n=8811) l=0.6614 a=78.5, f1=77.1 (0.3s)
2026-05-03 23:55:52 [INFO ] [e126/200 s38591] TR (n=73091) l=0.5845 a=82.2 f1=80.8 (5.6s)| VA (n=8060) l=0.6838 a=76.4, f1=73.5 (0.3s) | TE (n=8811) l=0.7556 a=77.5, f1=75.1 (0.3s)
2026-05-03 23:55:59 [INFO ] [e127/200 s38897] TR (n=73065) l=0.5694 a=82.2 f1=80.8 (5.6s)| VA (n=8060) l=0.6241 a=77.8, f1=75.5 (0.3s) | TE (n=8811) l=0.6832 a=77.7, f1=76.4 (0.3s)
2026-05-03 23:56:06 [INFO ] [e128/200 s39200] TR (n=73095) l=0.5482 a=82.4 f1=81.0 (5.7s)| VA (n=8060) l=0.6982 a=75.8, f1=73.4 (0.3s) | TE (n=8811) l=0.7683 a=74.2, f1=73.0 (0.3s)
2026-05-03 23:56:13 [INFO ] [e129/200 s39505] TR (n=73062) l=0.5630 a=82.3 f1=80.9 (5.5s)| VA (n=8060) l=0.6150 a=78.8, f1=76.6 (0.3s) | TE (n=8811) l=0.6671 a=77.0, f1=75.6 (0.3s)
2026-05-03 23:56:20 [INFO ] [e130/200 s39812] TR (n=73083) l=0.5498 a=82.6 f1=81.3 (5.7s)| VA (n=8060) l=0.7016 a=77.1, f1=74.4 (0.3s) | TE (n=8811) l=0.6501 a=78.8, f1=77.1 (0.3s)
2026-05-03 23:56:27 [INFO ] [e131/200 s40123] TR (n=73091) l=0.5305 a=82.8 f1=81.4 (5.6s)| VA (n=8060) l=0.5745 a=80.4, f1=78.5 (0.3s) | TE (n=8811) l=0.6313 a=78.5, f1=77.2 (0.3s)
2026-05-03 23:56:27 [INFO ] Saved best checkpoint to out_isruc_gru_se/train/7/best_ckpt/best_model.ckpt
2026-05-03 23:56:34 [INFO ] [e132/200 s40427] TR (n=73103) l=0.5569 a=82.5 f1=81.1 (5.5s)| VA (n=8060) l=0.5869 a=78.7, f1=76.7 (0.3s) | TE (n=8811) l=0.7660 a=75.1, f1=73.6 (0.3s)
2026-05-03 23:56:41 [INFO ] [e133/200 s40734] TR (n=73086) l=0.5696 a=81.9 f1=80.6 (5.6s)| VA (n=8060) l=0.7346 a=72.2, f1=71.0 (0.3s) | TE (n=8811) l=0.7395 a=74.1, f1=74.0 (0.3s)
2026-05-03 23:56:48 [INFO ] [e134/200 s41041] TR (n=73084) l=0.5726 a=82.2 f1=80.8 (5.6s)| VA (n=8060) l=0.6394 a=78.2, f1=76.4 (0.3s) | TE (n=8811) l=0.6103 a=79.5, f1=78.0 (0.3s)
2026-05-03 23:56:55 [INFO ] [e135/200 s41347] TR (n=73076) l=0.5334 a=82.6 f1=81.3 (5.6s)| VA (n=8060) l=0.6770 a=77.8, f1=75.3 (0.3s) | TE (n=8811) l=0.7084 a=77.4, f1=75.5 (0.3s)
2026-05-03 23:57:02 [INFO ] [e136/200 s41656] TR (n=73084) l=0.5353 a=83.2 f1=81.8 (5.6s)| VA (n=8060) l=0.6582 a=78.2, f1=76.5 (0.3s) | TE (n=8811) l=0.6146 a=78.7, f1=77.9 (0.3s)
2026-05-03 23:57:08 [INFO ] [e137/200 s41961] TR (n=73071) l=0.5489 a=82.5 f1=81.2 (5.5s)| VA (n=8060) l=0.7386 a=76.3, f1=73.5 (0.3s) | TE (n=8811) l=0.7533 a=78.5, f1=76.1 (0.3s)
2026-05-03 23:57:15 [INFO ] [e138/200 s42271] TR (n=73085) l=0.5426 a=82.9 f1=81.5 (5.6s)| VA (n=8060) l=0.6017 a=78.6, f1=76.3 (0.3s) | TE (n=8811) l=0.6356 a=78.4, f1=77.4 (0.3s)
2026-05-03 23:57:22 [INFO ] [e139/200 s42576] TR (n=73081) l=0.5738 a=82.2 f1=81.0 (5.6s)| VA (n=8060) l=0.7037 a=77.0, f1=75.0 (0.3s) | TE (n=8811) l=0.6857 a=77.2, f1=76.2 (0.3s)
2026-05-03 23:57:29 [INFO ] [e140/200 s42882] TR (n=73074) l=0.5498 a=83.0 f1=81.6 (5.6s)| VA (n=8060) l=0.6979 a=75.8, f1=73.7 (0.3s) | TE (n=8811) l=0.7505 a=75.2, f1=74.6 (0.3s)
2026-05-03 23:57:36 [INFO ] [e141/200 s43188] TR (n=73067) l=0.5496 a=83.0 f1=81.6 (5.6s)| VA (n=8060) l=0.5926 a=78.8, f1=77.0 (0.3s) | TE (n=8811) l=0.7174 a=75.8, f1=74.9 (0.3s)
2026-05-03 23:57:43 [INFO ] [e142/200 s43497] TR (n=73071) l=0.5347 a=82.6 f1=81.2 (5.6s)| VA (n=8060) l=0.6091 a=78.9, f1=76.9 (0.3s) | TE (n=8811) l=0.6301 a=79.2, f1=78.1 (0.3s)
2026-05-03 23:57:49 [INFO ] [e143/200 s43803] TR (n=73067) l=0.5403 a=83.1 f1=81.7 (5.6s)| VA (n=8060) l=0.7606 a=72.6, f1=71.3 (0.3s) | TE (n=8811) l=0.8482 a=70.3, f1=70.5 (0.3s)
2026-05-03 23:57:56 [INFO ] [e144/200 s44106] TR (n=73089) l=0.5771 a=83.0 f1=81.6 (5.6s)| VA (n=8060) l=0.7809 a=73.0, f1=71.7 (0.3s) | TE (n=8811) l=0.7906 a=71.7, f1=72.7 (0.3s)
2026-05-03 23:58:03 [INFO ] [e145/200 s44415] TR (n=73078) l=0.5296 a=82.8 f1=81.5 (5.7s)| VA (n=8060) l=0.6525 a=77.7, f1=75.6 (0.3s) | TE (n=8811) l=0.7460 a=76.1, f1=75.0 (0.3s)
2026-05-03 23:58:10 [INFO ] [e146/200 s44723] TR (n=73068) l=0.5539 a=82.7 f1=81.3 (5.8s)| VA (n=8060) l=0.6341 a=79.3, f1=77.4 (0.3s) | TE (n=8811) l=0.6783 a=78.8, f1=77.6 (0.3s)
2026-05-03 23:58:17 [INFO ] [e147/200 s45029] TR (n=73077) l=0.5509 a=82.7 f1=81.3 (5.6s)| VA (n=8060) l=0.6037 a=79.9, f1=78.0 (0.3s) | TE (n=8811) l=0.6431 a=78.8, f1=77.4 (0.3s)
2026-05-03 23:58:24 [INFO ] [e148/200 s45336] TR (n=73089) l=0.5350 a=83.0 f1=81.7 (5.6s)| VA (n=8060) l=0.6010 a=80.1, f1=77.7 (0.3s) | TE (n=8811) l=0.7276 a=76.2, f1=75.2 (0.3s)
2026-05-03 23:58:30 [INFO ] [e149/200 s45645] TR (n=73064) l=0.5341 a=83.1 f1=81.7 (5.6s)| VA (n=8060) l=0.6993 a=76.1, f1=73.6 (0.3s) | TE (n=8811) l=0.7704 a=73.6, f1=73.1 (0.3s)
2026-05-03 23:58:37 [INFO ] [e150/200 s45949] TR (n=73073) l=0.5319 a=83.1 f1=81.7 (5.5s)| VA (n=8060) l=0.6478 a=79.0, f1=76.8 (0.3s) | TE (n=8811) l=0.6200 a=79.1, f1=77.8 (0.3s)
2026-05-03 23:58:37 [INFO ] >> Confusion Matrix
2026-05-03 23:58:37 [INFO ] [[1641   90    9    4   21]
 [ 173  689  272    7  147]
 [  44  361 2417  368   44]
 [   3    1  115 1403    0]
 [  12  118   53    1  818]]
2026-05-03 23:58:44 [INFO ] [e151/200 s46257] TR (n=73048) l=0.5210 a=83.2 f1=81.9 (5.6s)| VA (n=8060) l=0.6169 a=78.5, f1=76.7 (0.3s) | TE (n=8811) l=0.6562 a=78.3, f1=77.3 (0.3s)
2026-05-03 23:58:51 [INFO ] [e152/200 s46566] TR (n=73076) l=0.5192 a=83.1 f1=81.8 (5.6s)| VA (n=8060) l=0.5959 a=80.0, f1=78.0 (0.3s) | TE (n=8811) l=0.6705 a=78.4, f1=77.4 (0.3s)
2026-05-03 23:58:58 [INFO ] [e153/200 s46874] TR (n=73057) l=0.5330 a=83.2 f1=81.9 (5.6s)| VA (n=8060) l=0.6949 a=76.6, f1=74.7 (0.3s) | TE (n=8811) l=0.7079 a=77.0, f1=75.5 (0.3s)
2026-05-03 23:59:05 [INFO ] [e154/200 s47177] TR (n=73083) l=0.5398 a=83.3 f1=82.0 (5.5s)| VA (n=8060) l=0.5779 a=79.7, f1=77.8 (0.3s) | TE (n=8811) l=0.6395 a=78.5, f1=77.3 (0.3s)
2026-05-03 23:59:11 [INFO ] [e155/200 s47475] TR (n=73091) l=0.5468 a=83.2 f1=81.9 (5.4s)| VA (n=8060) l=0.6247 a=78.1, f1=77.0 (0.3s) | TE (n=8811) l=0.6794 a=77.5, f1=77.2 (0.3s)
2026-05-03 23:59:18 [INFO ] [e156/200 s47776] TR (n=73064) l=0.5098 a=83.5 f1=82.3 (5.5s)| VA (n=8060) l=0.7296 a=74.7, f1=72.9 (0.3s) | TE (n=8811) l=0.8346 a=74.2, f1=73.6 (0.3s)
2026-05-03 23:59:25 [INFO ] [e157/200 s48082] TR (n=73043) l=0.5469 a=82.7 f1=81.4 (5.6s)| VA (n=8060) l=0.6638 a=78.8, f1=76.5 (0.3s) | TE (n=8811) l=0.7045 a=78.4, f1=77.1 (0.3s)
2026-05-03 23:59:32 [INFO ] [e158/200 s48391] TR (n=73069) l=0.5042 a=83.2 f1=81.9 (5.6s)| VA (n=8060) l=0.6483 a=79.2, f1=76.7 (0.3s) | TE (n=8811) l=0.8904 a=74.9, f1=73.5 (0.3s)
2026-05-03 23:59:38 [INFO ] [e159/200 s48694] TR (n=73086) l=0.5242 a=83.5 f1=82.2 (5.5s)| VA (n=8060) l=0.6273 a=79.4, f1=77.3 (0.3s) | TE (n=8811) l=0.6382 a=79.4, f1=77.8 (0.3s)
2026-05-03 23:59:45 [INFO ] [e160/200 s48999] TR (n=73073) l=0.5138 a=83.4 f1=82.1 (5.5s)| VA (n=8060) l=0.6480 a=77.7, f1=76.0 (0.3s) | TE (n=8811) l=0.6838 a=76.9, f1=76.2 (0.3s)
2026-05-03 23:59:52 [INFO ] [e161/200 s49307] TR (n=73070) l=0.5173 a=83.3 f1=81.9 (5.6s)| VA (n=8060) l=0.7748 a=75.8, f1=74.1 (0.3s) | TE (n=8811) l=0.6611 a=78.8, f1=76.8 (0.3s)
2026-05-03 23:59:58 [INFO ] [e162/200 s49611] TR (n=73054) l=0.5663 a=83.0 f1=81.7 (5.5s)| VA (n=8060) l=0.6415 a=78.9, f1=77.0 (0.3s) | TE (n=8811) l=0.6037 a=79.8, f1=78.4 (0.3s)
2026-05-04 00:00:05 [INFO ] [e163/200 s49915] TR (n=73078) l=0.5615 a=83.3 f1=82.0 (5.5s)| VA (n=8060) l=0.5787 a=79.8, f1=78.5 (0.3s) | TE (n=8811) l=0.6671 a=76.8, f1=76.7 (0.3s)
2026-05-04 00:00:12 [INFO ] [e164/200 s50220] TR (n=73064) l=0.5118 a=83.6 f1=82.4 (5.5s)| VA (n=8060) l=0.5973 a=79.4, f1=77.7 (0.3s) | TE (n=8811) l=0.6656 a=77.4, f1=76.7 (0.3s)
2026-05-04 00:00:19 [INFO ] [e165/200 s50525] TR (n=73081) l=0.5413 a=83.4 f1=82.2 (5.6s)| VA (n=8060) l=0.6326 a=78.7, f1=76.8 (0.3s) | TE (n=8811) l=0.7476 a=76.5, f1=75.6 (0.3s)
2026-05-04 00:00:26 [INFO ] [e166/200 s50837] TR (n=73105) l=0.5258 a=83.7 f1=82.4 (5.7s)| VA (n=8060) l=0.6616 a=78.5, f1=76.0 (0.3s) | TE (n=8811) l=0.6511 a=79.4, f1=77.1 (0.3s)
2026-05-04 00:00:32 [INFO ] [e167/200 s51146] TR (n=73069) l=0.5264 a=83.6 f1=82.3 (5.6s)| VA (n=8060) l=0.6265 a=78.3, f1=77.0 (0.3s) | TE (n=8811) l=0.6881 a=75.6, f1=76.2 (0.3s)
2026-05-04 00:00:39 [INFO ] [e168/200 s51452] TR (n=73079) l=0.5327 a=83.2 f1=81.9 (5.4s)| VA (n=8060) l=0.6495 a=78.3, f1=76.3 (0.3s) | TE (n=8811) l=0.7302 a=75.7, f1=75.2 (0.3s)
2026-05-04 00:00:45 [INFO ] [e169/200 s51760] TR (n=73085) l=0.5185 a=83.4 f1=82.1 (5.4s)| VA (n=8060) l=0.6608 a=77.8, f1=75.7 (0.3s) | TE (n=8811) l=0.6540 a=77.7, f1=76.2 (0.3s)
2026-05-04 00:00:52 [INFO ] [e170/200 s52065] TR (n=73078) l=0.4994 a=83.8 f1=82.5 (5.6s)| VA (n=8060) l=0.5929 a=79.7, f1=77.6 (0.3s) | TE (n=8811) l=0.6607 a=77.6, f1=77.1 (0.3s)
2026-05-04 00:00:59 [INFO ] [e171/200 s52368] TR (n=73062) l=0.5037 a=84.0 f1=82.7 (5.5s)| VA (n=8060) l=0.6326 a=77.7, f1=75.6 (0.3s) | TE (n=8811) l=0.6840 a=77.2, f1=76.5 (0.3s)
2026-05-04 00:01:06 [INFO ] [e172/200 s52676] TR (n=73075) l=0.5171 a=83.7 f1=82.5 (5.5s)| VA (n=8060) l=0.7148 a=77.1, f1=74.5 (0.3s) | TE (n=8811) l=0.7878 a=74.2, f1=73.3 (0.3s)
2026-05-04 00:01:13 [INFO ] [e173/200 s52979] TR (n=73087) l=0.5139 a=83.7 f1=82.4 (5.6s)| VA (n=8060) l=0.6449 a=77.9, f1=76.1 (0.3s) | TE (n=8811) l=0.7895 a=75.6, f1=74.7 (0.3s)
2026-05-04 00:01:19 [INFO ] [e174/200 s53284] TR (n=73070) l=0.5283 a=83.2 f1=81.9 (5.6s)| VA (n=8060) l=0.6410 a=78.9, f1=76.9 (0.3s) | TE (n=8811) l=0.6508 a=79.9, f1=78.0 (0.3s)
2026-05-04 00:01:26 [INFO ] [e175/200 s53588] TR (n=73081) l=0.5091 a=83.9 f1=82.6 (5.5s)| VA (n=8060) l=0.6239 a=79.7, f1=77.3 (0.3s) | TE (n=8811) l=0.6341 a=78.9, f1=77.3 (0.3s)
2026-05-04 00:01:33 [INFO ] [e176/200 s53898] TR (n=73071) l=0.4880 a=84.5 f1=83.2 (5.5s)| VA (n=8060) l=0.6177 a=79.5, f1=77.0 (0.3s) | TE (n=8811) l=0.6903 a=78.7, f1=77.1 (0.3s)
2026-05-04 00:01:40 [INFO ] [e177/200 s54205] TR (n=73093) l=0.4963 a=83.8 f1=82.5 (5.6s)| VA (n=8060) l=0.6633 a=77.8, f1=76.3 (0.3s) | TE (n=8811) l=0.7683 a=74.2, f1=74.1 (0.3s)
2026-05-04 00:01:47 [INFO ] [e178/200 s54511] TR (n=73073) l=0.5162 a=83.5 f1=82.3 (5.6s)| VA (n=8060) l=0.6334 a=79.2, f1=77.4 (0.3s) | TE (n=8811) l=0.6973 a=78.8, f1=77.6 (0.3s)
2026-05-04 00:01:53 [INFO ] [e179/200 s54812] TR (n=73061) l=0.4956 a=84.3 f1=83.1 (5.5s)| VA (n=8060) l=0.6950 a=77.2, f1=75.0 (0.3s) | TE (n=8811) l=0.8544 a=73.9, f1=72.8 (0.3s)
2026-05-04 00:02:00 [INFO ] [e180/200 s55115] TR (n=73077) l=0.5157 a=84.1 f1=82.8 (5.5s)| VA (n=8060) l=0.6584 a=78.9, f1=76.8 (0.3s) | TE (n=8811) l=0.7588 a=78.0, f1=76.1 (0.3s)
2026-05-04 00:02:07 [INFO ] [e181/200 s55422] TR (n=73073) l=0.5010 a=83.8 f1=82.5 (5.6s)| VA (n=8060) l=0.8091 a=75.0, f1=73.1 (0.3s) | TE (n=8811) l=0.7033 a=78.7, f1=76.7 (0.3s)
2026-05-04 00:02:14 [INFO ] [e182/200 s55729] TR (n=73073) l=0.5177 a=83.7 f1=82.5 (5.6s)| VA (n=8060) l=0.6119 a=78.4, f1=76.9 (0.3s) | TE (n=8811) l=0.6219 a=79.3, f1=78.6 (0.3s)
2026-05-04 00:02:14 [INFO ] *** Early-stopping ***
2026-05-04 00:02:14 [INFO ] Load generated SIDs from isruc.txt
2026-05-04 00:02:14 [INFO ] SIDs (100): [  1   2   3   4   5   6   7   8   9  10  11  12  13  14  15  16  17  18
  19  20  21  22  23  24  25  26  27  28  29  30  31  32  33  34  35  36
  37  38  39  40  41  42  43  44  45  46  47  48  49  50  51  52  53  54
  55  56  57  58  59  60  61  62  63  64  65  66  67  68  69  70  71  72
  73  74  75  76  77  78  79  80  81  82  83  84  85  86  87  88  89  90
  91  92  93  94  95  96  97  98  99 100]
2026-05-04 00:02:14 [INFO ] Train SIDs: (81) [  1   2   3   4   5   6   7   8  10  11  12  13  14  15  16  18  19  20
  21  22  23  24  25  27  28  29  30  31  32  33  34  35  36  37  40  41
  42  43  44  46  47  48  49  50  51  52  53  54  57  58  59  60  61  62
  63  64  65  66  67  68  69  70  71  72  73  74  75  76  77  78  79  80
  91  92  93  95  96  97  98  99 100]
2026-05-04 00:02:14 [INFO ] Valid SIDs: (9) [38 26 56  9 55 39 17 45 94]
2026-05-04 00:02:14 [INFO ] Test SIDs: (10) [81 82 83 84 85 86 87 88 89 90]
2026-05-04 00:02:15 [INFO ] Training set (n_night_sleeps=81)
2026-05-04 00:02:15 [INFO ] (880, 3000, 1, 1)
2026-05-04 00:02:15 [INFO ] (964, 3000, 1, 1)
2026-05-04 00:02:15 [INFO ] (943, 3000, 1, 1)
2026-05-04 00:02:15 [INFO ] (963, 3000, 1, 1)
2026-05-04 00:02:15 [INFO ] (875, 3000, 1, 1)
2026-05-04 00:02:15 [INFO ] (897, 3000, 1, 1)
2026-05-04 00:02:15 [INFO ] (933, 3000, 1, 1)
2026-05-04 00:02:15 [INFO ] (904, 3000, 1, 1)
2026-05-04 00:02:15 [INFO ] (842, 3000, 1, 1)
2026-05-04 00:02:15 [INFO ] (997, 3000, 1, 1)
2026-05-04 00:02:15 [INFO ] (850, 3000, 1, 1)
2026-05-04 00:02:15 [INFO ] (882, 3000, 1, 1)
2026-05-04 00:02:15 [INFO ] (906, 3000, 1, 1)
2026-05-04 00:02:15 [INFO ] (786, 3000, 1, 1)
2026-05-04 00:02:15 [INFO ] (883, 3000, 1, 1)
2026-05-04 00:02:15 [INFO ] (999, 3000, 1, 1)
2026-05-04 00:02:15 [INFO ] (828, 3000, 1, 1)
2026-05-04 00:02:15 [INFO ] (950, 3000, 1, 1)
2026-05-04 00:02:15 [INFO ] (1054, 3000, 1, 1)
2026-05-04 00:02:15 [INFO ] (849, 3000, 1, 1)
2026-05-04 00:02:15 [INFO ] (892, 3000, 1, 1)
2026-05-04 00:02:15 [INFO ] (830, 3000, 1, 1)
2026-05-04 00:02:15 [INFO ] (921, 3000, 1, 1)
2026-05-04 00:02:15 [INFO ] (918, 3000, 1, 1)
2026-05-04 00:02:15 [INFO ] (882, 3000, 1, 1)
2026-05-04 00:02:15 [INFO ] (912, 3000, 1, 1)
2026-05-04 00:02:15 [INFO ] (882, 3000, 1, 1)
2026-05-04 00:02:15 [INFO ] (877, 3000, 1, 1)
2026-05-04 00:02:15 [INFO ] (1010, 3000, 1, 1)
2026-05-04 00:02:15 [INFO ] (920, 3000, 1, 1)
2026-05-04 00:02:15 [INFO ] (871, 3000, 1, 1)
2026-05-04 00:02:15 [INFO ] (788, 3000, 1, 1)
2026-05-04 00:02:15 [INFO ] (987, 3000, 1, 1)
2026-05-04 00:02:15 [INFO ] (806, 3000, 1, 1)
2026-05-04 00:02:15 [INFO ] (875, 3000, 1, 1)
2026-05-04 00:02:15 [INFO ] (974, 3000, 1, 1)
2026-05-04 00:02:15 [INFO ] (812, 3000, 1, 1)
2026-05-04 00:02:15 [INFO ] (747, 3000, 1, 1)
2026-05-04 00:02:15 [INFO ] (932, 3000, 1, 1)
2026-05-04 00:02:15 [INFO ] (863, 3000, 1, 1)
2026-05-04 00:02:15 [INFO ] (838, 3000, 1, 1)
2026-05-04 00:02:15 [INFO ] (981, 3000, 1, 1)
2026-05-04 00:02:15 [INFO ] (793, 3000, 1, 1)
2026-05-04 00:02:15 [INFO ] (905, 3000, 1, 1)
2026-05-04 00:02:15 [INFO ] (856, 3000, 1, 1)
2026-05-04 00:02:15 [INFO ] (912, 3000, 1, 1)
2026-05-04 00:02:15 [INFO ] (910, 3000, 1, 1)
2026-05-04 00:02:15 [INFO ] (814, 3000, 1, 1)
2026-05-04 00:02:15 [INFO ] (1007, 3000, 1, 1)
2026-05-04 00:02:15 [INFO ] (965, 3000, 1, 1)
2026-05-04 00:02:15 [INFO ] (942, 3000, 1, 1)
2026-05-04 00:02:15 [INFO ] (916, 3000, 1, 1)
2026-05-04 00:02:15 [INFO ] (852, 3000, 1, 1)
2026-05-04 00:02:15 [INFO ] (864, 3000, 1, 1)
2026-05-04 00:02:15 [INFO ] (954, 3000, 1, 1)
2026-05-04 00:02:15 [INFO ] (892, 3000, 1, 1)
2026-05-04 00:02:15 [INFO ] (1014, 3000, 1, 1)
2026-05-04 00:02:15 [INFO ] (845, 3000, 1, 1)
2026-05-04 00:02:15 [INFO ] (862, 3000, 1, 1)
2026-05-04 00:02:15 [INFO ] (956, 3000, 1, 1)
2026-05-04 00:02:15 [INFO ] (815, 3000, 1, 1)
2026-05-04 00:02:15 [INFO ] (893, 3000, 1, 1)
2026-05-04 00:02:15 [INFO ] (829, 3000, 1, 1)
2026-05-04 00:02:15 [INFO ] (872, 3000, 1, 1)
2026-05-04 00:02:15 [INFO ] (997, 3000, 1, 1)
2026-05-04 00:02:15 [INFO ] (897, 3000, 1, 1)
2026-05-04 00:02:15 [INFO ] (898, 3000, 1, 1)
2026-05-04 00:02:15 [INFO ] (850, 3000, 1, 1)
2026-05-04 00:02:15 [INFO ] (805, 3000, 1, 1)
2026-05-04 00:02:15 [INFO ] (894, 3000, 1, 1)
2026-05-04 00:02:15 [INFO ] (880, 3000, 1, 1)
2026-05-04 00:02:15 [INFO ] (889, 3000, 1, 1)
2026-05-04 00:02:15 [INFO ] (990, 3000, 1, 1)
2026-05-04 00:02:15 [INFO ] (877, 3000, 1, 1)
2026-05-04 00:02:15 [INFO ] (870, 3000, 1, 1)
2026-05-04 00:02:15 [INFO ] (865, 3000, 1, 1)
2026-05-04 00:02:15 [INFO ] (858, 3000, 1, 1)
2026-05-04 00:02:15 [INFO ] (912, 3000, 1, 1)
2026-05-04 00:02:15 [INFO ] (899, 3000, 1, 1)
2026-05-04 00:02:15 [INFO ] (835, 3000, 1, 1)
2026-05-04 00:02:15 [INFO ] (861, 3000, 1, 1)
2026-05-04 00:02:15 [INFO ] W: 16909
2026-05-04 00:02:15 [INFO ] N1: 9193
2026-05-04 00:02:15 [INFO ] N2: 22408
2026-05-04 00:02:15 [INFO ] N3: 14244
2026-05-04 00:02:15 [INFO ] REM: 9694
2026-05-04 00:02:15 [INFO ] Validation set (n_night_sleeps=9)
2026-05-04 00:02:15 [INFO ] (932, 3000, 1, 1)
2026-05-04 00:02:15 [INFO ] (1062, 3000, 1, 1)
2026-05-04 00:02:15 [INFO ] (956, 3000, 1, 1)
2026-05-04 00:02:15 [INFO ] (969, 3000, 1, 1)
2026-05-04 00:02:15 [INFO ] (879, 3000, 1, 1)
2026-05-04 00:02:15 [INFO ] (900, 3000, 1, 1)
2026-05-04 00:02:15 [INFO ] (851, 3000, 1, 1)
2026-05-04 00:02:15 [INFO ] (906, 3000, 1, 1)
2026-05-04 00:02:15 [INFO ] (846, 3000, 1, 1)
2026-05-04 00:02:15 [INFO ] W: 1965
2026-05-04 00:02:15 [INFO ] N1: 1301
2026-05-04 00:02:15 [INFO ] N2: 2624
2026-05-04 00:02:15 [INFO ] N3: 1256
2026-05-04 00:02:15 [INFO ] REM: 1155
2026-05-04 00:02:15 [INFO ] Test set (n_night_sleeps=10)
2026-05-04 00:02:15 [INFO ] (911, 3000, 1, 1)
2026-05-04 00:02:15 [INFO ] (882, 3000, 1, 1)
2026-05-04 00:02:15 [INFO ] (925, 3000, 1, 1)
2026-05-04 00:02:15 [INFO ] (963, 3000, 1, 1)
2026-05-04 00:02:15 [INFO ] (896, 3000, 1, 1)
2026-05-04 00:02:15 [INFO ] (964, 3000, 1, 1)
2026-05-04 00:02:15 [INFO ] (926, 3000, 1, 1)
2026-05-04 00:02:15 [INFO ] (1002, 3000, 1, 1)
2026-05-04 00:02:15 [INFO ] (1036, 3000, 1, 1)
2026-05-04 00:02:15 [INFO ] (933, 3000, 1, 1)
2026-05-04 00:02:15 [INFO ] W: 2105
2026-05-04 00:02:15 [INFO ] N1: 1019
2026-05-04 00:02:15 [INFO ] N2: 3255
2026-05-04 00:02:15 [INFO ] N3: 1980
2026-05-04 00:02:15 [INFO ] REM: 1079
2026-05-04 00:02:15 [INFO ]   Weighted cross entropy: True
2026-05-04 00:02:15 [INFO ]   Weighted cross entropy: [1.  1.5 1.  1.  1. ]
2026-05-04 00:02:15 [INFO ] using device 0
2026-05-04 00:02:15 [INFO ] Data Augmentation
2026-05-04 00:02:15 [INFO ]   Sequence: True
2026-05-04 00:02:15 [INFO ]   Signal full: True
2026-05-04 00:02:21 [INFO ] [e1/200 s304] TR (n=72212) l=1.6895 a=37.8 f1=31.8 (5.5s)| VA (n=8301) l=1.4813 a=43.0, f1=24.9 (0.3s) | TE (n=9438) l=1.7330 a=35.5, f1=19.8 (0.3s)
2026-05-04 00:02:21 [INFO ] Saved best checkpoint to out_isruc_gru_se/train/8/best_ckpt/best_model.ckpt
2026-05-04 00:02:28 [INFO ] [e2/200 s608] TR (n=72208) l=1.4893 a=50.1 f1=42.2 (5.5s)| VA (n=8301) l=1.4069 a=54.5, f1=42.9 (0.3s) | TE (n=9438) l=1.6391 a=43.5, f1=35.1 (0.3s)
2026-05-04 00:02:28 [INFO ] Saved best checkpoint to out_isruc_gru_se/train/8/best_ckpt/best_model.ckpt
2026-05-04 00:02:35 [INFO ] [e3/200 s911] TR (n=72208) l=1.3435 a=54.1 f1=47.4 (5.5s)| VA (n=8301) l=1.1237 a=60.7, f1=55.4 (0.3s) | TE (n=9438) l=1.2228 a=54.9, f1=48.6 (0.3s)
2026-05-04 00:02:35 [INFO ] Saved best checkpoint to out_isruc_gru_se/train/8/best_ckpt/best_model.ckpt
2026-05-04 00:02:41 [INFO ] [e4/200 s1213] TR (n=72198) l=1.2961 a=56.6 f1=50.7 (5.5s)| VA (n=8301) l=1.0161 a=62.5, f1=60.8 (0.3s) | TE (n=9438) l=1.2565 a=53.1, f1=50.0 (0.3s)
2026-05-04 00:02:42 [INFO ] Saved best checkpoint to out_isruc_gru_se/train/8/best_ckpt/best_model.ckpt
2026-05-04 00:02:48 [INFO ] [e5/200 s1517] TR (n=72222) l=1.2640 a=58.0 f1=52.7 (5.5s)| VA (n=8301) l=1.1272 a=54.4, f1=53.3 (0.3s) | TE (n=9438) l=1.3523 a=45.9, f1=42.4 (0.3s)
2026-05-04 00:02:55 [INFO ] [e6/200 s1820] TR (n=72194) l=1.2094 a=61.2 f1=56.9 (5.5s)| VA (n=8301) l=1.3533 a=52.8, f1=43.0 (0.3s) | TE (n=9438) l=1.4478 a=48.3, f1=41.4 (0.3s)
2026-05-04 00:03:02 [INFO ] [e7/200 s2121] TR (n=72199) l=1.1571 a=62.6 f1=59.1 (5.5s)| VA (n=8301) l=1.6112 a=54.2, f1=34.3 (0.3s) | TE (n=9438) l=1.3047 a=53.7, f1=34.5 (0.3s)
2026-05-04 00:03:09 [INFO ] [e8/200 s2424] TR (n=72202) l=1.1545 a=63.1 f1=59.9 (5.5s)| VA (n=8301) l=1.0123 a=58.1, f1=56.7 (0.3s) | TE (n=9438) l=1.1311 a=55.3, f1=54.0 (0.3s)
2026-05-04 00:03:15 [INFO ] [e9/200 s2728] TR (n=72215) l=1.1036 a=65.3 f1=62.5 (5.5s)| VA (n=8301) l=1.4924 a=60.1, f1=51.8 (0.3s) | TE (n=9438) l=1.0865 a=63.0, f1=56.7 (0.3s)
2026-05-04 00:03:22 [INFO ] [e10/200 s3032] TR (n=72200) l=1.0489 a=67.4 f1=64.9 (5.6s)| VA (n=8301) l=1.7094 a=49.1, f1=40.0 (0.3s) | TE (n=9438) l=1.6375 a=50.9, f1=43.7 (0.3s)
2026-05-04 00:03:29 [INFO ] [e11/200 s3333] TR (n=72190) l=1.0062 a=68.0 f1=65.3 (5.4s)| VA (n=8301) l=1.0299 a=59.7, f1=59.0 (0.3s) | TE (n=9438) l=0.9128 a=66.6, f1=63.5 (0.3s)
2026-05-04 00:03:36 [INFO ] [e12/200 s3636] TR (n=72207) l=1.0385 a=67.5 f1=65.0 (5.5s)| VA (n=8301) l=0.9414 a=66.0, f1=64.3 (0.3s) | TE (n=9438) l=1.0582 a=62.2, f1=59.1 (0.3s)
2026-05-04 00:03:36 [INFO ] Saved best checkpoint to out_isruc_gru_se/train/8/best_ckpt/best_model.ckpt
2026-05-04 00:03:42 [INFO ] [e13/200 s3940] TR (n=72205) l=0.9932 a=68.9 f1=66.3 (5.4s)| VA (n=8301) l=0.7900 a=72.0, f1=71.8 (0.3s) | TE (n=9438) l=0.9024 a=66.0, f1=64.4 (0.3s)
2026-05-04 00:03:42 [INFO ] Saved best checkpoint to out_isruc_gru_se/train/8/best_ckpt/best_model.ckpt
2026-05-04 00:03:49 [INFO ] [e14/200 s4238] TR (n=72200) l=0.9700 a=69.3 f1=66.9 (5.4s)| VA (n=8301) l=0.7755 a=69.7, f1=69.2 (0.3s) | TE (n=9438) l=0.8406 a=69.2, f1=67.5 (0.3s)
2026-05-04 00:03:56 [INFO ] [e15/200 s4542] TR (n=72201) l=1.0333 a=69.0 f1=66.7 (5.5s)| VA (n=8301) l=0.8472 a=69.0, f1=66.5 (0.3s) | TE (n=9438) l=0.7689 a=72.9, f1=68.8 (0.3s)
2026-05-04 00:04:02 [INFO ] [e16/200 s4846] TR (n=72203) l=0.9737 a=69.6 f1=67.0 (5.5s)| VA (n=8301) l=1.9207 a=44.9, f1=32.3 (0.3s) | TE (n=9438) l=1.7409 a=47.1, f1=36.7 (0.3s)
2026-05-04 00:04:09 [INFO ] [e17/200 s5146] TR (n=72202) l=0.9677 a=70.6 f1=68.1 (5.3s)| VA (n=8301) l=1.2664 a=55.4, f1=48.2 (0.3s) | TE (n=9438) l=1.2782 a=55.2, f1=49.8 (0.3s)
2026-05-04 00:04:16 [INFO ] [e18/200 s5452] TR (n=72211) l=0.9588 a=71.0 f1=68.6 (5.5s)| VA (n=8301) l=1.1788 a=63.0, f1=61.0 (0.3s) | TE (n=9438) l=1.1736 a=58.5, f1=53.7 (0.3s)
2026-05-04 00:04:22 [INFO ] [e19/200 s5755] TR (n=72193) l=0.9536 a=70.8 f1=68.5 (5.5s)| VA (n=8301) l=0.9401 a=66.0, f1=64.9 (0.3s) | TE (n=9438) l=0.8776 a=67.9, f1=65.3 (0.3s)
2026-05-04 00:04:29 [INFO ] [e20/200 s6057] TR (n=72200) l=0.9291 a=71.5 f1=69.2 (5.5s)| VA (n=8301) l=0.9523 a=69.3, f1=66.9 (0.3s) | TE (n=9438) l=0.9470 a=66.1, f1=62.6 (0.3s)
2026-05-04 00:04:35 [INFO ] [e21/200 s6360] TR (n=72216) l=0.8855 a=72.1 f1=69.8 (5.3s)| VA (n=8301) l=0.7520 a=70.4, f1=69.9 (0.3s) | TE (n=9438) l=0.7454 a=73.1, f1=70.5 (0.3s)
2026-05-04 00:04:42 [INFO ] [e22/200 s6662] TR (n=72195) l=0.8857 a=72.5 f1=70.4 (5.4s)| VA (n=8301) l=1.1739 a=56.3, f1=58.1 (0.3s) | TE (n=9438) l=0.9944 a=64.9, f1=62.7 (0.3s)
2026-05-04 00:04:49 [INFO ] [e23/200 s6968] TR (n=72185) l=0.9057 a=72.6 f1=70.4 (5.6s)| VA (n=8301) l=0.9539 a=67.0, f1=64.6 (0.3s) | TE (n=9438) l=0.9962 a=66.2, f1=62.4 (0.3s)
2026-05-04 00:04:56 [INFO ] [e24/200 s7274] TR (n=72189) l=0.9046 a=72.0 f1=69.8 (5.5s)| VA (n=8301) l=0.9401 a=67.9, f1=65.8 (0.3s) | TE (n=9438) l=0.9075 a=67.9, f1=64.2 (0.3s)
2026-05-04 00:05:02 [INFO ] [e25/200 s7579] TR (n=72208) l=0.8853 a=73.3 f1=71.1 (5.5s)| VA (n=8301) l=1.1021 a=63.0, f1=60.4 (0.3s) | TE (n=9438) l=0.9704 a=67.0, f1=63.2 (0.3s)
2026-05-04 00:05:09 [INFO ] [e26/200 s7878] TR (n=72212) l=0.8569 a=74.0 f1=71.7 (5.4s)| VA (n=8301) l=0.7164 a=74.9, f1=73.0 (0.3s) | TE (n=9438) l=0.7264 a=72.8, f1=69.5 (0.3s)
2026-05-04 00:05:09 [INFO ] Saved best checkpoint to out_isruc_gru_se/train/8/best_ckpt/best_model.ckpt
2026-05-04 00:05:16 [INFO ] [e27/200 s8184] TR (n=72219) l=0.8308 a=74.2 f1=72.2 (5.5s)| VA (n=8301) l=0.6239 a=77.4, f1=76.3 (0.3s) | TE (n=9438) l=0.6455 a=76.9, f1=73.9 (0.3s)
2026-05-04 00:05:16 [INFO ] Saved best checkpoint to out_isruc_gru_se/train/8/best_ckpt/best_model.ckpt
2026-05-04 00:05:23 [INFO ] [e28/200 s8487] TR (n=72193) l=0.8353 a=74.1 f1=72.2 (5.5s)| VA (n=8301) l=0.7241 a=74.4, f1=72.3 (0.3s) | TE (n=9438) l=0.7668 a=72.0, f1=68.9 (0.3s)
2026-05-04 00:05:29 [INFO ] [e29/200 s8790] TR (n=72225) l=0.8143 a=74.5 f1=72.4 (5.5s)| VA (n=8301) l=0.6596 a=77.3, f1=74.7 (0.3s) | TE (n=9438) l=0.6224 a=77.5, f1=73.2 (0.3s)
2026-05-04 00:05:36 [INFO ] [e30/200 s9096] TR (n=72180) l=0.8278 a=74.7 f1=72.7 (5.5s)| VA (n=8301) l=0.7987 a=72.7, f1=70.0 (0.3s) | TE (n=9438) l=0.7311 a=74.3, f1=70.1 (0.3s)
2026-05-04 00:05:43 [INFO ] [e31/200 s9398] TR (n=72189) l=0.8123 a=75.2 f1=73.1 (5.5s)| VA (n=8301) l=0.6259 a=76.9, f1=75.8 (0.3s) | TE (n=9438) l=0.6247 a=77.7, f1=74.8 (0.3s)
2026-05-04 00:05:50 [INFO ] [e32/200 s9699] TR (n=72202) l=0.8231 a=74.7 f1=72.6 (5.6s)| VA (n=8301) l=1.0717 a=70.5, f1=62.1 (0.3s) | TE (n=9438) l=0.8586 a=69.1, f1=61.8 (0.3s)
2026-05-04 00:05:56 [INFO ] [e33/200 s10005] TR (n=72205) l=0.8387 a=75.0 f1=72.9 (5.5s)| VA (n=8301) l=0.8974 a=71.6, f1=70.3 (0.3s) | TE (n=9438) l=0.7586 a=73.1, f1=69.5 (0.3s)
2026-05-04 00:06:03 [INFO ] [e34/200 s10310] TR (n=72201) l=0.7906 a=75.7 f1=73.7 (5.5s)| VA (n=8301) l=0.6608 a=75.1, f1=75.2 (0.3s) | TE (n=9438) l=0.7084 a=73.7, f1=72.1 (0.3s)
2026-05-04 00:06:10 [INFO ] [e35/200 s10613] TR (n=72196) l=0.8026 a=76.2 f1=74.2 (5.6s)| VA (n=8301) l=0.6456 a=78.2, f1=76.3 (0.3s) | TE (n=9438) l=0.6061 a=78.8, f1=74.9 (0.3s)
2026-05-04 00:06:10 [INFO ] Saved best checkpoint to out_isruc_gru_se/train/8/best_ckpt/best_model.ckpt
2026-05-04 00:06:17 [INFO ] [e36/200 s10914] TR (n=72179) l=0.7815 a=76.2 f1=74.1 (5.5s)| VA (n=8301) l=0.6491 a=77.6, f1=75.5 (0.3s) | TE (n=9438) l=0.6150 a=76.6, f1=73.9 (0.3s)
2026-05-04 00:06:24 [INFO ] [e37/200 s11216] TR (n=72205) l=0.7751 a=76.5 f1=74.6 (5.5s)| VA (n=8301) l=0.7596 a=76.4, f1=73.4 (0.3s) | TE (n=9438) l=0.6712 a=75.9, f1=72.1 (0.3s)
2026-05-04 00:06:31 [INFO ] [e38/200 s11522] TR (n=72199) l=0.7810 a=76.7 f1=74.7 (5.5s)| VA (n=8301) l=0.7122 a=74.1, f1=72.4 (0.3s) | TE (n=9438) l=0.7337 a=72.3, f1=70.3 (0.3s)
2026-05-04 00:06:37 [INFO ] [e39/200 s11826] TR (n=72201) l=0.7965 a=76.7 f1=74.7 (5.7s)| VA (n=8301) l=0.6034 a=77.9, f1=76.4 (0.3s) | TE (n=9438) l=0.6158 a=78.3, f1=74.8 (0.3s)
2026-05-04 00:06:44 [INFO ] [e40/200 s12127] TR (n=72214) l=0.7300 a=77.5 f1=75.6 (5.6s)| VA (n=8301) l=1.5301 a=56.4, f1=51.9 (0.3s) | TE (n=9438) l=1.1954 a=62.9, f1=58.0 (0.3s)
2026-05-04 00:06:51 [INFO ] [e41/200 s12433] TR (n=72198) l=0.7410 a=77.0 f1=75.3 (5.5s)| VA (n=8301) l=0.8717 a=73.9, f1=72.4 (0.3s) | TE (n=9438) l=0.8251 a=72.2, f1=68.9 (0.3s)
2026-05-04 00:06:58 [INFO ] [e42/200 s12737] TR (n=72209) l=0.7189 a=77.4 f1=75.5 (5.5s)| VA (n=8301) l=0.7957 a=74.2, f1=71.1 (0.3s) | TE (n=9438) l=0.6810 a=75.4, f1=72.2 (0.3s)
2026-05-04 00:07:04 [INFO ] [e43/200 s13040] TR (n=72215) l=0.7410 a=76.8 f1=75.0 (5.5s)| VA (n=8301) l=0.5866 a=78.8, f1=77.9 (0.3s) | TE (n=9438) l=0.6090 a=78.5, f1=75.6 (0.3s)
2026-05-04 00:07:04 [INFO ] Saved best checkpoint to out_isruc_gru_se/train/8/best_ckpt/best_model.ckpt
2026-05-04 00:07:11 [INFO ] [e44/200 s13338] TR (n=72195) l=0.7280 a=77.4 f1=75.5 (5.4s)| VA (n=8301) l=0.5896 a=79.3, f1=78.4 (0.3s) | TE (n=9438) l=0.5876 a=78.4, f1=76.7 (0.3s)
2026-05-04 00:07:11 [INFO ] Saved best checkpoint to out_isruc_gru_se/train/8/best_ckpt/best_model.ckpt
2026-05-04 00:07:18 [INFO ] [e45/200 s13639] TR (n=72202) l=0.7113 a=78.1 f1=76.3 (5.5s)| VA (n=8301) l=0.7625 a=76.4, f1=74.7 (0.3s) | TE (n=9438) l=0.7307 a=74.4, f1=70.7 (0.3s)
2026-05-04 00:07:25 [INFO ] [e46/200 s13943] TR (n=72198) l=0.7282 a=77.8 f1=76.0 (5.5s)| VA (n=8301) l=0.8266 a=76.0, f1=74.3 (0.3s) | TE (n=9438) l=0.6709 a=76.4, f1=73.3 (0.3s)
2026-05-04 00:07:31 [INFO ] [e47/200 s14248] TR (n=72215) l=0.7147 a=78.2 f1=76.4 (5.5s)| VA (n=8301) l=0.9091 a=73.1, f1=70.9 (0.3s) | TE (n=9438) l=0.7927 a=73.7, f1=70.0 (0.3s)
2026-05-04 00:07:38 [INFO ] [e48/200 s14545] TR (n=72197) l=0.6909 a=78.7 f1=77.0 (5.4s)| VA (n=8301) l=0.7152 a=76.8, f1=74.5 (0.3s) | TE (n=9438) l=0.6401 a=77.0, f1=73.3 (0.3s)
2026-05-04 00:07:45 [INFO ] [e49/200 s14849] TR (n=72206) l=0.7170 a=78.2 f1=76.3 (5.5s)| VA (n=8301) l=0.6039 a=79.4, f1=78.2 (0.3s) | TE (n=9438) l=0.5927 a=78.8, f1=75.5 (0.3s)
2026-05-04 00:07:51 [INFO ] [e50/200 s15154] TR (n=72195) l=0.7565 a=78.3 f1=76.5 (5.5s)| VA (n=8301) l=0.6409 a=77.3, f1=76.1 (0.3s) | TE (n=9438) l=0.7147 a=74.2, f1=71.5 (0.3s)
2026-05-04 00:07:51 [INFO ] >> Confusion Matrix
2026-05-04 00:07:51 [INFO ] [[1954  102   17    0   32]
 [ 232  486  173    0  128]
 [ 131  369 2611    6  138]
 [   3    4  876 1097    0]
 [   9   65  147    0  858]]
2026-05-04 00:07:58 [INFO ] [e51/200 s15458] TR (n=72191) l=0.7230 a=78.5 f1=76.6 (5.5s)| VA (n=8301) l=0.7731 a=72.1, f1=71.0 (0.3s) | TE (n=9438) l=0.7672 a=73.0, f1=70.7 (0.3s)
2026-05-04 00:08:05 [INFO ] [e52/200 s15759] TR (n=72199) l=0.7097 a=78.6 f1=76.9 (5.4s)| VA (n=8301) l=0.6239 a=77.6, f1=75.9 (0.3s) | TE (n=9438) l=0.5801 a=79.5, f1=76.6 (0.3s)
2026-05-04 00:08:11 [INFO ] [e53/200 s16063] TR (n=72186) l=0.6922 a=79.0 f1=77.3 (5.6s)| VA (n=8301) l=0.5898 a=77.1, f1=77.0 (0.3s) | TE (n=9438) l=0.6071 a=78.3, f1=76.0 (0.3s)
2026-05-04 00:08:18 [INFO ] [e54/200 s16367] TR (n=72216) l=0.7053 a=78.3 f1=76.5 (5.5s)| VA (n=8301) l=0.6268 a=78.1, f1=76.1 (0.3s) | TE (n=9438) l=0.6123 a=78.1, f1=75.1 (0.3s)
2026-05-04 00:08:25 [INFO ] [e55/200 s16668] TR (n=72177) l=0.6834 a=78.9 f1=77.1 (5.4s)| VA (n=8301) l=0.6037 a=77.7, f1=76.8 (0.3s) | TE (n=9438) l=0.6160 a=78.3, f1=75.0 (0.3s)
2026-05-04 00:08:32 [INFO ] [e56/200 s16973] TR (n=72220) l=0.6987 a=78.9 f1=77.0 (5.6s)| VA (n=8301) l=0.7031 a=75.4, f1=73.9 (0.3s) | TE (n=9438) l=0.7283 a=73.5, f1=70.8 (0.3s)
2026-05-04 00:08:38 [INFO ] [e57/200 s17275] TR (n=72203) l=0.6831 a=79.4 f1=77.7 (5.5s)| VA (n=8301) l=0.6009 a=79.6, f1=78.1 (0.3s) | TE (n=9438) l=0.6050 a=78.7, f1=75.3 (0.3s)
2026-05-04 00:08:45 [INFO ] [e58/200 s17579] TR (n=72206) l=0.6907 a=79.5 f1=77.7 (5.5s)| VA (n=8301) l=1.1711 a=64.3, f1=60.8 (0.3s) | TE (n=9438) l=1.0242 a=65.9, f1=61.1 (0.3s)
2026-05-04 00:08:52 [INFO ] [e59/200 s17884] TR (n=72204) l=0.6853 a=78.6 f1=76.8 (5.6s)| VA (n=8301) l=0.5860 a=79.3, f1=78.6 (0.3s) | TE (n=9438) l=0.6286 a=77.9, f1=74.8 (0.3s)
2026-05-04 00:08:59 [INFO ] [e60/200 s18183] TR (n=72190) l=0.6801 a=79.3 f1=77.5 (5.5s)| VA (n=8301) l=0.6400 a=78.2, f1=76.7 (0.3s) | TE (n=9438) l=0.6176 a=78.3, f1=74.9 (0.3s)
2026-05-04 00:09:06 [INFO ] [e61/200 s18485] TR (n=72191) l=0.6373 a=79.5 f1=77.9 (5.5s)| VA (n=8301) l=0.6638 a=76.9, f1=74.9 (0.3s) | TE (n=9438) l=0.6142 a=78.9, f1=74.7 (0.3s)
2026-05-04 00:09:12 [INFO ] [e62/200 s18788] TR (n=72211) l=0.6700 a=79.3 f1=77.5 (5.4s)| VA (n=8301) l=0.6567 a=77.0, f1=76.1 (0.3s) | TE (n=9438) l=0.6805 a=75.9, f1=72.7 (0.3s)
2026-05-04 00:09:19 [INFO ] [e63/200 s19092] TR (n=72188) l=0.6779 a=78.9 f1=77.3 (5.5s)| VA (n=8301) l=0.8086 a=73.2, f1=68.6 (0.3s) | TE (n=9438) l=0.7583 a=74.2, f1=67.6 (0.3s)
2026-05-04 00:09:26 [INFO ] [e64/200 s19396] TR (n=72198) l=0.6714 a=79.0 f1=77.2 (5.6s)| VA (n=8301) l=0.6600 a=77.4, f1=76.3 (0.3s) | TE (n=9438) l=0.6332 a=77.1, f1=73.6 (0.3s)
2026-05-04 00:09:32 [INFO ] [e65/200 s19696] TR (n=72207) l=0.6578 a=79.6 f1=77.8 (5.3s)| VA (n=8301) l=0.7144 a=76.3, f1=74.5 (0.3s) | TE (n=9438) l=0.5993 a=77.6, f1=74.7 (0.3s)
2026-05-04 00:09:39 [INFO ] [e66/200 s20001] TR (n=72202) l=0.6612 a=79.2 f1=77.5 (5.6s)| VA (n=8301) l=0.5642 a=79.9, f1=78.9 (0.3s) | TE (n=9438) l=0.5873 a=79.0, f1=75.7 (0.3s)
2026-05-04 00:09:39 [INFO ] Saved best checkpoint to out_isruc_gru_se/train/8/best_ckpt/best_model.ckpt
2026-05-04 00:09:46 [INFO ] [e67/200 s20306] TR (n=72199) l=0.6695 a=79.8 f1=78.0 (6.1s)| VA (n=8301) l=0.6169 a=78.0, f1=77.3 (0.3s) | TE (n=9438) l=0.5840 a=78.7, f1=76.4 (0.3s)
2026-05-04 00:09:53 [INFO ] [e68/200 s20605] TR (n=72180) l=0.6586 a=79.5 f1=77.9 (5.6s)| VA (n=8301) l=0.5406 a=80.5, f1=79.5 (0.3s) | TE (n=9438) l=0.5762 a=79.4, f1=76.0 (0.3s)
2026-05-04 00:09:53 [INFO ] Saved best checkpoint to out_isruc_gru_se/train/8/best_ckpt/best_model.ckpt
2026-05-04 00:10:00 [INFO ] [e69/200 s20906] TR (n=72221) l=0.6438 a=80.1 f1=78.5 (5.5s)| VA (n=8301) l=0.7557 a=73.7, f1=73.0 (0.3s) | TE (n=9438) l=0.7491 a=72.7, f1=70.8 (0.3s)
2026-05-04 00:10:07 [INFO ] [e70/200 s21209] TR (n=72200) l=0.6444 a=79.8 f1=78.2 (5.5s)| VA (n=8301) l=0.7304 a=74.9, f1=74.6 (0.3s) | TE (n=9438) l=0.6675 a=74.7, f1=72.5 (0.3s)
2026-05-04 00:10:13 [INFO ] [e71/200 s21507] TR (n=72169) l=0.6434 a=79.9 f1=78.3 (5.4s)| VA (n=8301) l=0.5560 a=79.8, f1=78.6 (0.3s) | TE (n=9438) l=0.5620 a=79.8, f1=76.5 (0.3s)
2026-05-04 00:10:20 [INFO ] [e72/200 s21811] TR (n=72208) l=0.6454 a=80.5 f1=78.9 (5.5s)| VA (n=8301) l=0.5296 a=79.8, f1=79.3 (0.3s) | TE (n=9438) l=0.5915 a=78.6, f1=76.2 (0.3s)
2026-05-04 00:10:27 [INFO ] [e73/200 s22111] TR (n=72196) l=0.6516 a=80.4 f1=78.7 (5.4s)| VA (n=8301) l=0.7551 a=74.8, f1=73.8 (0.3s) | TE (n=9438) l=0.7325 a=74.4, f1=72.6 (0.3s)
2026-05-04 00:10:34 [INFO ] [e74/200 s22412] TR (n=72205) l=0.6506 a=80.1 f1=78.6 (5.5s)| VA (n=8301) l=0.6438 a=77.9, f1=76.9 (0.3s) | TE (n=9438) l=0.6310 a=78.4, f1=75.4 (0.3s)
2026-05-04 00:10:40 [INFO ] [e75/200 s22714] TR (n=72202) l=0.6440 a=79.9 f1=78.3 (5.3s)| VA (n=8301) l=0.6959 a=76.8, f1=73.8 (0.3s) | TE (n=9438) l=0.6171 a=78.5, f1=74.1 (0.3s)
2026-05-04 00:10:47 [INFO ] [e76/200 s23016] TR (n=72223) l=0.6372 a=80.3 f1=78.8 (5.5s)| VA (n=8301) l=0.5518 a=79.3, f1=79.0 (0.3s) | TE (n=9438) l=0.5813 a=79.1, f1=76.9 (0.3s)
2026-05-04 00:10:53 [INFO ] [e77/200 s23321] TR (n=72206) l=0.6358 a=80.1 f1=78.5 (5.5s)| VA (n=8301) l=0.5889 a=78.7, f1=77.1 (0.3s) | TE (n=9438) l=0.5506 a=80.3, f1=76.9 (0.3s)
2026-05-04 00:11:00 [INFO ] [e78/200 s23622] TR (n=72192) l=0.6390 a=80.2 f1=78.6 (5.5s)| VA (n=8301) l=0.7138 a=74.7, f1=72.9 (0.3s) | TE (n=9438) l=0.7152 a=76.1, f1=71.2 (0.3s)
2026-05-04 00:11:07 [INFO ] [e79/200 s23925] TR (n=72198) l=0.6229 a=80.3 f1=78.8 (5.6s)| VA (n=8301) l=0.5349 a=80.1, f1=79.8 (0.3s) | TE (n=9438) l=0.5486 a=79.7, f1=77.3 (0.3s)
2026-05-04 00:11:14 [INFO ] [e80/200 s24229] TR (n=72212) l=0.6416 a=80.7 f1=79.0 (5.5s)| VA (n=8301) l=0.7164 a=72.8, f1=72.0 (0.3s) | TE (n=9438) l=0.7774 a=71.9, f1=70.5 (0.3s)
2026-05-04 00:11:21 [INFO ] [e81/200 s24533] TR (n=72198) l=0.6159 a=80.6 f1=79.1 (5.6s)| VA (n=8301) l=0.5849 a=79.1, f1=77.7 (0.3s) | TE (n=9438) l=0.6178 a=78.1, f1=74.4 (0.3s)
2026-05-04 00:11:27 [INFO ] [e82/200 s24834] TR (n=72218) l=0.6238 a=80.9 f1=79.3 (5.4s)| VA (n=8301) l=0.6019 a=77.9, f1=76.5 (0.3s) | TE (n=9438) l=0.5717 a=79.1, f1=76.0 (0.3s)
2026-05-04 00:11:34 [INFO ] [e83/200 s25137] TR (n=72205) l=0.6087 a=80.8 f1=79.1 (5.5s)| VA (n=8301) l=0.7622 a=74.8, f1=72.8 (0.3s) | TE (n=9438) l=0.6658 a=76.5, f1=72.0 (0.3s)
2026-05-04 00:11:41 [INFO ] [e84/200 s25437] TR (n=72195) l=0.6506 a=80.7 f1=79.1 (5.5s)| VA (n=8301) l=0.6135 a=79.2, f1=77.2 (0.3s) | TE (n=9438) l=0.6018 a=79.1, f1=75.5 (0.3s)
2026-05-04 00:11:48 [INFO ] [e85/200 s25741] TR (n=72216) l=0.6143 a=80.5 f1=79.0 (5.5s)| VA (n=8301) l=0.5848 a=80.4, f1=78.6 (0.3s) | TE (n=9438) l=0.5901 a=80.3, f1=75.9 (0.3s)
2026-05-04 00:11:54 [INFO ] [e86/200 s26046] TR (n=72204) l=0.6365 a=80.9 f1=79.2 (5.4s)| VA (n=8301) l=0.5336 a=80.2, f1=79.6 (0.3s) | TE (n=9438) l=0.5789 a=79.3, f1=76.9 (0.3s)
2026-05-04 00:12:01 [INFO ] [e87/200 s26348] TR (n=72191) l=0.6301 a=80.6 f1=79.1 (5.5s)| VA (n=8301) l=0.5386 a=79.7, f1=79.1 (0.3s) | TE (n=9438) l=0.5528 a=79.8, f1=77.3 (0.3s)
2026-05-04 00:12:08 [INFO ] [e88/200 s26647] TR (n=72204) l=0.6092 a=81.1 f1=79.5 (5.4s)| VA (n=8301) l=0.5833 a=79.2, f1=77.8 (0.3s) | TE (n=9438) l=0.5766 a=78.7, f1=75.2 (0.3s)
2026-05-04 00:12:14 [INFO ] [e89/200 s26951] TR (n=72198) l=0.6246 a=80.8 f1=79.3 (5.5s)| VA (n=8301) l=0.5336 a=80.2, f1=79.8 (0.3s) | TE (n=9438) l=0.5641 a=80.1, f1=77.7 (0.3s)
2026-05-04 00:12:21 [INFO ] [e90/200 s27254] TR (n=72201) l=0.5926 a=81.4 f1=79.9 (5.5s)| VA (n=8301) l=0.5738 a=78.5, f1=78.0 (0.3s) | TE (n=9438) l=0.5644 a=80.0, f1=77.4 (0.3s)
2026-05-04 00:12:28 [INFO ] [e91/200 s27559] TR (n=72193) l=0.6167 a=81.2 f1=79.7 (5.6s)| VA (n=8301) l=0.6432 a=77.9, f1=76.1 (0.3s) | TE (n=9438) l=0.6878 a=77.3, f1=72.8 (0.3s)
2026-05-04 00:12:35 [INFO ] [e92/200 s27860] TR (n=72203) l=0.6236 a=81.0 f1=79.5 (5.4s)| VA (n=8301) l=0.6417 a=77.0, f1=77.0 (0.3s) | TE (n=9438) l=0.6457 a=76.3, f1=74.8 (0.3s)
2026-05-04 00:12:42 [INFO ] [e93/200 s28164] TR (n=72187) l=0.5991 a=81.0 f1=79.5 (5.6s)| VA (n=8301) l=0.5642 a=79.3, f1=78.3 (0.3s) | TE (n=9438) l=0.6279 a=77.4, f1=74.0 (0.3s)
2026-05-04 00:12:48 [INFO ] [e94/200 s28461] TR (n=72193) l=0.6232 a=80.6 f1=79.1 (5.4s)| VA (n=8301) l=0.7321 a=76.4, f1=73.8 (0.3s) | TE (n=9438) l=0.6922 a=74.4, f1=71.3 (0.3s)
2026-05-04 00:12:55 [INFO ] [e95/200 s28765] TR (n=72190) l=0.6094 a=81.0 f1=79.5 (5.5s)| VA (n=8301) l=0.6142 a=79.1, f1=77.4 (0.3s) | TE (n=9438) l=0.5805 a=79.1, f1=75.2 (0.3s)
2026-05-04 00:13:02 [INFO ] [e96/200 s29067] TR (n=72214) l=0.6124 a=81.0 f1=79.5 (5.5s)| VA (n=8301) l=0.5650 a=79.3, f1=78.3 (0.3s) | TE (n=9438) l=0.5431 a=80.4, f1=77.3 (0.3s)
2026-05-04 00:13:08 [INFO ] [e97/200 s29372] TR (n=72199) l=0.6137 a=81.3 f1=79.8 (5.6s)| VA (n=8301) l=0.8836 a=74.2, f1=69.0 (0.3s) | TE (n=9438) l=0.6254 a=78.4, f1=73.7 (0.3s)
2026-05-04 00:13:15 [INFO ] [e98/200 s29674] TR (n=72227) l=0.6067 a=80.6 f1=79.2 (5.5s)| VA (n=8301) l=0.5413 a=80.2, f1=78.7 (0.3s) | TE (n=9438) l=0.5307 a=80.4, f1=77.0 (0.3s)
2026-05-04 00:13:22 [INFO ] [e99/200 s29977] TR (n=72211) l=0.5915 a=81.7 f1=80.2 (5.5s)| VA (n=8301) l=0.5436 a=79.7, f1=78.4 (0.3s) | TE (n=9438) l=0.5918 a=78.0, f1=74.9 (0.3s)
2026-05-04 00:13:29 [INFO ] [e100/200 s30277] TR (n=72189) l=0.6236 a=81.0 f1=79.5 (5.5s)| VA (n=8301) l=0.5709 a=78.7, f1=78.0 (0.3s) | TE (n=9438) l=0.6107 a=78.2, f1=75.3 (0.3s)
2026-05-04 00:13:29 [INFO ] >> Confusion Matrix
2026-05-04 00:13:29 [INFO ] [[1822  182   40    7   54]
 [ 121  503  217    7  171]
 [  36  326 2458  271  164]
 [   1    2  285 1692    0]
 [   3   26  126   16  908]]
2026-05-04 00:13:36 [INFO ] [e101/200 s30579] TR (n=72188) l=0.5786 a=81.5 f1=80.1 (5.5s)| VA (n=8301) l=0.5042 a=81.3, f1=80.5 (0.3s) | TE (n=9438) l=0.5241 a=81.0, f1=78.1 (0.3s)
2026-05-04 00:13:36 [INFO ] Saved best checkpoint to out_isruc_gru_se/train/8/best_ckpt/best_model.ckpt
2026-05-04 00:13:42 [INFO ] [e102/200 s30881] TR (n=72209) l=0.6147 a=81.3 f1=79.7 (5.5s)| VA (n=8301) l=0.5614 a=79.7, f1=78.2 (0.3s) | TE (n=9438) l=0.5632 a=79.5, f1=76.4 (0.3s)
2026-05-04 00:13:49 [INFO ] [e103/200 s31182] TR (n=72204) l=0.5878 a=81.4 f1=80.0 (5.4s)| VA (n=8301) l=0.6419 a=75.5, f1=75.3 (0.3s) | TE (n=9438) l=0.6450 a=77.5, f1=75.1 (0.3s)
2026-05-04 00:13:56 [INFO ] [e104/200 s31485] TR (n=72215) l=0.5827 a=81.7 f1=80.1 (5.5s)| VA (n=8301) l=0.5620 a=79.8, f1=78.5 (0.3s) | TE (n=9438) l=0.5468 a=80.3, f1=77.0 (0.3s)
2026-05-04 00:14:03 [INFO ] [e105/200 s31789] TR (n=72185) l=0.5999 a=81.5 f1=80.0 (5.7s)| VA (n=8301) l=0.5419 a=79.8, f1=78.7 (0.3s) | TE (n=9438) l=0.5999 a=78.7, f1=75.9 (0.3s)
2026-05-04 00:14:10 [INFO ] [e106/200 s32090] TR (n=72206) l=0.5951 a=81.2 f1=79.8 (5.5s)| VA (n=8301) l=0.7361 a=76.6, f1=75.5 (0.3s) | TE (n=9438) l=0.6511 a=76.8, f1=74.0 (0.3s)
2026-05-04 00:14:17 [INFO ] [e107/200 s32391] TR (n=72204) l=0.5846 a=81.8 f1=80.5 (5.5s)| VA (n=8301) l=0.6735 a=78.5, f1=76.9 (0.3s) | TE (n=9438) l=0.5863 a=79.1, f1=75.9 (0.3s)
2026-05-04 00:14:24 [INFO ] [e108/200 s32693] TR (n=72206) l=0.5977 a=81.6 f1=80.1 (5.6s)| VA (n=8301) l=0.6276 a=77.2, f1=76.8 (0.3s) | TE (n=9438) l=0.6234 a=77.5, f1=74.8 (0.3s)
2026-05-04 00:14:31 [INFO ] [e109/200 s32998] TR (n=72193) l=0.6058 a=81.5 f1=80.0 (5.5s)| VA (n=8301) l=0.5298 a=79.7, f1=78.9 (0.3s) | TE (n=9438) l=0.5847 a=79.7, f1=77.1 (0.3s)
2026-05-04 00:14:38 [INFO ] [e110/200 s33301] TR (n=72201) l=0.5792 a=82.1 f1=80.7 (5.5s)| VA (n=8301) l=0.5645 a=78.7, f1=78.2 (0.3s) | TE (n=9438) l=0.5402 a=80.3, f1=78.2 (0.3s)
2026-05-04 00:14:44 [INFO ] [e111/200 s33605] TR (n=72197) l=0.5721 a=81.9 f1=80.4 (5.5s)| VA (n=8301) l=0.6763 a=76.1, f1=75.7 (0.3s) | TE (n=9438) l=0.6527 a=76.6, f1=74.7 (0.3s)
2026-05-04 00:14:51 [INFO ] [e112/200 s33904] TR (n=72216) l=0.5855 a=81.7 f1=80.1 (5.6s)| VA (n=8301) l=0.5017 a=81.0, f1=80.2 (0.3s) | TE (n=9438) l=0.5775 a=80.0, f1=77.1 (0.3s)
2026-05-04 00:14:58 [INFO ] [e113/200 s34209] TR (n=72208) l=0.5981 a=81.2 f1=79.8 (5.6s)| VA (n=8301) l=0.5353 a=80.4, f1=79.2 (0.3s) | TE (n=9438) l=0.5730 a=79.3, f1=75.5 (0.3s)
2026-05-04 00:15:05 [INFO ] [e114/200 s34508] TR (n=72201) l=0.5677 a=82.0 f1=80.5 (5.4s)| VA (n=8301) l=0.5189 a=80.2, f1=80.1 (0.3s) | TE (n=9438) l=0.5255 a=80.7, f1=78.7 (0.3s)
2026-05-04 00:15:12 [INFO ] [e115/200 s34811] TR (n=72209) l=0.5771 a=82.2 f1=80.8 (5.5s)| VA (n=8301) l=0.5420 a=80.4, f1=79.4 (0.3s) | TE (n=9438) l=0.5488 a=79.8, f1=76.2 (0.3s)
2026-05-04 00:15:19 [INFO ] [e116/200 s35116] TR (n=72211) l=0.5816 a=81.8 f1=80.4 (5.6s)| VA (n=8301) l=0.6083 a=79.0, f1=77.2 (0.3s) | TE (n=9438) l=0.5601 a=80.5, f1=77.1 (0.3s)
2026-05-04 00:15:25 [INFO ] [e117/200 s35420] TR (n=72218) l=0.5515 a=82.4 f1=80.9 (5.6s)| VA (n=8301) l=0.5953 a=76.9, f1=76.3 (0.3s) | TE (n=9438) l=0.6845 a=75.1, f1=72.9 (0.3s)
2026-05-04 00:15:32 [INFO ] [e118/200 s35720] TR (n=72214) l=0.5809 a=81.8 f1=80.4 (5.4s)| VA (n=8301) l=0.5659 a=80.0, f1=78.6 (0.3s) | TE (n=9438) l=0.5517 a=80.3, f1=76.8 (0.3s)
2026-05-04 00:15:39 [INFO ] [e119/200 s36025] TR (n=72190) l=0.5648 a=82.1 f1=80.6 (5.5s)| VA (n=8301) l=0.5778 a=78.2, f1=77.1 (0.3s) | TE (n=9438) l=0.5969 a=79.0, f1=75.9 (0.3s)
2026-05-04 00:15:45 [INFO ] [e120/200 s36326] TR (n=72214) l=0.5647 a=82.1 f1=80.6 (5.4s)| VA (n=8301) l=0.5211 a=81.6, f1=80.5 (0.3s) | TE (n=9438) l=0.5716 a=79.6, f1=76.8 (0.3s)
2026-05-04 00:15:52 [INFO ] [e121/200 s36630] TR (n=72212) l=0.5619 a=82.5 f1=81.1 (5.1s)| VA (n=8301) l=0.5378 a=79.1, f1=78.9 (0.3s) | TE (n=9438) l=0.5471 a=79.9, f1=77.7 (0.3s)
2026-05-04 00:15:58 [INFO ] [e122/200 s36932] TR (n=72225) l=0.5624 a=82.1 f1=80.8 (5.1s)| VA (n=8301) l=0.5360 a=80.7, f1=79.7 (0.3s) | TE (n=9438) l=0.6541 a=78.2, f1=74.2 (0.3s)
2026-05-04 00:16:05 [INFO ] [e123/200 s37238] TR (n=72213) l=0.6061 a=82.2 f1=80.8 (5.6s)| VA (n=8301) l=0.5700 a=79.2, f1=78.0 (0.3s) | TE (n=9438) l=0.5967 a=79.1, f1=75.7 (0.3s)
2026-05-04 00:16:12 [INFO ] [e124/200 s37543] TR (n=72226) l=0.5919 a=82.0 f1=80.6 (5.5s)| VA (n=8301) l=0.5997 a=78.4, f1=76.9 (0.3s) | TE (n=9438) l=0.6361 a=77.5, f1=75.2 (0.3s)
2026-05-04 00:16:18 [INFO ] [e125/200 s37846] TR (n=72211) l=0.5528 a=82.1 f1=80.8 (5.6s)| VA (n=8301) l=0.5444 a=79.2, f1=78.4 (0.3s) | TE (n=9438) l=0.6223 a=77.5, f1=74.5 (0.3s)
2026-05-04 00:16:25 [INFO ] [e126/200 s38148] TR (n=72179) l=0.5694 a=81.9 f1=80.5 (5.6s)| VA (n=8301) l=0.5703 a=78.6, f1=77.7 (0.3s) | TE (n=9438) l=0.5612 a=79.8, f1=76.8 (0.3s)
2026-05-04 00:16:32 [INFO ] [e127/200 s38449] TR (n=72196) l=0.5563 a=82.6 f1=81.3 (5.5s)| VA (n=8301) l=0.5770 a=79.0, f1=77.8 (0.3s) | TE (n=9438) l=0.5512 a=80.9, f1=77.9 (0.3s)
2026-05-04 00:16:39 [INFO ] [e128/200 s38753] TR (n=72194) l=0.5815 a=82.6 f1=81.3 (5.5s)| VA (n=8301) l=0.6554 a=75.9, f1=76.0 (0.3s) | TE (n=9438) l=0.6591 a=76.7, f1=75.0 (0.3s)
2026-05-04 00:16:45 [INFO ] [e129/200 s39059] TR (n=72222) l=0.5666 a=82.2 f1=80.8 (5.5s)| VA (n=8301) l=0.5430 a=80.4, f1=79.3 (0.3s) | TE (n=9438) l=0.6393 a=78.3, f1=75.3 (0.3s)
2026-05-04 00:16:52 [INFO ] [e130/200 s39361] TR (n=72212) l=0.5466 a=82.4 f1=81.0 (5.5s)| VA (n=8301) l=0.5680 a=78.9, f1=78.2 (0.3s) | TE (n=9438) l=0.5689 a=79.7, f1=77.6 (0.3s)
2026-05-04 00:16:59 [INFO ] [e131/200 s39663] TR (n=72207) l=0.5260 a=83.0 f1=81.7 (5.5s)| VA (n=8301) l=0.5122 a=81.2, f1=80.4 (0.3s) | TE (n=9438) l=0.5257 a=81.1, f1=78.1 (0.3s)
2026-05-04 00:17:05 [INFO ] [e132/200 s39965] TR (n=72200) l=0.5335 a=83.1 f1=81.8 (5.5s)| VA (n=8301) l=0.5526 a=80.2, f1=79.5 (0.3s) | TE (n=9438) l=0.5315 a=81.2, f1=78.1 (0.3s)
2026-05-04 00:17:12 [INFO ] [e133/200 s40268] TR (n=72201) l=0.5505 a=82.4 f1=81.0 (5.5s)| VA (n=8301) l=0.5341 a=79.3, f1=79.1 (0.3s) | TE (n=9438) l=0.5395 a=80.2, f1=78.1 (0.3s)
2026-05-04 00:17:19 [INFO ] [e134/200 s40571] TR (n=72196) l=0.5482 a=82.5 f1=81.2 (5.5s)| VA (n=8301) l=0.6115 a=76.1, f1=76.3 (0.3s) | TE (n=9438) l=0.6451 a=76.9, f1=75.2 (0.3s)
2026-05-04 00:17:26 [INFO ] [e135/200 s40877] TR (n=72186) l=0.5838 a=81.9 f1=80.6 (5.6s)| VA (n=8301) l=0.7248 a=73.4, f1=73.1 (0.3s) | TE (n=9438) l=0.7390 a=74.2, f1=72.7 (0.3s)
2026-05-04 00:17:32 [INFO ] [e136/200 s41181] TR (n=72198) l=0.5853 a=82.1 f1=80.7 (5.5s)| VA (n=8301) l=0.5740 a=79.4, f1=77.7 (0.3s) | TE (n=9438) l=0.6069 a=79.7, f1=75.7 (0.3s)
2026-05-04 00:17:39 [INFO ] [e137/200 s41487] TR (n=72211) l=0.5739 a=82.2 f1=80.8 (5.1s)| VA (n=8301) l=0.5484 a=79.4, f1=78.7 (0.3s) | TE (n=9438) l=0.5733 a=79.2, f1=76.5 (0.3s)
2026-05-04 00:17:45 [INFO ] [e138/200 s41790] TR (n=72196) l=0.5593 a=82.8 f1=81.5 (5.4s)| VA (n=8301) l=0.5700 a=78.1, f1=77.7 (0.3s) | TE (n=9438) l=0.6410 a=77.8, f1=75.5 (0.3s)
2026-05-04 00:17:52 [INFO ] [e139/200 s42094] TR (n=72183) l=0.5499 a=82.9 f1=81.6 (5.4s)| VA (n=8301) l=0.5432 a=78.6, f1=78.6 (0.3s) | TE (n=9438) l=0.5546 a=79.9, f1=78.1 (0.3s)
2026-05-04 00:17:59 [INFO ] [e140/200 s42397] TR (n=72192) l=0.5368 a=82.9 f1=81.7 (5.5s)| VA (n=8301) l=0.5447 a=80.2, f1=79.1 (0.3s) | TE (n=9438) l=0.6078 a=78.0, f1=74.3 (0.3s)
2026-05-04 00:18:05 [INFO ] [e141/200 s42700] TR (n=72222) l=0.5437 a=82.6 f1=81.3 (5.5s)| VA (n=8301) l=0.5495 a=78.8, f1=78.6 (0.3s) | TE (n=9438) l=0.5623 a=79.8, f1=77.8 (0.3s)
2026-05-04 00:18:12 [INFO ] [e142/200 s43004] TR (n=72198) l=0.5512 a=83.0 f1=81.8 (5.5s)| VA (n=8301) l=0.5294 a=81.4, f1=80.2 (0.3s) | TE (n=9438) l=0.5831 a=80.3, f1=76.1 (0.3s)
2026-05-04 00:18:19 [INFO ] [e143/200 s43308] TR (n=72189) l=0.5674 a=82.1 f1=80.7 (5.6s)| VA (n=8301) l=0.5601 a=78.9, f1=77.6 (0.3s) | TE (n=9438) l=0.5306 a=81.0, f1=77.8 (0.3s)
2026-05-04 00:18:26 [INFO ] [e144/200 s43609] TR (n=72193) l=0.5391 a=82.9 f1=81.6 (5.6s)| VA (n=8301) l=0.6859 a=74.5, f1=74.8 (0.3s) | TE (n=9438) l=0.6575 a=76.8, f1=74.7 (0.3s)
2026-05-04 00:18:32 [INFO ] [e145/200 s43909] TR (n=72207) l=0.5367 a=83.1 f1=81.9 (5.5s)| VA (n=8301) l=0.5265 a=80.4, f1=79.4 (0.3s) | TE (n=9438) l=0.5791 a=79.9, f1=76.5 (0.3s)
2026-05-04 00:18:39 [INFO ] [e146/200 s44212] TR (n=72202) l=0.5568 a=82.4 f1=81.2 (5.5s)| VA (n=8301) l=0.5520 a=79.7, f1=78.4 (0.3s) | TE (n=9438) l=0.5546 a=80.6, f1=76.9 (0.3s)
2026-05-04 00:18:46 [INFO ] [e147/200 s44517] TR (n=72214) l=0.5744 a=83.0 f1=81.7 (5.6s)| VA (n=8301) l=0.6166 a=77.5, f1=76.0 (0.3s) | TE (n=9438) l=0.6087 a=77.5, f1=74.9 (0.3s)
2026-05-04 00:18:53 [INFO ] [e148/200 s44821] TR (n=72199) l=0.5395 a=82.8 f1=81.5 (5.1s)| VA (n=8301) l=0.5886 a=78.0, f1=77.6 (0.3s) | TE (n=9438) l=0.5464 a=79.2, f1=77.2 (0.3s)
2026-05-04 00:18:59 [INFO ] [e149/200 s45121] TR (n=72197) l=0.5188 a=83.3 f1=81.9 (5.5s)| VA (n=8301) l=0.6361 a=77.3, f1=76.3 (0.3s) | TE (n=9438) l=0.6643 a=77.6, f1=75.0 (0.3s)
2026-05-04 00:19:06 [INFO ] [e150/200 s45426] TR (n=72196) l=0.5529 a=82.8 f1=81.6 (5.5s)| VA (n=8301) l=0.5579 a=80.5, f1=79.2 (0.3s) | TE (n=9438) l=0.5592 a=80.9, f1=77.7 (0.3s)
2026-05-04 00:19:06 [INFO ] >> Confusion Matrix
2026-05-04 00:19:06 [INFO ] [[1917  128   37    6   17]
 [ 122  465  301    4  127]
 [  34  209 2848   84   80]
 [   1    0  464 1515    0]
 [   1   25  158    1  894]]
2026-05-04 00:19:13 [INFO ] [e151/200 s45728] TR (n=72193) l=0.5101 a=83.4 f1=82.1 (5.5s)| VA (n=8301) l=0.5698 a=79.7, f1=78.9 (0.3s) | TE (n=9438) l=0.5963 a=78.7, f1=76.6 (0.3s)
2026-05-04 00:19:20 [INFO ] [e152/200 s46034] TR (n=72212) l=0.5430 a=82.7 f1=81.4 (5.5s)| VA (n=8301) l=0.5558 a=78.6, f1=78.1 (0.3s) | TE (n=9438) l=0.5849 a=80.0, f1=77.3 (0.3s)
2026-05-04 00:19:20 [INFO ] *** Early-stopping ***
2026-05-04 00:19:20 [INFO ] Load generated SIDs from isruc.txt
2026-05-04 00:19:20 [INFO ] SIDs (100): [  1   2   3   4   5   6   7   8   9  10  11  12  13  14  15  16  17  18
  19  20  21  22  23  24  25  26  27  28  29  30  31  32  33  34  35  36
  37  38  39  40  41  42  43  44  45  46  47  48  49  50  51  52  53  54
  55  56  57  58  59  60  61  62  63  64  65  66  67  68  69  70  71  72
  73  74  75  76  77  78  79  80  81  82  83  84  85  86  87  88  89  90
  91  92  93  94  95  96  97  98  99 100]
2026-05-04 00:19:20 [INFO ] Train SIDs: (81) [ 1  2  4  5  6  7  8  9 10 11 12 13 14 15 16 17 18 19 21 22 23 24 25 26
 27 28 29 30 31 32 33 34 35 36 37 38 39 40 41 42 43 45 46 47 48 49 50 51
 53 54 55 56 57 58 59 60 61 62 65 66 67 68 70 71 72 73 74 75 76 77 78 80
 81 82 84 85 86 87 88 89 90]
2026-05-04 00:19:20 [INFO ] Valid SIDs: (9) [83 69 63 20  3 79 64 52 44]
2026-05-04 00:19:20 [INFO ] Test SIDs: (10) [ 91  92  93  94  95  96  97  98  99 100]
2026-05-04 00:19:21 [INFO ] Training set (n_night_sleeps=81)
2026-05-04 00:19:21 [INFO ] (880, 3000, 1, 1)
2026-05-04 00:19:21 [INFO ] (964, 3000, 1, 1)
2026-05-04 00:19:21 [INFO ] (963, 3000, 1, 1)
2026-05-04 00:19:21 [INFO ] (875, 3000, 1, 1)
2026-05-04 00:19:21 [INFO ] (897, 3000, 1, 1)
2026-05-04 00:19:21 [INFO ] (933, 3000, 1, 1)
2026-05-04 00:19:21 [INFO ] (904, 3000, 1, 1)
2026-05-04 00:19:21 [INFO ] (969, 3000, 1, 1)
2026-05-04 00:19:21 [INFO ] (842, 3000, 1, 1)
2026-05-04 00:19:21 [INFO ] (997, 3000, 1, 1)
2026-05-04 00:19:21 [INFO ] (850, 3000, 1, 1)
2026-05-04 00:19:21 [INFO ] (882, 3000, 1, 1)
2026-05-04 00:19:21 [INFO ] (906, 3000, 1, 1)
2026-05-04 00:19:21 [INFO ] (786, 3000, 1, 1)
2026-05-04 00:19:21 [INFO ] (883, 3000, 1, 1)
2026-05-04 00:19:21 [INFO ] (851, 3000, 1, 1)
2026-05-04 00:19:21 [INFO ] (999, 3000, 1, 1)
2026-05-04 00:19:21 [INFO ] (828, 3000, 1, 1)
2026-05-04 00:19:21 [INFO ] (1054, 3000, 1, 1)
2026-05-04 00:19:21 [INFO ] (849, 3000, 1, 1)
2026-05-04 00:19:21 [INFO ] (892, 3000, 1, 1)
2026-05-04 00:19:21 [INFO ] (830, 3000, 1, 1)
2026-05-04 00:19:21 [INFO ] (921, 3000, 1, 1)
2026-05-04 00:19:21 [INFO ] (1062, 3000, 1, 1)
2026-05-04 00:19:21 [INFO ] (918, 3000, 1, 1)
2026-05-04 00:19:21 [INFO ] (882, 3000, 1, 1)
2026-05-04 00:19:21 [INFO ] (912, 3000, 1, 1)
2026-05-04 00:19:21 [INFO ] (882, 3000, 1, 1)
2026-05-04 00:19:21 [INFO ] (877, 3000, 1, 1)
2026-05-04 00:19:21 [INFO ] (1010, 3000, 1, 1)
2026-05-04 00:19:21 [INFO ] (920, 3000, 1, 1)
2026-05-04 00:19:21 [INFO ] (871, 3000, 1, 1)
2026-05-04 00:19:21 [INFO ] (788, 3000, 1, 1)
2026-05-04 00:19:21 [INFO ] (987, 3000, 1, 1)
2026-05-04 00:19:21 [INFO ] (806, 3000, 1, 1)
2026-05-04 00:19:21 [INFO ] (932, 3000, 1, 1)
2026-05-04 00:19:21 [INFO ] (900, 3000, 1, 1)
2026-05-04 00:19:21 [INFO ] (875, 3000, 1, 1)
2026-05-04 00:19:21 [INFO ] (974, 3000, 1, 1)
2026-05-04 00:19:21 [INFO ] (812, 3000, 1, 1)
2026-05-04 00:19:21 [INFO ] (747, 3000, 1, 1)
2026-05-04 00:19:21 [INFO ] (906, 3000, 1, 1)
2026-05-04 00:19:21 [INFO ] (863, 3000, 1, 1)
2026-05-04 00:19:21 [INFO ] (838, 3000, 1, 1)
2026-05-04 00:19:21 [INFO ] (981, 3000, 1, 1)
2026-05-04 00:19:21 [INFO ] (793, 3000, 1, 1)
2026-05-04 00:19:21 [INFO ] (905, 3000, 1, 1)
2026-05-04 00:19:21 [INFO ] (856, 3000, 1, 1)
2026-05-04 00:19:21 [INFO ] (910, 3000, 1, 1)
2026-05-04 00:19:21 [INFO ] (814, 3000, 1, 1)
2026-05-04 00:19:21 [INFO ] (879, 3000, 1, 1)
2026-05-04 00:19:21 [INFO ] (956, 3000, 1, 1)
2026-05-04 00:19:21 [INFO ] (1007, 3000, 1, 1)
2026-05-04 00:19:21 [INFO ] (965, 3000, 1, 1)
2026-05-04 00:19:21 [INFO ] (942, 3000, 1, 1)
2026-05-04 00:19:21 [INFO ] (916, 3000, 1, 1)
2026-05-04 00:19:21 [INFO ] (852, 3000, 1, 1)
2026-05-04 00:19:21 [INFO ] (864, 3000, 1, 1)
2026-05-04 00:19:21 [INFO ] (1014, 3000, 1, 1)
2026-05-04 00:19:21 [INFO ] (845, 3000, 1, 1)
2026-05-04 00:19:21 [INFO ] (862, 3000, 1, 1)
2026-05-04 00:19:21 [INFO ] (956, 3000, 1, 1)
2026-05-04 00:19:21 [INFO ] (893, 3000, 1, 1)
2026-05-04 00:19:21 [INFO ] (829, 3000, 1, 1)
2026-05-04 00:19:21 [INFO ] (872, 3000, 1, 1)
2026-05-04 00:19:21 [INFO ] (997, 3000, 1, 1)
2026-05-04 00:19:21 [INFO ] (897, 3000, 1, 1)
2026-05-04 00:19:21 [INFO ] (898, 3000, 1, 1)
2026-05-04 00:19:21 [INFO ] (850, 3000, 1, 1)
2026-05-04 00:19:21 [INFO ] (805, 3000, 1, 1)
2026-05-04 00:19:21 [INFO ] (894, 3000, 1, 1)
2026-05-04 00:19:21 [INFO ] (889, 3000, 1, 1)
2026-05-04 00:19:21 [INFO ] (911, 3000, 1, 1)
2026-05-04 00:19:21 [INFO ] (882, 3000, 1, 1)
2026-05-04 00:19:21 [INFO ] (963, 3000, 1, 1)
2026-05-04 00:19:21 [INFO ] (896, 3000, 1, 1)
2026-05-04 00:19:21 [INFO ] (964, 3000, 1, 1)
2026-05-04 00:19:21 [INFO ] (926, 3000, 1, 1)
2026-05-04 00:19:21 [INFO ] (1002, 3000, 1, 1)
2026-05-04 00:19:21 [INFO ] (1036, 3000, 1, 1)
2026-05-04 00:19:21 [INFO ] (933, 3000, 1, 1)
2026-05-04 00:19:21 [INFO ] W: 18131
2026-05-04 00:19:21 [INFO ] N1: 9295
2026-05-04 00:19:21 [INFO ] N2: 22637
2026-05-04 00:19:21 [INFO ] N3: 13898
2026-05-04 00:19:21 [INFO ] REM: 9210
2026-05-04 00:19:21 [INFO ] Validation set (n_night_sleeps=9)
2026-05-04 00:19:21 [INFO ] (925, 3000, 1, 1)
2026-05-04 00:19:21 [INFO ] (815, 3000, 1, 1)
2026-05-04 00:19:21 [INFO ] (954, 3000, 1, 1)
2026-05-04 00:19:21 [INFO ] (950, 3000, 1, 1)
2026-05-04 00:19:21 [INFO ] (943, 3000, 1, 1)
2026-05-04 00:19:21 [INFO ] (880, 3000, 1, 1)
2026-05-04 00:19:21 [INFO ] (892, 3000, 1, 1)
2026-05-04 00:19:21 [INFO ] (912, 3000, 1, 1)
2026-05-04 00:19:21 [INFO ] (932, 3000, 1, 1)
2026-05-04 00:19:21 [INFO ] W: 1486
2026-05-04 00:19:21 [INFO ] N1: 1169
2026-05-04 00:19:21 [INFO ] N2: 2480
2026-05-04 00:19:21 [INFO ] N3: 1774
2026-05-04 00:19:21 [INFO ] REM: 1294
2026-05-04 00:19:21 [INFO ] Test set (n_night_sleeps=10)
2026-05-04 00:19:21 [INFO ] (990, 3000, 1, 1)
2026-05-04 00:19:21 [INFO ] (877, 3000, 1, 1)
2026-05-04 00:19:21 [INFO ] (870, 3000, 1, 1)
2026-05-04 00:19:21 [INFO ] (846, 3000, 1, 1)
2026-05-04 00:19:21 [INFO ] (865, 3000, 1, 1)
2026-05-04 00:19:21 [INFO ] (858, 3000, 1, 1)
2026-05-04 00:19:21 [INFO ] (912, 3000, 1, 1)
2026-05-04 00:19:21 [INFO ] (899, 3000, 1, 1)
2026-05-04 00:19:21 [INFO ] (835, 3000, 1, 1)
2026-05-04 00:19:21 [INFO ] (861, 3000, 1, 1)
2026-05-04 00:19:21 [INFO ] W: 1362
2026-05-04 00:19:21 [INFO ] N1: 1049
2026-05-04 00:19:21 [INFO ] N2: 3170
2026-05-04 00:19:21 [INFO ] N3: 1808
2026-05-04 00:19:21 [INFO ] REM: 1424
2026-05-04 00:19:21 [INFO ]   Weighted cross entropy: True
2026-05-04 00:19:21 [INFO ]   Weighted cross entropy: [1.  1.5 1.  1.  1. ]
2026-05-04 00:19:21 [INFO ] using device 0
2026-05-04 00:19:21 [INFO ] Data Augmentation
2026-05-04 00:19:21 [INFO ]   Sequence: True
2026-05-04 00:19:21 [INFO ]   Signal full: True
2026-05-04 00:19:27 [INFO ] [e1/200 s308] TR (n=72959) l=1.6451 a=38.3 f1=31.2 (5.6s)| VA (n=8203) l=1.4649 a=38.2, f1=34.3 (0.3s) | TE (n=8813) l=1.4395 a=36.5, f1=29.5 (0.3s)
2026-05-04 00:19:27 [INFO ] Saved best checkpoint to out_isruc_gru_se/train/9/best_ckpt/best_model.ckpt
2026-05-04 00:19:34 [INFO ] [e2/200 s617] TR (n=72929) l=1.4324 a=52.3 f1=43.4 (5.6s)| VA (n=8203) l=2.4591 a=22.3, f1=13.6 (0.3s) | TE (n=8813) l=2.1287 a=26.3, f1=20.6 (0.3s)
2026-05-04 00:19:41 [INFO ] [e3/200 s925] TR (n=72952) l=1.3212 a=55.8 f1=47.1 (5.6s)| VA (n=8203) l=1.3417 a=54.5, f1=46.2 (0.3s) | TE (n=8813) l=1.2587 a=54.6, f1=49.8 (0.3s)
2026-05-04 00:19:41 [INFO ] Saved best checkpoint to out_isruc_gru_se/train/9/best_ckpt/best_model.ckpt
2026-05-04 00:19:48 [INFO ] [e4/200 s1235] TR (n=72922) l=1.2982 a=57.2 f1=50.5 (5.7s)| VA (n=8203) l=1.2056 a=55.2, f1=47.0 (0.3s) | TE (n=8813) l=1.1392 a=57.6, f1=51.4 (0.3s)
2026-05-04 00:19:48 [INFO ] Saved best checkpoint to out_isruc_gru_se/train/9/best_ckpt/best_model.ckpt
2026-05-04 00:19:55 [INFO ] [e5/200 s1541] TR (n=72944) l=1.2377 a=58.3 f1=51.7 (5.6s)| VA (n=8203) l=1.2603 a=53.6, f1=52.4 (0.3s) | TE (n=8813) l=1.1532 a=53.9, f1=53.9 (0.3s)
2026-05-04 00:20:01 [INFO ] [e6/200 s1846] TR (n=72924) l=1.2418 a=60.1 f1=55.4 (5.5s)| VA (n=8203) l=1.3570 a=49.5, f1=45.7 (0.3s) | TE (n=8813) l=1.3345 a=49.6, f1=46.5 (0.3s)
2026-05-04 00:20:08 [INFO ] [e7/200 s2150] TR (n=72944) l=1.1740 a=62.7 f1=58.1 (5.5s)| VA (n=8203) l=1.5893 a=52.9, f1=41.0 (0.3s) | TE (n=8813) l=1.4526 a=53.1, f1=44.6 (0.3s)
2026-05-04 00:20:15 [INFO ] [e8/200 s2456] TR (n=72920) l=1.1213 a=63.2 f1=59.3 (5.6s)| VA (n=8203) l=1.7039 a=50.4, f1=37.9 (0.3s) | TE (n=8813) l=1.4655 a=56.9, f1=47.1 (0.3s)
2026-05-04 00:20:21 [INFO ] [e9/200 s2762] TR (n=72918) l=1.0898 a=65.4 f1=62.2 (5.6s)| VA (n=8203) l=0.9160 a=65.9, f1=64.3 (0.3s) | TE (n=8813) l=1.0124 a=60.1, f1=60.2 (0.3s)
2026-05-04 00:20:22 [INFO ] Saved best checkpoint to out_isruc_gru_se/train/9/best_ckpt/best_model.ckpt
2026-05-04 00:20:28 [INFO ] [e10/200 s3061] TR (n=72928) l=1.0431 a=67.0 f1=64.0 (5.4s)| VA (n=8203) l=0.7063 a=75.8, f1=73.2 (0.3s) | TE (n=8813) l=0.7163 a=75.0, f1=72.6 (0.3s)
2026-05-04 00:20:28 [INFO ] Saved best checkpoint to out_isruc_gru_se/train/9/best_ckpt/best_model.ckpt
2026-05-04 00:20:35 [INFO ] [e11/200 s3370] TR (n=72923) l=1.0572 a=67.5 f1=64.6 (5.6s)| VA (n=8203) l=1.7325 a=45.1, f1=35.8 (0.3s) | TE (n=8813) l=1.3161 a=54.5, f1=46.3 (0.3s)
2026-05-04 00:20:42 [INFO ] [e12/200 s3676] TR (n=72919) l=1.0497 a=67.9 f1=65.0 (5.6s)| VA (n=8203) l=0.8766 a=69.5, f1=65.7 (0.3s) | TE (n=8813) l=0.8048 a=71.5, f1=68.2 (0.3s)
2026-05-04 00:20:49 [INFO ] [e13/200 s3985] TR (n=72915) l=1.0125 a=67.9 f1=65.0 (5.7s)| VA (n=8203) l=0.8997 a=68.5, f1=63.8 (0.3s) | TE (n=8813) l=0.8163 a=71.1, f1=67.1 (0.3s)
2026-05-04 00:20:56 [INFO ] [e14/200 s4296] TR (n=72901) l=1.0327 a=69.2 f1=66.3 (5.7s)| VA (n=8203) l=2.0865 a=38.3, f1=33.3 (0.3s) | TE (n=8813) l=1.7499 a=43.9, f1=41.8 (0.3s)
2026-05-04 00:21:02 [INFO ] [e15/200 s4601] TR (n=72953) l=0.9881 a=69.2 f1=66.4 (5.6s)| VA (n=8203) l=1.4309 a=54.7, f1=48.8 (0.3s) | TE (n=8813) l=1.2363 a=61.4, f1=54.8 (0.3s)
2026-05-04 00:21:09 [INFO ] [e16/200 s4909] TR (n=72923) l=0.9863 a=68.9 f1=66.4 (5.6s)| VA (n=8203) l=1.0181 a=64.3, f1=61.4 (0.3s) | TE (n=8813) l=0.8433 a=70.2, f1=65.9 (0.3s)
2026-05-04 00:21:16 [INFO ] [e17/200 s5211] TR (n=72919) l=0.9458 a=70.3 f1=67.6 (5.5s)| VA (n=8203) l=0.9730 a=68.0, f1=67.0 (0.3s) | TE (n=8813) l=0.9061 a=66.3, f1=64.9 (0.3s)
2026-05-04 00:21:23 [INFO ] [e18/200 s5521] TR (n=72915) l=0.9629 a=70.2 f1=67.7 (5.6s)| VA (n=8203) l=0.7014 a=75.9, f1=74.2 (0.3s) | TE (n=8813) l=0.7135 a=76.5, f1=73.7 (0.3s)
2026-05-04 00:21:23 [INFO ] Saved best checkpoint to out_isruc_gru_se/train/9/best_ckpt/best_model.ckpt
2026-05-04 00:21:30 [INFO ] [e19/200 s5827] TR (n=72920) l=0.9374 a=70.8 f1=68.1 (5.6s)| VA (n=8203) l=1.0711 a=64.9, f1=61.2 (0.3s) | TE (n=8813) l=0.9230 a=68.9, f1=64.8 (0.3s)
2026-05-04 00:21:36 [INFO ] [e20/200 s6134] TR (n=72935) l=0.9829 a=70.4 f1=67.9 (5.6s)| VA (n=8203) l=1.3345 a=59.3, f1=53.1 (0.3s) | TE (n=8813) l=1.1222 a=62.8, f1=58.5 (0.3s)
2026-05-04 00:21:43 [INFO ] [e21/200 s6441] TR (n=72918) l=0.9756 a=70.6 f1=67.8 (5.5s)| VA (n=8203) l=0.7040 a=75.0, f1=74.3 (0.3s) | TE (n=8813) l=0.7200 a=73.6, f1=72.7 (0.3s)
2026-05-04 00:21:50 [INFO ] [e22/200 s6747] TR (n=72932) l=0.9177 a=71.9 f1=69.4 (5.6s)| VA (n=8203) l=0.7963 a=74.1, f1=71.3 (0.3s) | TE (n=8813) l=0.7496 a=74.8, f1=70.3 (0.3s)
2026-05-04 00:21:57 [INFO ] [e23/200 s7055] TR (n=72941) l=0.8999 a=72.2 f1=69.6 (5.6s)| VA (n=8203) l=1.0174 a=65.4, f1=60.4 (0.3s) | TE (n=8813) l=1.1044 a=61.5, f1=57.3 (0.3s)
2026-05-04 00:22:03 [INFO ] [e24/200 s7364] TR (n=72935) l=0.8790 a=73.4 f1=70.8 (5.6s)| VA (n=8203) l=0.8173 a=73.4, f1=67.3 (0.3s) | TE (n=8813) l=0.7626 a=74.0, f1=69.9 (0.3s)
2026-05-04 00:22:10 [INFO ] [e25/200 s7672] TR (n=72911) l=0.8910 a=72.4 f1=69.9 (5.7s)| VA (n=8203) l=0.6543 a=78.4, f1=77.2 (0.3s) | TE (n=8813) l=0.8362 a=71.0, f1=69.9 (0.3s)
2026-05-04 00:22:10 [INFO ] Saved best checkpoint to out_isruc_gru_se/train/9/best_ckpt/best_model.ckpt
2026-05-04 00:22:17 [INFO ] [e26/200 s7976] TR (n=72907) l=0.8869 a=72.6 f1=70.1 (5.5s)| VA (n=8203) l=1.0136 a=65.1, f1=58.0 (0.3s) | TE (n=8813) l=0.9454 a=67.1, f1=62.0 (0.3s)
2026-05-04 00:22:24 [INFO ] [e27/200 s8283] TR (n=72927) l=0.8798 a=73.3 f1=70.8 (5.6s)| VA (n=8203) l=0.7913 a=75.1, f1=72.0 (0.3s) | TE (n=8813) l=0.7537 a=74.3, f1=70.7 (0.3s)
2026-05-04 00:22:31 [INFO ] [e28/200 s8591] TR (n=72949) l=0.8512 a=73.5 f1=70.9 (5.6s)| VA (n=8203) l=0.9330 a=70.8, f1=64.0 (0.3s) | TE (n=8813) l=0.8703 a=70.4, f1=65.3 (0.3s)
2026-05-04 00:22:37 [INFO ] [e29/200 s8895] TR (n=72936) l=0.8593 a=73.4 f1=70.8 (5.5s)| VA (n=8203) l=0.7094 a=76.7, f1=75.6 (0.3s) | TE (n=8813) l=0.8243 a=70.5, f1=68.3 (0.3s)
2026-05-04 00:22:44 [INFO ] [e30/200 s9203] TR (n=72935) l=0.8585 a=73.6 f1=71.1 (5.6s)| VA (n=8203) l=0.6114 a=78.8, f1=77.5 (0.3s) | TE (n=8813) l=0.6849 a=74.0, f1=73.2 (0.3s)
2026-05-04 00:22:44 [INFO ] Saved best checkpoint to out_isruc_gru_se/train/9/best_ckpt/best_model.ckpt
2026-05-04 00:22:51 [INFO ] [e31/200 s9512] TR (n=72949) l=0.8481 a=74.7 f1=72.3 (5.6s)| VA (n=8203) l=0.7910 a=70.9, f1=70.0 (0.3s) | TE (n=8813) l=0.8423 a=70.4, f1=68.1 (0.3s)
2026-05-04 00:22:58 [INFO ] [e32/200 s9818] TR (n=72928) l=0.8637 a=74.0 f1=71.5 (5.5s)| VA (n=8203) l=0.6302 a=79.4, f1=77.0 (0.3s) | TE (n=8813) l=0.6485 a=78.5, f1=75.7 (0.3s)
2026-05-04 00:23:04 [INFO ] [e33/200 s10123] TR (n=72918) l=0.8020 a=74.5 f1=72.2 (5.5s)| VA (n=8203) l=0.5746 a=80.9, f1=79.2 (0.3s) | TE (n=8813) l=0.6183 a=78.6, f1=76.3 (0.3s)
2026-05-04 00:23:04 [INFO ] Saved best checkpoint to out_isruc_gru_se/train/9/best_ckpt/best_model.ckpt
2026-05-04 00:23:11 [INFO ] [e34/200 s10432] TR (n=72936) l=0.8418 a=74.5 f1=72.1 (5.6s)| VA (n=8203) l=0.7174 a=77.1, f1=74.4 (0.3s) | TE (n=8813) l=0.6332 a=79.5, f1=76.1 (0.3s)
2026-05-04 00:23:17 [INFO ] [e35/200 s10741] TR (n=72929) l=0.7994 a=75.4 f1=73.1 (5.0s)| VA (n=8203) l=0.8013 a=75.1, f1=71.3 (0.3s) | TE (n=8813) l=0.8440 a=71.6, f1=68.1 (0.3s)
2026-05-04 00:23:24 [INFO ] [e36/200 s11047] TR (n=72963) l=0.7983 a=75.4 f1=73.1 (5.3s)| VA (n=8203) l=0.6365 a=78.8, f1=77.5 (0.3s) | TE (n=8813) l=0.6635 a=77.4, f1=75.3 (0.3s)
2026-05-04 00:23:30 [INFO ] [e37/200 s11355] TR (n=72923) l=0.8032 a=75.3 f1=73.0 (5.6s)| VA (n=8203) l=0.6711 a=77.6, f1=75.2 (0.3s) | TE (n=8813) l=0.6744 a=77.4, f1=74.7 (0.3s)
2026-05-04 00:23:37 [INFO ] [e38/200 s11663] TR (n=72947) l=0.7800 a=75.9 f1=73.6 (5.7s)| VA (n=8203) l=0.6934 a=74.4, f1=74.9 (0.3s) | TE (n=8813) l=0.9012 a=66.8, f1=67.6 (0.3s)
2026-05-04 00:23:44 [INFO ] [e39/200 s11972] TR (n=72917) l=0.7810 a=76.1 f1=73.9 (5.6s)| VA (n=8203) l=0.8959 a=69.5, f1=67.2 (0.3s) | TE (n=8813) l=0.8930 a=70.0, f1=67.3 (0.3s)
2026-05-04 00:23:51 [INFO ] [e40/200 s12278] TR (n=72938) l=0.7881 a=76.0 f1=73.8 (5.4s)| VA (n=8203) l=0.6241 a=78.8, f1=76.9 (0.3s) | TE (n=8813) l=0.6454 a=77.8, f1=75.3 (0.3s)
2026-05-04 00:23:57 [INFO ] [e41/200 s12579] TR (n=72913) l=0.7384 a=76.9 f1=74.7 (5.4s)| VA (n=8203) l=0.6419 a=79.6, f1=78.5 (0.3s) | TE (n=8813) l=0.6763 a=76.8, f1=74.9 (0.3s)
2026-05-04 00:24:04 [INFO ] [e42/200 s12886] TR (n=72907) l=0.7749 a=76.1 f1=73.8 (5.6s)| VA (n=8203) l=0.6563 a=78.3, f1=76.6 (0.3s) | TE (n=8813) l=0.6614 a=76.9, f1=74.6 (0.3s)
2026-05-04 00:24:11 [INFO ] [e43/200 s13193] TR (n=72944) l=0.7539 a=76.6 f1=74.3 (5.6s)| VA (n=8203) l=0.5950 a=79.8, f1=78.3 (0.3s) | TE (n=8813) l=0.6319 a=80.0, f1=77.7 (0.3s)
2026-05-04 00:24:18 [INFO ] [e44/200 s13499] TR (n=72911) l=0.7710 a=76.6 f1=74.5 (5.6s)| VA (n=8203) l=0.9295 a=69.3, f1=63.6 (0.3s) | TE (n=8813) l=0.8944 a=71.5, f1=67.1 (0.3s)
2026-05-04 00:24:25 [INFO ] [e45/200 s13808] TR (n=72943) l=0.7425 a=76.3 f1=74.1 (5.7s)| VA (n=8203) l=0.5930 a=79.3, f1=78.2 (0.3s) | TE (n=8813) l=0.6536 a=77.6, f1=76.2 (0.3s)
2026-05-04 00:24:31 [INFO ] [e46/200 s14115] TR (n=72949) l=0.7308 a=77.4 f1=75.2 (5.6s)| VA (n=8203) l=0.6671 a=78.7, f1=77.0 (0.3s) | TE (n=8813) l=0.6651 a=77.4, f1=75.2 (0.3s)
2026-05-04 00:24:38 [INFO ] [e47/200 s14417] TR (n=72927) l=0.7213 a=77.8 f1=75.7 (5.5s)| VA (n=8203) l=0.6307 a=78.3, f1=77.6 (0.3s) | TE (n=8813) l=0.7456 a=73.6, f1=71.6 (0.3s)
2026-05-04 00:24:45 [INFO ] [e48/200 s14725] TR (n=72917) l=0.7129 a=77.2 f1=75.1 (5.6s)| VA (n=8203) l=0.6509 a=78.0, f1=75.7 (0.3s) | TE (n=8813) l=0.6388 a=79.0, f1=76.4 (0.3s)
2026-05-04 00:24:52 [INFO ] [e49/200 s15034] TR (n=72940) l=0.7378 a=77.8 f1=75.7 (5.6s)| VA (n=8203) l=0.6814 a=77.4, f1=75.9 (0.3s) | TE (n=8813) l=0.6337 a=78.8, f1=76.8 (0.3s)
2026-05-04 00:24:58 [INFO ] [e50/200 s15339] TR (n=72917) l=0.7248 a=78.0 f1=75.8 (5.5s)| VA (n=8203) l=0.5579 a=81.1, f1=79.7 (0.3s) | TE (n=8813) l=0.5773 a=81.4, f1=79.0 (0.3s)
2026-05-04 00:24:58 [INFO ] Saved best checkpoint to out_isruc_gru_se/train/9/best_ckpt/best_model.ckpt
2026-05-04 00:24:58 [INFO ] >> Confusion Matrix
2026-05-04 00:24:58 [INFO ] [[1199  124   14    3   22]
 [ 146  579  180    0  144]
 [  34  226 2781   87   42]
 [   5    7  371 1425    0]
 [  45  126   67    0 1186]]
2026-05-04 00:25:05 [INFO ] [e51/200 s15645] TR (n=72941) l=0.7338 a=77.6 f1=75.6 (5.5s)| VA (n=8203) l=0.6027 a=79.4, f1=78.9 (0.3s) | TE (n=8813) l=0.6940 a=75.7, f1=74.5 (0.3s)
2026-05-04 00:25:12 [INFO ] [e52/200 s15955] TR (n=72946) l=0.7060 a=78.2 f1=76.2 (5.6s)| VA (n=8203) l=0.5855 a=80.6, f1=79.0 (0.3s) | TE (n=8813) l=0.6110 a=79.9, f1=77.8 (0.3s)
2026-05-04 00:25:19 [INFO ] [e53/200 s16263] TR (n=72925) l=0.7133 a=78.1 f1=76.1 (5.6s)| VA (n=8203) l=0.6360 a=77.2, f1=76.9 (0.3s) | TE (n=8813) l=0.7559 a=73.6, f1=73.5 (0.3s)
2026-05-04 00:25:25 [INFO ] [e54/200 s16568] TR (n=72926) l=0.7083 a=78.7 f1=76.7 (5.5s)| VA (n=8203) l=0.6966 a=77.4, f1=75.6 (0.3s) | TE (n=8813) l=0.6720 a=76.3, f1=74.4 (0.3s)
2026-05-04 00:25:32 [INFO ] [e55/200 s16875] TR (n=72952) l=0.7211 a=78.1 f1=76.0 (5.6s)| VA (n=8203) l=0.5771 a=79.6, f1=78.7 (0.3s) | TE (n=8813) l=0.6402 a=77.8, f1=76.0 (0.3s)
2026-05-04 00:25:39 [INFO ] [e56/200 s17177] TR (n=72913) l=0.7053 a=78.9 f1=77.1 (5.5s)| VA (n=8203) l=0.7447 a=76.7, f1=74.8 (0.3s) | TE (n=8813) l=0.8448 a=70.2, f1=68.9 (0.3s)
2026-05-04 00:25:45 [INFO ] [e57/200 s17484] TR (n=72933) l=0.6957 a=78.8 f1=76.9 (5.4s)| VA (n=8203) l=0.6251 a=78.8, f1=78.1 (0.3s) | TE (n=8813) l=0.6676 a=76.6, f1=75.2 (0.3s)
2026-05-04 00:25:52 [INFO ] [e58/200 s17790] TR (n=72903) l=0.7167 a=77.8 f1=75.9 (5.3s)| VA (n=8203) l=0.5839 a=80.0, f1=78.7 (0.3s) | TE (n=8813) l=0.6226 a=78.9, f1=76.8 (0.3s)
2026-05-04 00:25:58 [INFO ] [e59/200 s18097] TR (n=72932) l=0.7129 a=77.9 f1=75.9 (5.0s)| VA (n=8203) l=0.5855 a=80.3, f1=79.6 (0.3s) | TE (n=8813) l=0.6429 a=77.7, f1=76.7 (0.3s)
2026-05-04 00:26:04 [INFO ] [e60/200 s18401] TR (n=72941) l=0.6740 a=78.8 f1=76.8 (4.9s)| VA (n=8203) l=0.5449 a=81.9, f1=80.6 (0.3s) | TE (n=8813) l=0.5734 a=81.4, f1=79.6 (0.3s)
2026-05-04 00:26:04 [INFO ] Saved best checkpoint to out_isruc_gru_se/train/9/best_ckpt/best_model.ckpt
2026-05-04 00:26:11 [INFO ] [e61/200 s18707] TR (n=72888) l=0.6809 a=79.1 f1=77.3 (5.4s)| VA (n=8203) l=0.5988 a=79.9, f1=78.1 (0.3s) | TE (n=8813) l=0.6143 a=80.5, f1=77.8 (0.3s)
2026-05-04 00:26:18 [INFO ] [e62/200 s19014] TR (n=72927) l=0.6719 a=78.7 f1=76.8 (5.6s)| VA (n=8203) l=0.6817 a=77.0, f1=75.5 (0.3s) | TE (n=8813) l=1.0413 a=67.4, f1=66.5 (0.3s)
2026-05-04 00:26:24 [INFO ] [e63/200 s19322] TR (n=72934) l=0.6658 a=78.9 f1=77.0 (5.6s)| VA (n=8203) l=0.6098 a=80.1, f1=78.2 (0.3s) | TE (n=8813) l=0.6911 a=77.6, f1=75.2 (0.3s)
2026-05-04 00:26:31 [INFO ] [e64/200 s19632] TR (n=72903) l=0.6757 a=78.9 f1=77.0 (5.6s)| VA (n=8203) l=0.6633 a=79.4, f1=77.6 (0.3s) | TE (n=8813) l=0.8387 a=71.3, f1=69.6 (0.3s)
2026-05-04 00:26:38 [INFO ] [e65/200 s19940] TR (n=72929) l=0.6675 a=78.9 f1=76.9 (5.6s)| VA (n=8203) l=0.6741 a=78.8, f1=77.1 (0.3s) | TE (n=8813) l=0.6175 a=79.3, f1=77.4 (0.3s)
2026-05-04 00:26:45 [INFO ] [e66/200 s20245] TR (n=72922) l=0.6761 a=79.7 f1=77.7 (5.5s)| VA (n=8203) l=0.6116 a=79.8, f1=78.4 (0.3s) | TE (n=8813) l=0.7092 a=76.3, f1=74.3 (0.3s)
2026-05-04 00:26:51 [INFO ] [e67/200 s20552] TR (n=72924) l=0.6481 a=79.5 f1=77.7 (5.6s)| VA (n=8203) l=0.5914 a=79.6, f1=77.9 (0.3s) | TE (n=8813) l=0.5924 a=80.4, f1=78.5 (0.3s)
2026-05-04 00:26:58 [INFO ] [e68/200 s20861] TR (n=72931) l=0.6355 a=79.6 f1=77.7 (5.6s)| VA (n=8203) l=0.5812 a=80.0, f1=79.3 (0.3s) | TE (n=8813) l=0.6168 a=79.0, f1=77.6 (0.3s)
2026-05-04 00:27:05 [INFO ] [e69/200 s21166] TR (n=72931) l=0.6632 a=79.5 f1=77.7 (5.3s)| VA (n=8203) l=0.5500 a=80.5, f1=79.8 (0.3s) | TE (n=8813) l=0.6607 a=76.8, f1=75.7 (0.3s)
2026-05-04 00:27:12 [INFO ] [e70/200 s21473] TR (n=72926) l=0.6780 a=78.6 f1=76.7 (5.6s)| VA (n=8203) l=0.7637 a=75.7, f1=73.3 (0.3s) | TE (n=8813) l=0.6874 a=78.1, f1=75.4 (0.3s)
2026-05-04 00:27:18 [INFO ] [e71/200 s21782] TR (n=72953) l=0.6617 a=79.1 f1=77.1 (5.6s)| VA (n=8203) l=0.8540 a=73.6, f1=70.9 (0.3s) | TE (n=8813) l=1.1332 a=64.5, f1=63.4 (0.3s)
2026-05-04 00:27:25 [INFO ] [e72/200 s22088] TR (n=72927) l=0.6806 a=79.2 f1=77.3 (5.5s)| VA (n=8203) l=0.5669 a=81.7, f1=80.3 (0.3s) | TE (n=8813) l=0.5846 a=80.5, f1=78.5 (0.3s)
2026-05-04 00:27:32 [INFO ] [e73/200 s22398] TR (n=72930) l=0.6657 a=79.3 f1=77.6 (5.6s)| VA (n=8203) l=0.5830 a=80.6, f1=79.2 (0.3s) | TE (n=8813) l=0.6024 a=79.6, f1=78.0 (0.3s)
2026-05-04 00:27:39 [INFO ] [e74/200 s22706] TR (n=72932) l=0.6439 a=79.6 f1=77.7 (5.5s)| VA (n=8203) l=0.5911 a=80.2, f1=79.1 (0.3s) | TE (n=8813) l=0.6457 a=78.0, f1=76.1 (0.3s)
2026-05-04 00:27:45 [INFO ] [e75/200 s23015] TR (n=72916) l=0.6493 a=79.6 f1=77.7 (5.6s)| VA (n=8203) l=0.6075 a=80.5, f1=79.3 (0.3s) | TE (n=8813) l=0.7201 a=75.7, f1=73.4 (0.3s)
2026-05-04 00:27:52 [INFO ] [e76/200 s23322] TR (n=72933) l=0.6251 a=79.9 f1=78.1 (5.5s)| VA (n=8203) l=0.6482 a=79.4, f1=77.7 (0.3s) | TE (n=8813) l=0.6537 a=78.2, f1=76.0 (0.3s)
2026-05-04 00:27:59 [INFO ] [e77/200 s23632] TR (n=72930) l=0.6220 a=79.9 f1=78.2 (5.6s)| VA (n=8203) l=0.6868 a=77.1, f1=74.9 (0.3s) | TE (n=8813) l=0.6889 a=77.3, f1=75.1 (0.3s)
2026-05-04 00:28:06 [INFO ] [e78/200 s23941] TR (n=72919) l=0.6679 a=79.4 f1=77.6 (5.6s)| VA (n=8203) l=0.5443 a=82.2, f1=80.6 (0.3s) | TE (n=8813) l=0.6128 a=80.5, f1=78.4 (0.3s)
2026-05-04 00:28:06 [INFO ] Saved best checkpoint to out_isruc_gru_se/train/9/best_ckpt/best_model.ckpt
2026-05-04 00:28:12 [INFO ] [e79/200 s24246] TR (n=72925) l=0.6355 a=80.1 f1=78.3 (5.5s)| VA (n=8203) l=0.5528 a=81.4, f1=80.3 (0.3s) | TE (n=8813) l=0.5822 a=80.3, f1=78.8 (0.3s)
2026-05-04 00:28:19 [INFO ] [e80/200 s24555] TR (n=72923) l=0.6272 a=80.3 f1=78.6 (5.6s)| VA (n=8203) l=0.7546 a=73.3, f1=71.1 (0.3s) | TE (n=8813) l=0.7363 a=75.1, f1=72.2 (0.3s)
2026-05-04 00:28:26 [INFO ] [e81/200 s24862] TR (n=72920) l=0.6435 a=79.8 f1=78.1 (5.5s)| VA (n=8203) l=0.6637 a=77.9, f1=77.0 (0.3s) | TE (n=8813) l=0.6762 a=77.9, f1=76.8 (0.3s)
2026-05-04 00:28:33 [INFO ] [e82/200 s25170] TR (n=72920) l=0.6527 a=79.9 f1=78.0 (5.6s)| VA (n=8203) l=0.5838 a=79.7, f1=78.7 (0.3s) | TE (n=8813) l=0.6459 a=79.2, f1=77.8 (0.3s)
2026-05-04 00:28:39 [INFO ] [e83/200 s25479] TR (n=72922) l=0.6359 a=80.6 f1=78.8 (5.6s)| VA (n=8203) l=0.5469 a=81.9, f1=80.6 (0.3s) | TE (n=8813) l=0.6084 a=80.8, f1=78.8 (0.3s)
2026-05-04 00:28:46 [INFO ] [e84/200 s25783] TR (n=72936) l=0.6376 a=80.3 f1=78.5 (5.5s)| VA (n=8203) l=0.8284 a=73.0, f1=72.7 (0.3s) | TE (n=8813) l=0.7428 a=72.1, f1=71.7 (0.3s)
2026-05-04 00:28:53 [INFO ] [e85/200 s26092] TR (n=72901) l=0.6410 a=80.0 f1=78.3 (5.6s)| VA (n=8203) l=0.6013 a=78.6, f1=78.1 (0.3s) | TE (n=8813) l=0.7089 a=76.0, f1=74.8 (0.3s)
2026-05-04 00:29:00 [INFO ] [e86/200 s26397] TR (n=72951) l=0.6281 a=80.6 f1=78.8 (5.6s)| VA (n=8203) l=0.5715 a=80.7, f1=79.5 (0.3s) | TE (n=8813) l=0.5700 a=81.1, f1=79.4 (0.3s)
2026-05-04 00:29:06 [INFO ] [e87/200 s26700] TR (n=72911) l=0.6117 a=80.6 f1=78.9 (5.5s)| VA (n=8203) l=0.5618 a=81.0, f1=79.7 (0.3s) | TE (n=8813) l=0.5920 a=81.1, f1=79.0 (0.3s)
2026-05-04 00:29:13 [INFO ] [e88/200 s27011] TR (n=72962) l=0.6250 a=80.1 f1=78.4 (5.7s)| VA (n=8203) l=0.6430 a=78.7, f1=77.0 (0.3s) | TE (n=8813) l=0.6459 a=78.2, f1=75.9 (0.3s)
2026-05-04 00:29:20 [INFO ] [e89/200 s27316] TR (n=72930) l=0.6045 a=80.8 f1=79.1 (5.5s)| VA (n=8203) l=0.5632 a=80.7, f1=79.9 (0.3s) | TE (n=8813) l=0.6217 a=79.0, f1=77.4 (0.3s)
2026-05-04 00:29:27 [INFO ] [e90/200 s27625] TR (n=72943) l=0.6180 a=80.4 f1=78.6 (5.6s)| VA (n=8203) l=0.5321 a=81.6, f1=80.7 (0.3s) | TE (n=8813) l=0.5982 a=80.8, f1=79.2 (0.3s)
2026-05-04 00:29:34 [INFO ] [e91/200 s27934] TR (n=72938) l=0.6110 a=80.5 f1=78.9 (5.6s)| VA (n=8203) l=0.6388 a=77.8, f1=76.8 (0.3s) | TE (n=8813) l=0.6120 a=80.8, f1=78.8 (0.3s)
2026-05-04 00:29:40 [INFO ] [e92/200 s28241] TR (n=72928) l=0.6032 a=80.4 f1=78.7 (5.6s)| VA (n=8203) l=0.5534 a=81.4, f1=79.9 (0.3s) | TE (n=8813) l=0.5696 a=81.9, f1=79.6 (0.3s)
2026-05-04 00:29:47 [INFO ] [e93/200 s28548] TR (n=72932) l=0.6163 a=80.5 f1=78.7 (5.5s)| VA (n=8203) l=0.6794 a=77.4, f1=75.6 (0.3s) | TE (n=8813) l=0.6654 a=79.5, f1=77.5 (0.3s)
2026-05-04 00:29:54 [INFO ] [e94/200 s28856] TR (n=72930) l=0.6080 a=80.4 f1=78.6 (5.6s)| VA (n=8203) l=0.5513 a=81.4, f1=80.1 (0.3s) | TE (n=8813) l=0.6288 a=80.9, f1=78.6 (0.3s)
2026-05-04 00:30:01 [INFO ] [e95/200 s29165] TR (n=72937) l=0.6171 a=80.5 f1=78.9 (5.6s)| VA (n=8203) l=0.6217 a=80.5, f1=78.4 (0.3s) | TE (n=8813) l=0.6198 a=80.7, f1=78.1 (0.3s)
2026-05-04 00:30:07 [INFO ] [e96/200 s29470] TR (n=72945) l=0.6087 a=80.5 f1=78.9 (5.5s)| VA (n=8203) l=0.5760 a=80.0, f1=78.6 (0.3s) | TE (n=8813) l=0.6117 a=80.2, f1=78.2 (0.3s)
2026-05-04 00:30:14 [INFO ] [e97/200 s29775] TR (n=72930) l=0.5873 a=81.2 f1=79.6 (5.5s)| VA (n=8203) l=0.5651 a=81.7, f1=80.3 (0.3s) | TE (n=8813) l=0.6020 a=80.4, f1=78.2 (0.3s)
2026-05-04 00:30:21 [INFO ] [e98/200 s30081] TR (n=72956) l=0.6295 a=81.0 f1=79.4 (5.5s)| VA (n=8203) l=0.6230 a=79.4, f1=78.4 (0.3s) | TE (n=8813) l=0.6284 a=79.2, f1=77.8 (0.3s)
2026-05-04 00:30:27 [INFO ] [e99/200 s30389] TR (n=72931) l=0.5960 a=81.2 f1=79.5 (5.5s)| VA (n=8203) l=0.5391 a=81.0, f1=79.8 (0.3s) | TE (n=8813) l=0.5573 a=81.4, f1=79.7 (0.3s)
2026-05-04 00:30:34 [INFO ] [e100/200 s30698] TR (n=72931) l=0.6018 a=81.5 f1=79.9 (5.6s)| VA (n=8203) l=0.5995 a=79.8, f1=78.6 (0.3s) | TE (n=8813) l=0.6172 a=79.9, f1=78.5 (0.3s)
2026-05-04 00:30:34 [INFO ] >> Confusion Matrix
2026-05-04 00:30:34 [INFO ] [[1203  131    9    3   16]
 [  98  614  185   16  136]
 [  39  205 2321  560   45]
 [   6    3   64 1735    0]
 [  66  110   72    4 1172]]
2026-05-04 00:30:41 [INFO ] [e101/200 s31006] TR (n=72907) l=0.6116 a=80.8 f1=79.2 (5.6s)| VA (n=8203) l=0.6220 a=79.5, f1=78.2 (0.3s) | TE (n=8813) l=0.5956 a=79.8, f1=77.9 (0.3s)
2026-05-04 00:30:48 [INFO ] [e102/200 s31315] TR (n=72937) l=0.5873 a=81.0 f1=79.2 (5.6s)| VA (n=8203) l=0.7032 a=78.7, f1=76.3 (0.3s) | TE (n=8813) l=0.6517 a=79.0, f1=75.9 (0.3s)
2026-05-04 00:30:54 [INFO ] [e103/200 s31624] TR (n=72908) l=0.6146 a=80.4 f1=78.6 (5.6s)| VA (n=8203) l=0.5871 a=80.5, f1=79.0 (0.3s) | TE (n=8813) l=0.6311 a=79.6, f1=77.1 (0.3s)
2026-05-04 00:31:01 [INFO ] [e104/200 s31930] TR (n=72920) l=0.5828 a=81.2 f1=79.6 (5.4s)| VA (n=8203) l=0.5629 a=80.8, f1=80.0 (0.3s) | TE (n=8813) l=0.6999 a=76.9, f1=75.8 (0.3s)
2026-05-04 00:31:08 [INFO ] [e105/200 s32237] TR (n=72924) l=0.5831 a=81.2 f1=79.5 (5.5s)| VA (n=8203) l=0.6082 a=79.5, f1=78.7 (0.3s) | TE (n=8813) l=0.6503 a=78.6, f1=76.6 (0.3s)
2026-05-04 00:31:14 [INFO ] [e106/200 s32538] TR (n=72931) l=0.5984 a=81.0 f1=79.5 (5.4s)| VA (n=8203) l=0.5334 a=81.7, f1=80.4 (0.3s) | TE (n=8813) l=0.5875 a=81.0, f1=79.2 (0.3s)
2026-05-04 00:31:21 [INFO ] [e107/200 s32845] TR (n=72933) l=0.5922 a=81.2 f1=79.5 (5.4s)| VA (n=8203) l=0.5904 a=80.7, f1=79.4 (0.3s) | TE (n=8813) l=0.6092 a=80.5, f1=78.0 (0.3s)
2026-05-04 00:31:28 [INFO ] [e108/200 s33150] TR (n=72926) l=0.5770 a=81.5 f1=79.9 (5.5s)| VA (n=8203) l=0.5178 a=82.0, f1=81.0 (0.3s) | TE (n=8813) l=0.5712 a=81.3, f1=79.8 (0.3s)
2026-05-04 00:31:35 [INFO ] [e109/200 s33455] TR (n=72936) l=0.5741 a=81.5 f1=80.0 (5.6s)| VA (n=8203) l=0.6943 a=76.0, f1=75.3 (0.3s) | TE (n=8813) l=0.6990 a=76.9, f1=75.4 (0.3s)
2026-05-04 00:31:42 [INFO ] [e110/200 s33763] TR (n=72942) l=0.5851 a=81.0 f1=79.4 (5.6s)| VA (n=8203) l=0.5729 a=80.8, f1=80.3 (0.3s) | TE (n=8813) l=0.6329 a=79.0, f1=77.7 (0.3s)
2026-05-04 00:31:48 [INFO ] [e111/200 s34073] TR (n=72937) l=0.5935 a=81.3 f1=79.8 (5.6s)| VA (n=8203) l=0.5355 a=81.5, f1=80.2 (0.3s) | TE (n=8813) l=0.6000 a=80.6, f1=79.0 (0.3s)
2026-05-04 00:31:55 [INFO ] [e112/200 s34378] TR (n=72935) l=0.5692 a=81.6 f1=80.0 (5.6s)| VA (n=8203) l=0.5627 a=80.7, f1=79.5 (0.3s) | TE (n=8813) l=0.5971 a=80.0, f1=78.4 (0.3s)
2026-05-04 00:32:02 [INFO ] [e113/200 s34686] TR (n=72938) l=0.5724 a=81.7 f1=80.1 (5.6s)| VA (n=8203) l=0.5810 a=81.3, f1=79.7 (0.3s) | TE (n=8813) l=0.6359 a=79.9, f1=77.8 (0.3s)
2026-05-04 00:32:09 [INFO ] [e114/200 s34993] TR (n=72941) l=0.5744 a=81.7 f1=80.1 (5.6s)| VA (n=8203) l=0.5575 a=80.9, f1=79.8 (0.3s) | TE (n=8813) l=0.5814 a=81.8, f1=80.0 (0.3s)
2026-05-04 00:32:16 [INFO ] [e115/200 s35300] TR (n=72913) l=0.5774 a=81.5 f1=79.9 (5.6s)| VA (n=8203) l=0.5612 a=82.3, f1=80.4 (0.3s) | TE (n=8813) l=0.6171 a=81.4, f1=79.1 (0.3s)
2026-05-04 00:32:22 [INFO ] [e116/200 s35610] TR (n=72943) l=0.5807 a=81.4 f1=79.7 (5.7s)| VA (n=8203) l=0.6137 a=78.8, f1=77.0 (0.3s) | TE (n=8813) l=0.6339 a=80.0, f1=78.0 (0.3s)
2026-05-04 00:32:29 [INFO ] [e117/200 s35920] TR (n=72932) l=0.6076 a=81.3 f1=79.7 (5.6s)| VA (n=8203) l=0.6341 a=79.4, f1=77.6 (0.3s) | TE (n=8813) l=0.6461 a=79.5, f1=77.1 (0.3s)
2026-05-04 00:32:36 [INFO ] [e118/200 s36232] TR (n=72927) l=0.5982 a=81.5 f1=80.0 (5.7s)| VA (n=8203) l=0.6238 a=78.6, f1=77.4 (0.3s) | TE (n=8813) l=0.6551 a=79.1, f1=77.4 (0.3s)
2026-05-04 00:32:43 [INFO ] [e119/200 s36540] TR (n=72930) l=0.5572 a=82.1 f1=80.6 (5.6s)| VA (n=8203) l=0.6489 a=79.2, f1=77.5 (0.3s) | TE (n=8813) l=0.6389 a=79.5, f1=77.1 (0.3s)
2026-05-04 00:32:49 [INFO ] [e120/200 s36848] TR (n=72913) l=0.5720 a=81.3 f1=79.7 (5.6s)| VA (n=8203) l=0.6020 a=79.4, f1=79.1 (0.3s) | TE (n=8813) l=0.6052 a=80.4, f1=79.3 (0.3s)
2026-05-04 00:32:56 [INFO ] [e121/200 s37154] TR (n=72941) l=0.5814 a=81.5 f1=80.1 (5.6s)| VA (n=8203) l=0.7157 a=78.6, f1=76.2 (0.3s) | TE (n=8813) l=0.6750 a=79.1, f1=76.2 (0.3s)
2026-05-04 00:33:03 [INFO ] [e122/200 s37462] TR (n=72932) l=0.5522 a=82.1 f1=80.6 (5.6s)| VA (n=8203) l=0.5620 a=80.9, f1=79.5 (0.3s) | TE (n=8813) l=0.5783 a=81.2, f1=79.3 (0.3s)
2026-05-04 00:33:10 [INFO ] [e123/200 s37772] TR (n=72925) l=0.5706 a=81.6 f1=80.1 (5.6s)| VA (n=8203) l=0.5704 a=80.8, f1=79.7 (0.3s) | TE (n=8813) l=0.6071 a=80.7, f1=78.9 (0.3s)
2026-05-04 00:33:17 [INFO ] [e124/200 s38080] TR (n=72919) l=0.5597 a=82.3 f1=80.7 (5.6s)| VA (n=8203) l=0.6032 a=80.3, f1=79.0 (0.3s) | TE (n=8813) l=0.6362 a=79.8, f1=77.7 (0.3s)
2026-05-04 00:33:23 [INFO ] [e125/200 s38389] TR (n=72939) l=0.5739 a=82.0 f1=80.5 (5.6s)| VA (n=8203) l=0.7292 a=76.7, f1=76.1 (0.3s) | TE (n=8813) l=0.6645 a=77.4, f1=76.3 (0.3s)
2026-05-04 00:33:30 [INFO ] [e126/200 s38687] TR (n=72943) l=0.5724 a=81.9 f1=80.4 (5.4s)| VA (n=8203) l=0.5652 a=81.2, f1=80.3 (0.3s) | TE (n=8813) l=0.5819 a=80.5, f1=79.5 (0.3s)
2026-05-04 00:33:37 [INFO ] [e127/200 s38995] TR (n=72912) l=0.5454 a=81.9 f1=80.4 (5.6s)| VA (n=8203) l=0.5664 a=81.4, f1=80.3 (0.3s) | TE (n=8813) l=0.5912 a=81.4, f1=79.2 (0.3s)
2026-05-04 00:33:43 [INFO ] [e128/200 s39299] TR (n=72909) l=0.5811 a=81.9 f1=80.3 (5.5s)| VA (n=8203) l=0.6028 a=80.1, f1=79.0 (0.3s) | TE (n=8813) l=0.5988 a=80.3, f1=78.6 (0.3s)
2026-05-04 00:33:50 [INFO ] [e129/200 s39604] TR (n=72935) l=0.5532 a=81.9 f1=80.5 (5.5s)| VA (n=8203) l=0.6180 a=79.3, f1=77.5 (0.3s) | TE (n=8813) l=0.6115 a=80.1, f1=77.8 (0.3s)
2026-05-04 00:33:50 [INFO ] *** Early-stopping ***
