2026-04-23 19:37:33 [INFO ] Load generated SIDs from sleepedfx.txt
2026-04-23 19:37:33 [INFO ] SIDs (78): [ 0  1  2  3  4  5  6  7  8  9 10 11 12 13 14 15 16 17 18 19 20 21 22 23
 24 25 26 27 28 29 30 31 32 33 34 35 36 37 38 40 41 42 43 44 45 46 47 48
 49 50 51 52 53 54 55 56 57 58 59 60 61 62 63 64 65 66 67 70 71 72 73 74
 75 76 77 80 81 82]
2026-04-23 19:37:33 [INFO ] Train SIDs: (63) [ 9 10 11 13 14 15 16 17 19 20 21 22 23 24 25 27 28 29 31 32 33 34 35 36
 37 38 40 41 42 43 44 45 46 47 48 49 50 51 52 53 54 55 56 57 59 60 61 62
 64 65 66 67 70 71 72 73 74 75 76 77 80 81 82]
2026-04-23 19:37:33 [INFO ] Valid SIDs: (7) [30  8 58 12 63 26 18]
2026-04-23 19:37:33 [INFO ] Test SIDs: (8) [0 1 2 3 4 5 6 7]
2026-04-23 19:37:37 [INFO ] Training set (n_night_sleeps=123)
2026-04-23 19:37:37 [INFO ] (1132, 3000, 1, 1)
2026-04-23 19:37:37 [INFO ] (1207, 3000, 1, 1)
2026-04-23 19:37:37 [INFO ] (1104, 3000, 1, 1)
2026-04-23 19:37:37 [INFO ] (1092, 3000, 1, 1)
2026-04-23 19:37:37 [INFO ] (928, 3000, 1, 1)
2026-04-23 19:37:37 [INFO ] (802, 3000, 1, 1)
2026-04-23 19:37:37 [INFO ] (1028, 3000, 1, 1)
2026-04-23 19:37:37 [INFO ] (1004, 3000, 1, 1)
2026-04-23 19:37:37 [INFO ] (952, 3000, 1, 1)
2026-04-23 19:37:37 [INFO ] (952, 3000, 1, 1)
2026-04-23 19:37:37 [INFO ] (1762, 3000, 1, 1)
2026-04-23 19:37:37 [INFO ] (1144, 3000, 1, 1)
2026-04-23 19:37:37 [INFO ] (1003, 3000, 1, 1)
2026-04-23 19:37:37 [INFO ] (1002, 3000, 1, 1)
2026-04-23 19:37:37 [INFO ] (1773, 3000, 1, 1)
2026-04-23 19:37:37 [INFO ] (1535, 3000, 1, 1)
2026-04-23 19:37:37 [INFO ] (1274, 3000, 1, 1)
2026-04-23 19:37:37 [INFO ] (1022, 3000, 1, 1)
2026-04-23 19:37:37 [INFO ] (1021, 3000, 1, 1)
2026-04-23 19:37:37 [INFO ] (1578, 3000, 1, 1)
2026-04-23 19:37:37 [INFO ] (808, 3000, 1, 1)
2026-04-23 19:37:37 [INFO ] (1099, 3000, 1, 1)
2026-04-23 19:37:37 [INFO ] (1108, 3000, 1, 1)
2026-04-23 19:37:37 [INFO ] (904, 3000, 1, 1)
2026-04-23 19:37:37 [INFO ] (1729, 3000, 1, 1)
2026-04-23 19:37:37 [INFO ] (1673, 3000, 1, 1)
2026-04-23 19:37:37 [INFO ] (1775, 3000, 1, 1)
2026-04-23 19:37:37 [INFO ] (972, 3000, 1, 1)
2026-04-23 19:37:37 [INFO ] (1020, 3000, 1, 1)
2026-04-23 19:37:37 [INFO ] (1052, 3000, 1, 1)
2026-04-23 19:37:37 [INFO ] (1090, 3000, 1, 1)
2026-04-23 19:37:37 [INFO ] (1127, 3000, 1, 1)
2026-04-23 19:37:37 [INFO ] (1070, 3000, 1, 1)
2026-04-23 19:37:37 [INFO ] (1131, 3000, 1, 1)
2026-04-23 19:37:37 [INFO ] (1605, 3000, 1, 1)
2026-04-23 19:37:37 [INFO ] (1054, 3000, 1, 1)
2026-04-23 19:37:37 [INFO ] (1181, 3000, 1, 1)
2026-04-23 19:37:37 [INFO ] (1560, 3000, 1, 1)
2026-04-23 19:37:37 [INFO ] (1021, 3000, 1, 1)
2026-04-23 19:37:37 [INFO ] (1888, 3000, 1, 1)
2026-04-23 19:37:37 [INFO ] (1312, 3000, 1, 1)
2026-04-23 19:37:37 [INFO ] (1501, 3000, 1, 1)
2026-04-23 19:37:37 [INFO ] (1582, 3000, 1, 1)
2026-04-23 19:37:37 [INFO ] (976, 3000, 1, 1)
2026-04-23 19:37:37 [INFO ] (963, 3000, 1, 1)
2026-04-23 19:37:37 [INFO ] (824, 3000, 1, 1)
2026-04-23 19:37:37 [INFO ] (918, 3000, 1, 1)
2026-04-23 19:37:37 [INFO ] (1509, 3000, 1, 1)
2026-04-23 19:37:37 [INFO ] (1776, 3000, 1, 1)
2026-04-23 19:37:37 [INFO ] (1871, 3000, 1, 1)
2026-04-23 19:37:37 [INFO ] (1064, 3000, 1, 1)
2026-04-23 19:37:37 [INFO ] (1072, 3000, 1, 1)
2026-04-23 19:37:37 [INFO ] (1078, 3000, 1, 1)
2026-04-23 19:37:37 [INFO ] (1939, 3000, 1, 1)
2026-04-23 19:37:37 [INFO ] (785, 3000, 1, 1)
2026-04-23 19:37:37 [INFO ] (884, 3000, 1, 1)
2026-04-23 19:37:37 [INFO ] (1594, 3000, 1, 1)
2026-04-23 19:37:37 [INFO ] (962, 3000, 1, 1)
2026-04-23 19:37:37 [INFO ] (1195, 3000, 1, 1)
2026-04-23 19:37:37 [INFO ] (1092, 3000, 1, 1)
2026-04-23 19:37:37 [INFO ] (1208, 3000, 1, 1)
2026-04-23 19:37:37 [INFO ] (1166, 3000, 1, 1)
2026-04-23 19:37:37 [INFO ] (983, 3000, 1, 1)
2026-04-23 19:37:37 [INFO ] (1022, 3000, 1, 1)
2026-04-23 19:37:37 [INFO ] (1187, 3000, 1, 1)
2026-04-23 19:37:37 [INFO ] (2161, 3000, 1, 1)
2026-04-23 19:37:37 [INFO ] (2027, 3000, 1, 1)
2026-04-23 19:37:37 [INFO ] (1910, 3000, 1, 1)
2026-04-23 19:37:37 [INFO ] (1101, 3000, 1, 1)
2026-04-23 19:37:37 [INFO ] (1040, 3000, 1, 1)
2026-04-23 19:37:37 [INFO ] (1326, 3000, 1, 1)
2026-04-23 19:37:37 [INFO ] (1103, 3000, 1, 1)
2026-04-23 19:37:37 [INFO ] (1087, 3000, 1, 1)
2026-04-23 19:37:37 [INFO ] (954, 3000, 1, 1)
2026-04-23 19:37:37 [INFO ] (997, 3000, 1, 1)
2026-04-23 19:37:37 [INFO ] (1096, 3000, 1, 1)
2026-04-23 19:37:37 [INFO ] (1056, 3000, 1, 1)
2026-04-23 19:37:37 [INFO ] (1716, 3000, 1, 1)
2026-04-23 19:37:37 [INFO ] (1148, 3000, 1, 1)
2026-04-23 19:37:37 [INFO ] (1047, 3000, 1, 1)
2026-04-23 19:37:37 [INFO ] (1090, 3000, 1, 1)
2026-04-23 19:37:37 [INFO ] (1237, 3000, 1, 1)
2026-04-23 19:37:37 [INFO ] (1148, 3000, 1, 1)
2026-04-23 19:37:37 [INFO ] (1287, 3000, 1, 1)
2026-04-23 19:37:37 [INFO ] (1095, 3000, 1, 1)
2026-04-23 19:37:37 [INFO ] (1840, 3000, 1, 1)
2026-04-23 19:37:37 [INFO ] (1231, 3000, 1, 1)
2026-04-23 19:37:37 [INFO ] (1349, 3000, 1, 1)
2026-04-23 19:37:37 [INFO ] (2043, 3000, 1, 1)
2026-04-23 19:37:37 [INFO ] (1652, 3000, 1, 1)
2026-04-23 19:37:37 [INFO ] (1062, 3000, 1, 1)
2026-04-23 19:37:37 [INFO ] (1445, 3000, 1, 1)
2026-04-23 19:37:37 [INFO ] (1823, 3000, 1, 1)
2026-04-23 19:37:37 [INFO ] (1271, 3000, 1, 1)
2026-04-23 19:37:37 [INFO ] (2049, 3000, 1, 1)
2026-04-23 19:37:37 [INFO ] (2644, 3000, 1, 1)
2026-04-23 19:37:37 [INFO ] (1929, 3000, 1, 1)
2026-04-23 19:37:37 [INFO ] (2026, 3000, 1, 1)
2026-04-23 19:37:37 [INFO ] (1994, 3000, 1, 1)
2026-04-23 19:37:37 [INFO ] (1968, 3000, 1, 1)
2026-04-23 19:37:37 [INFO ] (1021, 3000, 1, 1)
2026-04-23 19:37:37 [INFO ] (1717, 3000, 1, 1)
2026-04-23 19:37:37 [INFO ] (1515, 3000, 1, 1)
2026-04-23 19:37:37 [INFO ] (1413, 3000, 1, 1)
2026-04-23 19:37:37 [INFO ] (1241, 3000, 1, 1)
2026-04-23 19:37:37 [INFO ] (1031, 3000, 1, 1)
2026-04-23 19:37:37 [INFO ] (1130, 3000, 1, 1)
2026-04-23 19:37:37 [INFO ] (2667, 3000, 1, 1)
2026-04-23 19:37:37 [INFO ] (2318, 3000, 1, 1)
2026-04-23 19:37:37 [INFO ] (2210, 3000, 1, 1)
2026-04-23 19:37:37 [INFO ] (1063, 3000, 1, 1)
2026-04-23 19:37:37 [INFO ] (2044, 3000, 1, 1)
2026-04-23 19:37:37 [INFO ] (1049, 3000, 1, 1)
2026-04-23 19:37:37 [INFO ] (1683, 3000, 1, 1)
2026-04-23 19:37:37 [INFO ] (2662, 3000, 1, 1)
2026-04-23 19:37:37 [INFO ] (1325, 3000, 1, 1)
2026-04-23 19:37:37 [INFO ] (1324, 3000, 1, 1)
2026-04-23 19:37:37 [INFO ] (1241, 3000, 1, 1)
2026-04-23 19:37:37 [INFO ] (1229, 3000, 1, 1)
2026-04-23 19:37:37 [INFO ] (1293, 3000, 1, 1)
2026-04-23 19:37:37 [INFO ] (1183, 3000, 1, 1)
2026-04-23 19:37:37 [INFO ] (1704, 3000, 1, 1)
2026-04-23 19:37:37 [INFO ] (1366, 3000, 1, 1)
2026-04-23 19:37:37 [INFO ] W: 61663
2026-04-23 19:37:37 [INFO ] N1: 18422
2026-04-23 19:37:37 [INFO ] N2: 55946
2026-04-23 19:37:37 [INFO ] N3: 9230
2026-04-23 19:37:37 [INFO ] REM: 20765
2026-04-23 19:37:37 [INFO ] Validation set (n_night_sleeps=14)
2026-04-23 19:37:37 [INFO ] (929, 3000, 1, 1)
2026-04-23 19:37:37 [INFO ] (854, 3000, 1, 1)
2026-04-23 19:37:37 [INFO ] (1134, 3000, 1, 1)
2026-04-23 19:37:37 [INFO ] (1054, 3000, 1, 1)
2026-04-23 19:37:37 [INFO ] (1095, 3000, 1, 1)
2026-04-23 19:37:37 [INFO ] (1175, 3000, 1, 1)
2026-04-23 19:37:37 [INFO ] (1783, 3000, 1, 1)
2026-04-23 19:37:37 [INFO ] (977, 3000, 1, 1)
2026-04-23 19:37:37 [INFO ] (1063, 3000, 1, 1)
2026-04-23 19:37:37 [INFO ] (1107, 3000, 1, 1)
2026-04-23 19:37:37 [INFO ] (1597, 3000, 1, 1)
2026-04-23 19:37:37 [INFO ] (980, 3000, 1, 1)
2026-04-23 19:37:37 [INFO ] (964, 3000, 1, 1)
2026-04-23 19:37:37 [INFO ] (920, 3000, 1, 1)
2026-04-23 19:37:37 [INFO ] W: 4182
2026-04-23 19:37:37 [INFO ] N1: 1618
2026-04-23 19:37:37 [INFO ] N2: 5923
2026-04-23 19:37:37 [INFO ] N3: 1644
2026-04-23 19:37:37 [INFO ] REM: 2265
2026-04-23 19:37:37 [INFO ] Test set (n_night_sleeps=16)
2026-04-23 19:37:37 [INFO ] (841, 3000, 1, 1)
2026-04-23 19:37:37 [INFO ] (1127, 3000, 1, 1)
2026-04-23 19:37:37 [INFO ] (1103, 3000, 1, 1)
2026-04-23 19:37:37 [INFO ] (2265, 3000, 1, 1)
2026-04-23 19:37:37 [INFO ] (1025, 3000, 1, 1)
2026-04-23 19:37:37 [INFO ] (1009, 3000, 1, 1)
2026-04-23 19:37:37 [INFO ] (952, 3000, 1, 1)
2026-04-23 19:37:37 [INFO ] (911, 3000, 1, 1)
2026-04-23 19:37:37 [INFO ] (1235, 3000, 1, 1)
2026-04-23 19:37:37 [INFO ] (1200, 3000, 1, 1)
2026-04-23 19:37:37 [INFO ] (672, 3000, 1, 1)
2026-04-23 19:37:37 [INFO ] (1246, 3000, 1, 1)
2026-04-23 19:37:37 [INFO ] (843, 3000, 1, 1)
2026-04-23 19:37:37 [INFO ] (1016, 3000, 1, 1)
2026-04-23 19:37:37 [INFO ] (976, 3000, 1, 1)
2026-04-23 19:37:37 [INFO ] (1273, 3000, 1, 1)
2026-04-23 19:37:37 [INFO ] W: 3979
2026-04-23 19:37:37 [INFO ] N1: 1482
2026-04-23 19:37:37 [INFO ] N2: 7263
2026-04-23 19:37:37 [INFO ] N3: 2165
2026-04-23 19:37:37 [INFO ] REM: 2805
2026-04-23 19:37:37 [INFO ]   Weighted cross entropy: True
2026-04-23 19:37:37 [INFO ]   Weighted cross entropy: [1.  1.5 1.  1.  1. ]
2026-04-23 19:37:37 [INFO ] using device 0
2026-04-23 19:37:41 [INFO ] Data Augmentation
2026-04-23 19:37:41 [INFO ]   Sequence: True
2026-04-23 19:37:41 [INFO ]   Signal full: True
2026-04-23 20:08:55 [INFO ] Load generated SIDs from sleepedfx.txt
2026-04-23 20:08:55 [INFO ] SIDs (78): [ 0  1  2  3  4  5  6  7  8  9 10 11 12 13 14 15 16 17 18 19 20 21 22 23
 24 25 26 27 28 29 30 31 32 33 34 35 36 37 38 40 41 42 43 44 45 46 47 48
 49 50 51 52 53 54 55 56 57 58 59 60 61 62 63 64 65 66 67 70 71 72 73 74
 75 76 77 80 81 82]
2026-04-23 20:08:55 [INFO ] Train SIDs: (63) [ 9 10 11 13 14 15 16 17 19 20 21 22 23 24 25 27 28 29 31 32 33 34 35 36
 37 38 40 41 42 43 44 45 46 47 48 49 50 51 52 53 54 55 56 57 59 60 61 62
 64 65 66 67 70 71 72 73 74 75 76 77 80 81 82]
2026-04-23 20:08:55 [INFO ] Valid SIDs: (7) [30  8 58 12 63 26 18]
2026-04-23 20:08:55 [INFO ] Test SIDs: (8) [0 1 2 3 4 5 6 7]
2026-04-23 20:08:59 [INFO ] Training set (n_night_sleeps=123)
2026-04-23 20:08:59 [INFO ] (1132, 3000, 1, 1)
2026-04-23 20:08:59 [INFO ] (1207, 3000, 1, 1)
2026-04-23 20:08:59 [INFO ] (1104, 3000, 1, 1)
2026-04-23 20:08:59 [INFO ] (1092, 3000, 1, 1)
2026-04-23 20:08:59 [INFO ] (928, 3000, 1, 1)
2026-04-23 20:08:59 [INFO ] (802, 3000, 1, 1)
2026-04-23 20:08:59 [INFO ] (1028, 3000, 1, 1)
2026-04-23 20:08:59 [INFO ] (1004, 3000, 1, 1)
2026-04-23 20:08:59 [INFO ] (952, 3000, 1, 1)
2026-04-23 20:08:59 [INFO ] (952, 3000, 1, 1)
2026-04-23 20:08:59 [INFO ] (1762, 3000, 1, 1)
2026-04-23 20:08:59 [INFO ] (1144, 3000, 1, 1)
2026-04-23 20:08:59 [INFO ] (1003, 3000, 1, 1)
2026-04-23 20:08:59 [INFO ] (1002, 3000, 1, 1)
2026-04-23 20:08:59 [INFO ] (1773, 3000, 1, 1)
2026-04-23 20:08:59 [INFO ] (1535, 3000, 1, 1)
2026-04-23 20:08:59 [INFO ] (1274, 3000, 1, 1)
2026-04-23 20:08:59 [INFO ] (1022, 3000, 1, 1)
2026-04-23 20:08:59 [INFO ] (1021, 3000, 1, 1)
2026-04-23 20:08:59 [INFO ] (1578, 3000, 1, 1)
2026-04-23 20:08:59 [INFO ] (808, 3000, 1, 1)
2026-04-23 20:08:59 [INFO ] (1099, 3000, 1, 1)
2026-04-23 20:08:59 [INFO ] (1108, 3000, 1, 1)
2026-04-23 20:08:59 [INFO ] (904, 3000, 1, 1)
2026-04-23 20:08:59 [INFO ] (1729, 3000, 1, 1)
2026-04-23 20:08:59 [INFO ] (1673, 3000, 1, 1)
2026-04-23 20:08:59 [INFO ] (1775, 3000, 1, 1)
2026-04-23 20:08:59 [INFO ] (972, 3000, 1, 1)
2026-04-23 20:08:59 [INFO ] (1020, 3000, 1, 1)
2026-04-23 20:08:59 [INFO ] (1052, 3000, 1, 1)
2026-04-23 20:08:59 [INFO ] (1090, 3000, 1, 1)
2026-04-23 20:08:59 [INFO ] (1127, 3000, 1, 1)
2026-04-23 20:08:59 [INFO ] (1070, 3000, 1, 1)
2026-04-23 20:08:59 [INFO ] (1131, 3000, 1, 1)
2026-04-23 20:08:59 [INFO ] (1605, 3000, 1, 1)
2026-04-23 20:08:59 [INFO ] (1054, 3000, 1, 1)
2026-04-23 20:08:59 [INFO ] (1181, 3000, 1, 1)
2026-04-23 20:08:59 [INFO ] (1560, 3000, 1, 1)
2026-04-23 20:08:59 [INFO ] (1021, 3000, 1, 1)
2026-04-23 20:08:59 [INFO ] (1888, 3000, 1, 1)
2026-04-23 20:08:59 [INFO ] (1312, 3000, 1, 1)
2026-04-23 20:08:59 [INFO ] (1501, 3000, 1, 1)
2026-04-23 20:08:59 [INFO ] (1582, 3000, 1, 1)
2026-04-23 20:08:59 [INFO ] (976, 3000, 1, 1)
2026-04-23 20:08:59 [INFO ] (963, 3000, 1, 1)
2026-04-23 20:08:59 [INFO ] (824, 3000, 1, 1)
2026-04-23 20:08:59 [INFO ] (918, 3000, 1, 1)
2026-04-23 20:08:59 [INFO ] (1509, 3000, 1, 1)
2026-04-23 20:08:59 [INFO ] (1776, 3000, 1, 1)
2026-04-23 20:08:59 [INFO ] (1871, 3000, 1, 1)
2026-04-23 20:08:59 [INFO ] (1064, 3000, 1, 1)
2026-04-23 20:08:59 [INFO ] (1072, 3000, 1, 1)
2026-04-23 20:08:59 [INFO ] (1078, 3000, 1, 1)
2026-04-23 20:08:59 [INFO ] (1939, 3000, 1, 1)
2026-04-23 20:08:59 [INFO ] (785, 3000, 1, 1)
2026-04-23 20:08:59 [INFO ] (884, 3000, 1, 1)
2026-04-23 20:08:59 [INFO ] (1594, 3000, 1, 1)
2026-04-23 20:08:59 [INFO ] (962, 3000, 1, 1)
2026-04-23 20:08:59 [INFO ] (1195, 3000, 1, 1)
2026-04-23 20:08:59 [INFO ] (1092, 3000, 1, 1)
2026-04-23 20:08:59 [INFO ] (1208, 3000, 1, 1)
2026-04-23 20:08:59 [INFO ] (1166, 3000, 1, 1)
2026-04-23 20:08:59 [INFO ] (983, 3000, 1, 1)
2026-04-23 20:08:59 [INFO ] (1022, 3000, 1, 1)
2026-04-23 20:08:59 [INFO ] (1187, 3000, 1, 1)
2026-04-23 20:08:59 [INFO ] (2161, 3000, 1, 1)
2026-04-23 20:08:59 [INFO ] (2027, 3000, 1, 1)
2026-04-23 20:08:59 [INFO ] (1910, 3000, 1, 1)
2026-04-23 20:08:59 [INFO ] (1101, 3000, 1, 1)
2026-04-23 20:08:59 [INFO ] (1040, 3000, 1, 1)
2026-04-23 20:08:59 [INFO ] (1326, 3000, 1, 1)
2026-04-23 20:08:59 [INFO ] (1103, 3000, 1, 1)
2026-04-23 20:08:59 [INFO ] (1087, 3000, 1, 1)
2026-04-23 20:08:59 [INFO ] (954, 3000, 1, 1)
2026-04-23 20:08:59 [INFO ] (997, 3000, 1, 1)
2026-04-23 20:08:59 [INFO ] (1096, 3000, 1, 1)
2026-04-23 20:08:59 [INFO ] (1056, 3000, 1, 1)
2026-04-23 20:08:59 [INFO ] (1716, 3000, 1, 1)
2026-04-23 20:08:59 [INFO ] (1148, 3000, 1, 1)
2026-04-23 20:08:59 [INFO ] (1047, 3000, 1, 1)
2026-04-23 20:08:59 [INFO ] (1090, 3000, 1, 1)
2026-04-23 20:08:59 [INFO ] (1237, 3000, 1, 1)
2026-04-23 20:08:59 [INFO ] (1148, 3000, 1, 1)
2026-04-23 20:08:59 [INFO ] (1287, 3000, 1, 1)
2026-04-23 20:08:59 [INFO ] (1095, 3000, 1, 1)
2026-04-23 20:08:59 [INFO ] (1840, 3000, 1, 1)
2026-04-23 20:08:59 [INFO ] (1231, 3000, 1, 1)
2026-04-23 20:08:59 [INFO ] (1349, 3000, 1, 1)
2026-04-23 20:08:59 [INFO ] (2043, 3000, 1, 1)
2026-04-23 20:08:59 [INFO ] (1652, 3000, 1, 1)
2026-04-23 20:08:59 [INFO ] (1062, 3000, 1, 1)
2026-04-23 20:08:59 [INFO ] (1445, 3000, 1, 1)
2026-04-23 20:08:59 [INFO ] (1823, 3000, 1, 1)
2026-04-23 20:08:59 [INFO ] (1271, 3000, 1, 1)
2026-04-23 20:08:59 [INFO ] (2049, 3000, 1, 1)
2026-04-23 20:08:59 [INFO ] (2644, 3000, 1, 1)
2026-04-23 20:08:59 [INFO ] (1929, 3000, 1, 1)
2026-04-23 20:08:59 [INFO ] (2026, 3000, 1, 1)
2026-04-23 20:08:59 [INFO ] (1994, 3000, 1, 1)
2026-04-23 20:08:59 [INFO ] (1968, 3000, 1, 1)
2026-04-23 20:08:59 [INFO ] (1021, 3000, 1, 1)
2026-04-23 20:08:59 [INFO ] (1717, 3000, 1, 1)
2026-04-23 20:08:59 [INFO ] (1515, 3000, 1, 1)
2026-04-23 20:08:59 [INFO ] (1413, 3000, 1, 1)
2026-04-23 20:08:59 [INFO ] (1241, 3000, 1, 1)
2026-04-23 20:08:59 [INFO ] (1031, 3000, 1, 1)
2026-04-23 20:08:59 [INFO ] (1130, 3000, 1, 1)
2026-04-23 20:08:59 [INFO ] (2667, 3000, 1, 1)
2026-04-23 20:08:59 [INFO ] (2318, 3000, 1, 1)
2026-04-23 20:08:59 [INFO ] (2210, 3000, 1, 1)
2026-04-23 20:08:59 [INFO ] (1063, 3000, 1, 1)
2026-04-23 20:08:59 [INFO ] (2044, 3000, 1, 1)
2026-04-23 20:08:59 [INFO ] (1049, 3000, 1, 1)
2026-04-23 20:08:59 [INFO ] (1683, 3000, 1, 1)
2026-04-23 20:08:59 [INFO ] (2662, 3000, 1, 1)
2026-04-23 20:08:59 [INFO ] (1325, 3000, 1, 1)
2026-04-23 20:08:59 [INFO ] (1324, 3000, 1, 1)
2026-04-23 20:08:59 [INFO ] (1241, 3000, 1, 1)
2026-04-23 20:08:59 [INFO ] (1229, 3000, 1, 1)
2026-04-23 20:08:59 [INFO ] (1293, 3000, 1, 1)
2026-04-23 20:08:59 [INFO ] (1183, 3000, 1, 1)
2026-04-23 20:08:59 [INFO ] (1704, 3000, 1, 1)
2026-04-23 20:08:59 [INFO ] (1366, 3000, 1, 1)
2026-04-23 20:08:59 [INFO ] W: 61663
2026-04-23 20:08:59 [INFO ] N1: 18422
2026-04-23 20:08:59 [INFO ] N2: 55946
2026-04-23 20:08:59 [INFO ] N3: 9230
2026-04-23 20:08:59 [INFO ] REM: 20765
2026-04-23 20:08:59 [INFO ] Validation set (n_night_sleeps=14)
2026-04-23 20:08:59 [INFO ] (929, 3000, 1, 1)
2026-04-23 20:08:59 [INFO ] (854, 3000, 1, 1)
2026-04-23 20:08:59 [INFO ] (1134, 3000, 1, 1)
2026-04-23 20:08:59 [INFO ] (1054, 3000, 1, 1)
2026-04-23 20:08:59 [INFO ] (1095, 3000, 1, 1)
2026-04-23 20:08:59 [INFO ] (1175, 3000, 1, 1)
2026-04-23 20:08:59 [INFO ] (1783, 3000, 1, 1)
2026-04-23 20:08:59 [INFO ] (977, 3000, 1, 1)
2026-04-23 20:08:59 [INFO ] (1063, 3000, 1, 1)
2026-04-23 20:08:59 [INFO ] (1107, 3000, 1, 1)
2026-04-23 20:08:59 [INFO ] (1597, 3000, 1, 1)
2026-04-23 20:08:59 [INFO ] (980, 3000, 1, 1)
2026-04-23 20:08:59 [INFO ] (964, 3000, 1, 1)
2026-04-23 20:08:59 [INFO ] (920, 3000, 1, 1)
2026-04-23 20:08:59 [INFO ] W: 4182
2026-04-23 20:08:59 [INFO ] N1: 1618
2026-04-23 20:08:59 [INFO ] N2: 5923
2026-04-23 20:08:59 [INFO ] N3: 1644
2026-04-23 20:08:59 [INFO ] REM: 2265
2026-04-23 20:08:59 [INFO ] Test set (n_night_sleeps=16)
2026-04-23 20:08:59 [INFO ] (841, 3000, 1, 1)
2026-04-23 20:08:59 [INFO ] (1127, 3000, 1, 1)
2026-04-23 20:08:59 [INFO ] (1103, 3000, 1, 1)
2026-04-23 20:08:59 [INFO ] (2265, 3000, 1, 1)
2026-04-23 20:08:59 [INFO ] (1025, 3000, 1, 1)
2026-04-23 20:08:59 [INFO ] (1009, 3000, 1, 1)
2026-04-23 20:08:59 [INFO ] (952, 3000, 1, 1)
2026-04-23 20:08:59 [INFO ] (911, 3000, 1, 1)
2026-04-23 20:08:59 [INFO ] (1235, 3000, 1, 1)
2026-04-23 20:08:59 [INFO ] (1200, 3000, 1, 1)
2026-04-23 20:08:59 [INFO ] (672, 3000, 1, 1)
2026-04-23 20:08:59 [INFO ] (1246, 3000, 1, 1)
2026-04-23 20:08:59 [INFO ] (843, 3000, 1, 1)
2026-04-23 20:08:59 [INFO ] (1016, 3000, 1, 1)
2026-04-23 20:08:59 [INFO ] (976, 3000, 1, 1)
2026-04-23 20:08:59 [INFO ] (1273, 3000, 1, 1)
2026-04-23 20:08:59 [INFO ] W: 3979
2026-04-23 20:08:59 [INFO ] N1: 1482
2026-04-23 20:08:59 [INFO ] N2: 7263
2026-04-23 20:08:59 [INFO ] N3: 2165
2026-04-23 20:08:59 [INFO ] REM: 2805
2026-04-23 20:08:59 [INFO ]   Weighted cross entropy: True
2026-04-23 20:08:59 [INFO ]   Weighted cross entropy: [1.  1.5 1.  1.  1. ]
2026-04-23 20:08:59 [INFO ] using device 0
2026-04-23 20:09:02 [INFO ] Data Augmentation
2026-04-23 20:09:02 [INFO ]   Sequence: True
2026-04-23 20:09:02 [INFO ]   Signal full: True
2026-04-23 20:13:29 [INFO ] Load generated SIDs from sleepedfx.txt
2026-04-23 20:13:29 [INFO ] SIDs (78): [ 0  1  2  3  4  5  6  7  8  9 10 11 12 13 14 15 16 17 18 19 20 21 22 23
 24 25 26 27 28 29 30 31 32 33 34 35 36 37 38 40 41 42 43 44 45 46 47 48
 49 50 51 52 53 54 55 56 57 58 59 60 61 62 63 64 65 66 67 70 71 72 73 74
 75 76 77 80 81 82]
2026-04-23 20:13:29 [INFO ] Train SIDs: (63) [ 9 10 11 13 14 15 16 17 19 20 21 22 23 24 25 27 28 29 31 32 33 34 35 36
 37 38 40 41 42 43 44 45 46 47 48 49 50 51 52 53 54 55 56 57 59 60 61 62
 64 65 66 67 70 71 72 73 74 75 76 77 80 81 82]
2026-04-23 20:13:29 [INFO ] Valid SIDs: (7) [30  8 58 12 63 26 18]
2026-04-23 20:13:29 [INFO ] Test SIDs: (8) [0 1 2 3 4 5 6 7]
2026-04-23 20:13:33 [INFO ] Training set (n_night_sleeps=123)
2026-04-23 20:13:33 [INFO ] (1132, 3000, 1, 1)
2026-04-23 20:13:33 [INFO ] (1207, 3000, 1, 1)
2026-04-23 20:13:33 [INFO ] (1104, 3000, 1, 1)
2026-04-23 20:13:33 [INFO ] (1092, 3000, 1, 1)
2026-04-23 20:13:33 [INFO ] (928, 3000, 1, 1)
2026-04-23 20:13:33 [INFO ] (802, 3000, 1, 1)
2026-04-23 20:13:33 [INFO ] (1028, 3000, 1, 1)
2026-04-23 20:13:33 [INFO ] (1004, 3000, 1, 1)
2026-04-23 20:13:33 [INFO ] (952, 3000, 1, 1)
2026-04-23 20:13:33 [INFO ] (952, 3000, 1, 1)
2026-04-23 20:13:33 [INFO ] (1762, 3000, 1, 1)
2026-04-23 20:13:33 [INFO ] (1144, 3000, 1, 1)
2026-04-23 20:13:33 [INFO ] (1003, 3000, 1, 1)
2026-04-23 20:13:33 [INFO ] (1002, 3000, 1, 1)
2026-04-23 20:13:33 [INFO ] (1773, 3000, 1, 1)
2026-04-23 20:13:33 [INFO ] (1535, 3000, 1, 1)
2026-04-23 20:13:33 [INFO ] (1274, 3000, 1, 1)
2026-04-23 20:13:33 [INFO ] (1022, 3000, 1, 1)
2026-04-23 20:13:33 [INFO ] (1021, 3000, 1, 1)
2026-04-23 20:13:33 [INFO ] (1578, 3000, 1, 1)
2026-04-23 20:13:33 [INFO ] (808, 3000, 1, 1)
2026-04-23 20:13:33 [INFO ] (1099, 3000, 1, 1)
2026-04-23 20:13:33 [INFO ] (1108, 3000, 1, 1)
2026-04-23 20:13:33 [INFO ] (904, 3000, 1, 1)
2026-04-23 20:13:33 [INFO ] (1729, 3000, 1, 1)
2026-04-23 20:13:33 [INFO ] (1673, 3000, 1, 1)
2026-04-23 20:13:33 [INFO ] (1775, 3000, 1, 1)
2026-04-23 20:13:33 [INFO ] (972, 3000, 1, 1)
2026-04-23 20:13:33 [INFO ] (1020, 3000, 1, 1)
2026-04-23 20:13:33 [INFO ] (1052, 3000, 1, 1)
2026-04-23 20:13:33 [INFO ] (1090, 3000, 1, 1)
2026-04-23 20:13:33 [INFO ] (1127, 3000, 1, 1)
2026-04-23 20:13:33 [INFO ] (1070, 3000, 1, 1)
2026-04-23 20:13:33 [INFO ] (1131, 3000, 1, 1)
2026-04-23 20:13:33 [INFO ] (1605, 3000, 1, 1)
2026-04-23 20:13:33 [INFO ] (1054, 3000, 1, 1)
2026-04-23 20:13:33 [INFO ] (1181, 3000, 1, 1)
2026-04-23 20:13:33 [INFO ] (1560, 3000, 1, 1)
2026-04-23 20:13:33 [INFO ] (1021, 3000, 1, 1)
2026-04-23 20:13:33 [INFO ] (1888, 3000, 1, 1)
2026-04-23 20:13:33 [INFO ] (1312, 3000, 1, 1)
2026-04-23 20:13:33 [INFO ] (1501, 3000, 1, 1)
2026-04-23 20:13:33 [INFO ] (1582, 3000, 1, 1)
2026-04-23 20:13:33 [INFO ] (976, 3000, 1, 1)
2026-04-23 20:13:33 [INFO ] (963, 3000, 1, 1)
2026-04-23 20:13:33 [INFO ] (824, 3000, 1, 1)
2026-04-23 20:13:33 [INFO ] (918, 3000, 1, 1)
2026-04-23 20:13:33 [INFO ] (1509, 3000, 1, 1)
2026-04-23 20:13:33 [INFO ] (1776, 3000, 1, 1)
2026-04-23 20:13:33 [INFO ] (1871, 3000, 1, 1)
2026-04-23 20:13:33 [INFO ] (1064, 3000, 1, 1)
2026-04-23 20:13:33 [INFO ] (1072, 3000, 1, 1)
2026-04-23 20:13:33 [INFO ] (1078, 3000, 1, 1)
2026-04-23 20:13:33 [INFO ] (1939, 3000, 1, 1)
2026-04-23 20:13:33 [INFO ] (785, 3000, 1, 1)
2026-04-23 20:13:33 [INFO ] (884, 3000, 1, 1)
2026-04-23 20:13:33 [INFO ] (1594, 3000, 1, 1)
2026-04-23 20:13:33 [INFO ] (962, 3000, 1, 1)
2026-04-23 20:13:33 [INFO ] (1195, 3000, 1, 1)
2026-04-23 20:13:33 [INFO ] (1092, 3000, 1, 1)
2026-04-23 20:13:33 [INFO ] (1208, 3000, 1, 1)
2026-04-23 20:13:33 [INFO ] (1166, 3000, 1, 1)
2026-04-23 20:13:33 [INFO ] (983, 3000, 1, 1)
2026-04-23 20:13:33 [INFO ] (1022, 3000, 1, 1)
2026-04-23 20:13:33 [INFO ] (1187, 3000, 1, 1)
2026-04-23 20:13:33 [INFO ] (2161, 3000, 1, 1)
2026-04-23 20:13:33 [INFO ] (2027, 3000, 1, 1)
2026-04-23 20:13:33 [INFO ] (1910, 3000, 1, 1)
2026-04-23 20:13:33 [INFO ] (1101, 3000, 1, 1)
2026-04-23 20:13:33 [INFO ] (1040, 3000, 1, 1)
2026-04-23 20:13:33 [INFO ] (1326, 3000, 1, 1)
2026-04-23 20:13:33 [INFO ] (1103, 3000, 1, 1)
2026-04-23 20:13:33 [INFO ] (1087, 3000, 1, 1)
2026-04-23 20:13:33 [INFO ] (954, 3000, 1, 1)
2026-04-23 20:13:33 [INFO ] (997, 3000, 1, 1)
2026-04-23 20:13:33 [INFO ] (1096, 3000, 1, 1)
2026-04-23 20:13:33 [INFO ] (1056, 3000, 1, 1)
2026-04-23 20:13:33 [INFO ] (1716, 3000, 1, 1)
2026-04-23 20:13:33 [INFO ] (1148, 3000, 1, 1)
2026-04-23 20:13:33 [INFO ] (1047, 3000, 1, 1)
2026-04-23 20:13:33 [INFO ] (1090, 3000, 1, 1)
2026-04-23 20:13:33 [INFO ] (1237, 3000, 1, 1)
2026-04-23 20:13:33 [INFO ] (1148, 3000, 1, 1)
2026-04-23 20:13:33 [INFO ] (1287, 3000, 1, 1)
2026-04-23 20:13:33 [INFO ] (1095, 3000, 1, 1)
2026-04-23 20:13:33 [INFO ] (1840, 3000, 1, 1)
2026-04-23 20:13:33 [INFO ] (1231, 3000, 1, 1)
2026-04-23 20:13:33 [INFO ] (1349, 3000, 1, 1)
2026-04-23 20:13:33 [INFO ] (2043, 3000, 1, 1)
2026-04-23 20:13:33 [INFO ] (1652, 3000, 1, 1)
2026-04-23 20:13:33 [INFO ] (1062, 3000, 1, 1)
2026-04-23 20:13:33 [INFO ] (1445, 3000, 1, 1)
2026-04-23 20:13:33 [INFO ] (1823, 3000, 1, 1)
2026-04-23 20:13:33 [INFO ] (1271, 3000, 1, 1)
2026-04-23 20:13:33 [INFO ] (2049, 3000, 1, 1)
2026-04-23 20:13:33 [INFO ] (2644, 3000, 1, 1)
2026-04-23 20:13:33 [INFO ] (1929, 3000, 1, 1)
2026-04-23 20:13:33 [INFO ] (2026, 3000, 1, 1)
2026-04-23 20:13:33 [INFO ] (1994, 3000, 1, 1)
2026-04-23 20:13:33 [INFO ] (1968, 3000, 1, 1)
2026-04-23 20:13:33 [INFO ] (1021, 3000, 1, 1)
2026-04-23 20:13:33 [INFO ] (1717, 3000, 1, 1)
2026-04-23 20:13:33 [INFO ] (1515, 3000, 1, 1)
2026-04-23 20:13:33 [INFO ] (1413, 3000, 1, 1)
2026-04-23 20:13:33 [INFO ] (1241, 3000, 1, 1)
2026-04-23 20:13:33 [INFO ] (1031, 3000, 1, 1)
2026-04-23 20:13:33 [INFO ] (1130, 3000, 1, 1)
2026-04-23 20:13:33 [INFO ] (2667, 3000, 1, 1)
2026-04-23 20:13:33 [INFO ] (2318, 3000, 1, 1)
2026-04-23 20:13:33 [INFO ] (2210, 3000, 1, 1)
2026-04-23 20:13:33 [INFO ] (1063, 3000, 1, 1)
2026-04-23 20:13:33 [INFO ] (2044, 3000, 1, 1)
2026-04-23 20:13:33 [INFO ] (1049, 3000, 1, 1)
2026-04-23 20:13:33 [INFO ] (1683, 3000, 1, 1)
2026-04-23 20:13:33 [INFO ] (2662, 3000, 1, 1)
2026-04-23 20:13:33 [INFO ] (1325, 3000, 1, 1)
2026-04-23 20:13:33 [INFO ] (1324, 3000, 1, 1)
2026-04-23 20:13:33 [INFO ] (1241, 3000, 1, 1)
2026-04-23 20:13:33 [INFO ] (1229, 3000, 1, 1)
2026-04-23 20:13:33 [INFO ] (1293, 3000, 1, 1)
2026-04-23 20:13:33 [INFO ] (1183, 3000, 1, 1)
2026-04-23 20:13:33 [INFO ] (1704, 3000, 1, 1)
2026-04-23 20:13:33 [INFO ] (1366, 3000, 1, 1)
2026-04-23 20:13:33 [INFO ] W: 61663
2026-04-23 20:13:33 [INFO ] N1: 18422
2026-04-23 20:13:33 [INFO ] N2: 55946
2026-04-23 20:13:33 [INFO ] N3: 9230
2026-04-23 20:13:33 [INFO ] REM: 20765
2026-04-23 20:13:33 [INFO ] Validation set (n_night_sleeps=14)
2026-04-23 20:13:33 [INFO ] (929, 3000, 1, 1)
2026-04-23 20:13:33 [INFO ] (854, 3000, 1, 1)
2026-04-23 20:13:33 [INFO ] (1134, 3000, 1, 1)
2026-04-23 20:13:33 [INFO ] (1054, 3000, 1, 1)
2026-04-23 20:13:33 [INFO ] (1095, 3000, 1, 1)
2026-04-23 20:13:33 [INFO ] (1175, 3000, 1, 1)
2026-04-23 20:13:33 [INFO ] (1783, 3000, 1, 1)
2026-04-23 20:13:33 [INFO ] (977, 3000, 1, 1)
2026-04-23 20:13:33 [INFO ] (1063, 3000, 1, 1)
2026-04-23 20:13:33 [INFO ] (1107, 3000, 1, 1)
2026-04-23 20:13:33 [INFO ] (1597, 3000, 1, 1)
2026-04-23 20:13:33 [INFO ] (980, 3000, 1, 1)
2026-04-23 20:13:33 [INFO ] (964, 3000, 1, 1)
2026-04-23 20:13:33 [INFO ] (920, 3000, 1, 1)
2026-04-23 20:13:33 [INFO ] W: 4182
2026-04-23 20:13:33 [INFO ] N1: 1618
2026-04-23 20:13:33 [INFO ] N2: 5923
2026-04-23 20:13:33 [INFO ] N3: 1644
2026-04-23 20:13:33 [INFO ] REM: 2265
2026-04-23 20:13:33 [INFO ] Test set (n_night_sleeps=16)
2026-04-23 20:13:33 [INFO ] (841, 3000, 1, 1)
2026-04-23 20:13:33 [INFO ] (1127, 3000, 1, 1)
2026-04-23 20:13:33 [INFO ] (1103, 3000, 1, 1)
2026-04-23 20:13:33 [INFO ] (2265, 3000, 1, 1)
2026-04-23 20:13:33 [INFO ] (1025, 3000, 1, 1)
2026-04-23 20:13:33 [INFO ] (1009, 3000, 1, 1)
2026-04-23 20:13:33 [INFO ] (952, 3000, 1, 1)
2026-04-23 20:13:33 [INFO ] (911, 3000, 1, 1)
2026-04-23 20:13:33 [INFO ] (1235, 3000, 1, 1)
2026-04-23 20:13:33 [INFO ] (1200, 3000, 1, 1)
2026-04-23 20:13:33 [INFO ] (672, 3000, 1, 1)
2026-04-23 20:13:33 [INFO ] (1246, 3000, 1, 1)
2026-04-23 20:13:33 [INFO ] (843, 3000, 1, 1)
2026-04-23 20:13:33 [INFO ] (1016, 3000, 1, 1)
2026-04-23 20:13:33 [INFO ] (976, 3000, 1, 1)
2026-04-23 20:13:33 [INFO ] (1273, 3000, 1, 1)
2026-04-23 20:13:33 [INFO ] W: 3979
2026-04-23 20:13:33 [INFO ] N1: 1482
2026-04-23 20:13:33 [INFO ] N2: 7263
2026-04-23 20:13:33 [INFO ] N3: 2165
2026-04-23 20:13:33 [INFO ] REM: 2805
2026-04-23 20:13:33 [INFO ]   Weighted cross entropy: True
2026-04-23 20:13:33 [INFO ]   Weighted cross entropy: [1.  1.5 1.  1.  1. ]
2026-04-23 20:13:33 [INFO ] using device 0
2026-04-23 20:13:36 [INFO ] Data Augmentation
2026-04-23 20:13:36 [INFO ]   Sequence: True
2026-04-23 20:13:36 [INFO ]   Signal full: True
2026-04-23 20:26:41 [INFO ] Load generated SIDs from sleepedfx.txt
2026-04-23 20:26:41 [INFO ] SIDs (78): [ 0  1  2  3  4  5  6  7  8  9 10 11 12 13 14 15 16 17 18 19 20 21 22 23
 24 25 26 27 28 29 30 31 32 33 34 35 36 37 38 40 41 42 43 44 45 46 47 48
 49 50 51 52 53 54 55 56 57 58 59 60 61 62 63 64 65 66 67 70 71 72 73 74
 75 76 77 80 81 82]
2026-04-23 20:26:41 [INFO ] Train SIDs: (63) [ 9 10 11 13 14 15 16 17 19 20 21 22 23 24 25 27 28 29 31 32 33 34 35 36
 37 38 40 41 42 43 44 45 46 47 48 49 50 51 52 53 54 55 56 57 59 60 61 62
 64 65 66 67 70 71 72 73 74 75 76 77 80 81 82]
2026-04-23 20:26:41 [INFO ] Valid SIDs: (7) [30  8 58 12 63 26 18]
2026-04-23 20:26:41 [INFO ] Test SIDs: (8) [0 1 2 3 4 5 6 7]
2026-04-23 20:26:45 [INFO ] Training set (n_night_sleeps=123)
2026-04-23 20:26:45 [INFO ] (1132, 3000, 1, 1)
2026-04-23 20:26:45 [INFO ] (1207, 3000, 1, 1)
2026-04-23 20:26:45 [INFO ] (1104, 3000, 1, 1)
2026-04-23 20:26:45 [INFO ] (1092, 3000, 1, 1)
2026-04-23 20:26:45 [INFO ] (928, 3000, 1, 1)
2026-04-23 20:26:45 [INFO ] (802, 3000, 1, 1)
2026-04-23 20:26:45 [INFO ] (1028, 3000, 1, 1)
2026-04-23 20:26:45 [INFO ] (1004, 3000, 1, 1)
2026-04-23 20:26:45 [INFO ] (952, 3000, 1, 1)
2026-04-23 20:26:45 [INFO ] (952, 3000, 1, 1)
2026-04-23 20:26:45 [INFO ] (1762, 3000, 1, 1)
2026-04-23 20:26:45 [INFO ] (1144, 3000, 1, 1)
2026-04-23 20:26:45 [INFO ] (1003, 3000, 1, 1)
2026-04-23 20:26:45 [INFO ] (1002, 3000, 1, 1)
2026-04-23 20:26:45 [INFO ] (1773, 3000, 1, 1)
2026-04-23 20:26:45 [INFO ] (1535, 3000, 1, 1)
2026-04-23 20:26:45 [INFO ] (1274, 3000, 1, 1)
2026-04-23 20:26:45 [INFO ] (1022, 3000, 1, 1)
2026-04-23 20:26:45 [INFO ] (1021, 3000, 1, 1)
2026-04-23 20:26:45 [INFO ] (1578, 3000, 1, 1)
2026-04-23 20:26:45 [INFO ] (808, 3000, 1, 1)
2026-04-23 20:26:45 [INFO ] (1099, 3000, 1, 1)
2026-04-23 20:26:45 [INFO ] (1108, 3000, 1, 1)
2026-04-23 20:26:45 [INFO ] (904, 3000, 1, 1)
2026-04-23 20:26:45 [INFO ] (1729, 3000, 1, 1)
2026-04-23 20:26:45 [INFO ] (1673, 3000, 1, 1)
2026-04-23 20:26:45 [INFO ] (1775, 3000, 1, 1)
2026-04-23 20:26:45 [INFO ] (972, 3000, 1, 1)
2026-04-23 20:26:45 [INFO ] (1020, 3000, 1, 1)
2026-04-23 20:26:45 [INFO ] (1052, 3000, 1, 1)
2026-04-23 20:26:45 [INFO ] (1090, 3000, 1, 1)
2026-04-23 20:26:45 [INFO ] (1127, 3000, 1, 1)
2026-04-23 20:26:45 [INFO ] (1070, 3000, 1, 1)
2026-04-23 20:26:45 [INFO ] (1131, 3000, 1, 1)
2026-04-23 20:26:45 [INFO ] (1605, 3000, 1, 1)
2026-04-23 20:26:45 [INFO ] (1054, 3000, 1, 1)
2026-04-23 20:26:45 [INFO ] (1181, 3000, 1, 1)
2026-04-23 20:26:45 [INFO ] (1560, 3000, 1, 1)
2026-04-23 20:26:45 [INFO ] (1021, 3000, 1, 1)
2026-04-23 20:26:45 [INFO ] (1888, 3000, 1, 1)
2026-04-23 20:26:45 [INFO ] (1312, 3000, 1, 1)
2026-04-23 20:26:45 [INFO ] (1501, 3000, 1, 1)
2026-04-23 20:26:45 [INFO ] (1582, 3000, 1, 1)
2026-04-23 20:26:45 [INFO ] (976, 3000, 1, 1)
2026-04-23 20:26:45 [INFO ] (963, 3000, 1, 1)
2026-04-23 20:26:45 [INFO ] (824, 3000, 1, 1)
2026-04-23 20:26:45 [INFO ] (918, 3000, 1, 1)
2026-04-23 20:26:45 [INFO ] (1509, 3000, 1, 1)
2026-04-23 20:26:45 [INFO ] (1776, 3000, 1, 1)
2026-04-23 20:26:45 [INFO ] (1871, 3000, 1, 1)
2026-04-23 20:26:45 [INFO ] (1064, 3000, 1, 1)
2026-04-23 20:26:45 [INFO ] (1072, 3000, 1, 1)
2026-04-23 20:26:45 [INFO ] (1078, 3000, 1, 1)
2026-04-23 20:26:45 [INFO ] (1939, 3000, 1, 1)
2026-04-23 20:26:45 [INFO ] (785, 3000, 1, 1)
2026-04-23 20:26:45 [INFO ] (884, 3000, 1, 1)
2026-04-23 20:26:45 [INFO ] (1594, 3000, 1, 1)
2026-04-23 20:26:45 [INFO ] (962, 3000, 1, 1)
2026-04-23 20:26:45 [INFO ] (1195, 3000, 1, 1)
2026-04-23 20:26:45 [INFO ] (1092, 3000, 1, 1)
2026-04-23 20:26:45 [INFO ] (1208, 3000, 1, 1)
2026-04-23 20:26:45 [INFO ] (1166, 3000, 1, 1)
2026-04-23 20:26:45 [INFO ] (983, 3000, 1, 1)
2026-04-23 20:26:45 [INFO ] (1022, 3000, 1, 1)
2026-04-23 20:26:45 [INFO ] (1187, 3000, 1, 1)
2026-04-23 20:26:45 [INFO ] (2161, 3000, 1, 1)
2026-04-23 20:26:45 [INFO ] (2027, 3000, 1, 1)
2026-04-23 20:26:45 [INFO ] (1910, 3000, 1, 1)
2026-04-23 20:26:45 [INFO ] (1101, 3000, 1, 1)
2026-04-23 20:26:45 [INFO ] (1040, 3000, 1, 1)
2026-04-23 20:26:45 [INFO ] (1326, 3000, 1, 1)
2026-04-23 20:26:45 [INFO ] (1103, 3000, 1, 1)
2026-04-23 20:26:45 [INFO ] (1087, 3000, 1, 1)
2026-04-23 20:26:45 [INFO ] (954, 3000, 1, 1)
2026-04-23 20:26:45 [INFO ] (997, 3000, 1, 1)
2026-04-23 20:26:45 [INFO ] (1096, 3000, 1, 1)
2026-04-23 20:26:45 [INFO ] (1056, 3000, 1, 1)
2026-04-23 20:26:45 [INFO ] (1716, 3000, 1, 1)
2026-04-23 20:26:45 [INFO ] (1148, 3000, 1, 1)
2026-04-23 20:26:45 [INFO ] (1047, 3000, 1, 1)
2026-04-23 20:26:45 [INFO ] (1090, 3000, 1, 1)
2026-04-23 20:26:45 [INFO ] (1237, 3000, 1, 1)
2026-04-23 20:26:45 [INFO ] (1148, 3000, 1, 1)
2026-04-23 20:26:45 [INFO ] (1287, 3000, 1, 1)
2026-04-23 20:26:45 [INFO ] (1095, 3000, 1, 1)
2026-04-23 20:26:45 [INFO ] (1840, 3000, 1, 1)
2026-04-23 20:26:45 [INFO ] (1231, 3000, 1, 1)
2026-04-23 20:26:45 [INFO ] (1349, 3000, 1, 1)
2026-04-23 20:26:45 [INFO ] (2043, 3000, 1, 1)
2026-04-23 20:26:45 [INFO ] (1652, 3000, 1, 1)
2026-04-23 20:26:45 [INFO ] (1062, 3000, 1, 1)
2026-04-23 20:26:45 [INFO ] (1445, 3000, 1, 1)
2026-04-23 20:26:45 [INFO ] (1823, 3000, 1, 1)
2026-04-23 20:26:45 [INFO ] (1271, 3000, 1, 1)
2026-04-23 20:26:45 [INFO ] (2049, 3000, 1, 1)
2026-04-23 20:26:45 [INFO ] (2644, 3000, 1, 1)
2026-04-23 20:26:45 [INFO ] (1929, 3000, 1, 1)
2026-04-23 20:26:45 [INFO ] (2026, 3000, 1, 1)
2026-04-23 20:26:45 [INFO ] (1994, 3000, 1, 1)
2026-04-23 20:26:45 [INFO ] (1968, 3000, 1, 1)
2026-04-23 20:26:45 [INFO ] (1021, 3000, 1, 1)
2026-04-23 20:26:45 [INFO ] (1717, 3000, 1, 1)
2026-04-23 20:26:45 [INFO ] (1515, 3000, 1, 1)
2026-04-23 20:26:45 [INFO ] (1413, 3000, 1, 1)
2026-04-23 20:26:45 [INFO ] (1241, 3000, 1, 1)
2026-04-23 20:26:45 [INFO ] (1031, 3000, 1, 1)
2026-04-23 20:26:45 [INFO ] (1130, 3000, 1, 1)
2026-04-23 20:26:45 [INFO ] (2667, 3000, 1, 1)
2026-04-23 20:26:45 [INFO ] (2318, 3000, 1, 1)
2026-04-23 20:26:45 [INFO ] (2210, 3000, 1, 1)
2026-04-23 20:26:45 [INFO ] (1063, 3000, 1, 1)
2026-04-23 20:26:45 [INFO ] (2044, 3000, 1, 1)
2026-04-23 20:26:45 [INFO ] (1049, 3000, 1, 1)
2026-04-23 20:26:45 [INFO ] (1683, 3000, 1, 1)
2026-04-23 20:26:45 [INFO ] (2662, 3000, 1, 1)
2026-04-23 20:26:45 [INFO ] (1325, 3000, 1, 1)
2026-04-23 20:26:45 [INFO ] (1324, 3000, 1, 1)
2026-04-23 20:26:45 [INFO ] (1241, 3000, 1, 1)
2026-04-23 20:26:45 [INFO ] (1229, 3000, 1, 1)
2026-04-23 20:26:45 [INFO ] (1293, 3000, 1, 1)
2026-04-23 20:26:45 [INFO ] (1183, 3000, 1, 1)
2026-04-23 20:26:45 [INFO ] (1704, 3000, 1, 1)
2026-04-23 20:26:45 [INFO ] (1366, 3000, 1, 1)
2026-04-23 20:26:45 [INFO ] W: 61663
2026-04-23 20:26:45 [INFO ] N1: 18422
2026-04-23 20:26:45 [INFO ] N2: 55946
2026-04-23 20:26:45 [INFO ] N3: 9230
2026-04-23 20:26:45 [INFO ] REM: 20765
2026-04-23 20:26:45 [INFO ] Validation set (n_night_sleeps=14)
2026-04-23 20:26:45 [INFO ] (929, 3000, 1, 1)
2026-04-23 20:26:45 [INFO ] (854, 3000, 1, 1)
2026-04-23 20:26:45 [INFO ] (1134, 3000, 1, 1)
2026-04-23 20:26:45 [INFO ] (1054, 3000, 1, 1)
2026-04-23 20:26:45 [INFO ] (1095, 3000, 1, 1)
2026-04-23 20:26:45 [INFO ] (1175, 3000, 1, 1)
2026-04-23 20:26:45 [INFO ] (1783, 3000, 1, 1)
2026-04-23 20:26:45 [INFO ] (977, 3000, 1, 1)
2026-04-23 20:26:45 [INFO ] (1063, 3000, 1, 1)
2026-04-23 20:26:45 [INFO ] (1107, 3000, 1, 1)
2026-04-23 20:26:45 [INFO ] (1597, 3000, 1, 1)
2026-04-23 20:26:45 [INFO ] (980, 3000, 1, 1)
2026-04-23 20:26:45 [INFO ] (964, 3000, 1, 1)
2026-04-23 20:26:45 [INFO ] (920, 3000, 1, 1)
2026-04-23 20:26:45 [INFO ] W: 4182
2026-04-23 20:26:45 [INFO ] N1: 1618
2026-04-23 20:26:45 [INFO ] N2: 5923
2026-04-23 20:26:45 [INFO ] N3: 1644
2026-04-23 20:26:45 [INFO ] REM: 2265
2026-04-23 20:26:45 [INFO ] Test set (n_night_sleeps=16)
2026-04-23 20:26:45 [INFO ] (841, 3000, 1, 1)
2026-04-23 20:26:45 [INFO ] (1127, 3000, 1, 1)
2026-04-23 20:26:45 [INFO ] (1103, 3000, 1, 1)
2026-04-23 20:26:45 [INFO ] (2265, 3000, 1, 1)
2026-04-23 20:26:45 [INFO ] (1025, 3000, 1, 1)
2026-04-23 20:26:45 [INFO ] (1009, 3000, 1, 1)
2026-04-23 20:26:45 [INFO ] (952, 3000, 1, 1)
2026-04-23 20:26:45 [INFO ] (911, 3000, 1, 1)
2026-04-23 20:26:45 [INFO ] (1235, 3000, 1, 1)
2026-04-23 20:26:45 [INFO ] (1200, 3000, 1, 1)
2026-04-23 20:26:45 [INFO ] (672, 3000, 1, 1)
2026-04-23 20:26:45 [INFO ] (1246, 3000, 1, 1)
2026-04-23 20:26:45 [INFO ] (843, 3000, 1, 1)
2026-04-23 20:26:45 [INFO ] (1016, 3000, 1, 1)
2026-04-23 20:26:45 [INFO ] (976, 3000, 1, 1)
2026-04-23 20:26:45 [INFO ] (1273, 3000, 1, 1)
2026-04-23 20:26:45 [INFO ] W: 3979
2026-04-23 20:26:45 [INFO ] N1: 1482
2026-04-23 20:26:45 [INFO ] N2: 7263
2026-04-23 20:26:45 [INFO ] N3: 2165
2026-04-23 20:26:45 [INFO ] REM: 2805
2026-04-23 20:26:45 [INFO ]   Weighted cross entropy: True
2026-04-23 20:26:45 [INFO ]   Weighted cross entropy: [1.  1.5 1.  1.  1. ]
2026-04-23 20:26:45 [INFO ] using device 0
2026-04-23 20:26:49 [INFO ] Data Augmentation
2026-04-23 20:26:49 [INFO ]   Sequence: True
2026-04-23 20:26:49 [INFO ]   Signal full: True
2026-04-23 20:33:46 [INFO ] Load generated SIDs from sleepedfx.txt
2026-04-23 20:33:46 [INFO ] SIDs (78): [ 0  1  2  3  4  5  6  7  8  9 10 11 12 13 14 15 16 17 18 19 20 21 22 23
 24 25 26 27 28 29 30 31 32 33 34 35 36 37 38 40 41 42 43 44 45 46 47 48
 49 50 51 52 53 54 55 56 57 58 59 60 61 62 63 64 65 66 67 70 71 72 73 74
 75 76 77 80 81 82]
2026-04-23 20:33:46 [INFO ] Train SIDs: (63) [ 9 10 11 13 14 15 16 17 19 20 21 22 23 24 25 27 28 29 31 32 33 34 35 36
 37 38 40 41 42 43 44 45 46 47 48 49 50 51 52 53 54 55 56 57 59 60 61 62
 64 65 66 67 70 71 72 73 74 75 76 77 80 81 82]
2026-04-23 20:33:46 [INFO ] Valid SIDs: (7) [30  8 58 12 63 26 18]
2026-04-23 20:33:46 [INFO ] Test SIDs: (8) [0 1 2 3 4 5 6 7]
2026-04-23 20:33:50 [INFO ] Training set (n_night_sleeps=123)
2026-04-23 20:33:50 [INFO ] (1132, 3000, 1, 1)
2026-04-23 20:33:50 [INFO ] (1207, 3000, 1, 1)
2026-04-23 20:33:50 [INFO ] (1104, 3000, 1, 1)
2026-04-23 20:33:50 [INFO ] (1092, 3000, 1, 1)
2026-04-23 20:33:50 [INFO ] (928, 3000, 1, 1)
2026-04-23 20:33:50 [INFO ] (802, 3000, 1, 1)
2026-04-23 20:33:50 [INFO ] (1028, 3000, 1, 1)
2026-04-23 20:33:50 [INFO ] (1004, 3000, 1, 1)
2026-04-23 20:33:50 [INFO ] (952, 3000, 1, 1)
2026-04-23 20:33:50 [INFO ] (952, 3000, 1, 1)
2026-04-23 20:33:50 [INFO ] (1762, 3000, 1, 1)
2026-04-23 20:33:50 [INFO ] (1144, 3000, 1, 1)
2026-04-23 20:33:50 [INFO ] (1003, 3000, 1, 1)
2026-04-23 20:33:50 [INFO ] (1002, 3000, 1, 1)
2026-04-23 20:33:50 [INFO ] (1773, 3000, 1, 1)
2026-04-23 20:33:50 [INFO ] (1535, 3000, 1, 1)
2026-04-23 20:33:50 [INFO ] (1274, 3000, 1, 1)
2026-04-23 20:33:50 [INFO ] (1022, 3000, 1, 1)
2026-04-23 20:33:50 [INFO ] (1021, 3000, 1, 1)
2026-04-23 20:33:50 [INFO ] (1578, 3000, 1, 1)
2026-04-23 20:33:50 [INFO ] (808, 3000, 1, 1)
2026-04-23 20:33:50 [INFO ] (1099, 3000, 1, 1)
2026-04-23 20:33:50 [INFO ] (1108, 3000, 1, 1)
2026-04-23 20:33:50 [INFO ] (904, 3000, 1, 1)
2026-04-23 20:33:50 [INFO ] (1729, 3000, 1, 1)
2026-04-23 20:33:50 [INFO ] (1673, 3000, 1, 1)
2026-04-23 20:33:50 [INFO ] (1775, 3000, 1, 1)
2026-04-23 20:33:50 [INFO ] (972, 3000, 1, 1)
2026-04-23 20:33:50 [INFO ] (1020, 3000, 1, 1)
2026-04-23 20:33:50 [INFO ] (1052, 3000, 1, 1)
2026-04-23 20:33:50 [INFO ] (1090, 3000, 1, 1)
2026-04-23 20:33:50 [INFO ] (1127, 3000, 1, 1)
2026-04-23 20:33:50 [INFO ] (1070, 3000, 1, 1)
2026-04-23 20:33:50 [INFO ] (1131, 3000, 1, 1)
2026-04-23 20:33:50 [INFO ] (1605, 3000, 1, 1)
2026-04-23 20:33:50 [INFO ] (1054, 3000, 1, 1)
2026-04-23 20:33:50 [INFO ] (1181, 3000, 1, 1)
2026-04-23 20:33:50 [INFO ] (1560, 3000, 1, 1)
2026-04-23 20:33:50 [INFO ] (1021, 3000, 1, 1)
2026-04-23 20:33:50 [INFO ] (1888, 3000, 1, 1)
2026-04-23 20:33:50 [INFO ] (1312, 3000, 1, 1)
2026-04-23 20:33:50 [INFO ] (1501, 3000, 1, 1)
2026-04-23 20:33:50 [INFO ] (1582, 3000, 1, 1)
2026-04-23 20:33:50 [INFO ] (976, 3000, 1, 1)
2026-04-23 20:33:50 [INFO ] (963, 3000, 1, 1)
2026-04-23 20:33:50 [INFO ] (824, 3000, 1, 1)
2026-04-23 20:33:50 [INFO ] (918, 3000, 1, 1)
2026-04-23 20:33:50 [INFO ] (1509, 3000, 1, 1)
2026-04-23 20:33:50 [INFO ] (1776, 3000, 1, 1)
2026-04-23 20:33:50 [INFO ] (1871, 3000, 1, 1)
2026-04-23 20:33:50 [INFO ] (1064, 3000, 1, 1)
2026-04-23 20:33:50 [INFO ] (1072, 3000, 1, 1)
2026-04-23 20:33:50 [INFO ] (1078, 3000, 1, 1)
2026-04-23 20:33:50 [INFO ] (1939, 3000, 1, 1)
2026-04-23 20:33:50 [INFO ] (785, 3000, 1, 1)
2026-04-23 20:33:50 [INFO ] (884, 3000, 1, 1)
2026-04-23 20:33:50 [INFO ] (1594, 3000, 1, 1)
2026-04-23 20:33:50 [INFO ] (962, 3000, 1, 1)
2026-04-23 20:33:50 [INFO ] (1195, 3000, 1, 1)
2026-04-23 20:33:50 [INFO ] (1092, 3000, 1, 1)
2026-04-23 20:33:50 [INFO ] (1208, 3000, 1, 1)
2026-04-23 20:33:50 [INFO ] (1166, 3000, 1, 1)
2026-04-23 20:33:50 [INFO ] (983, 3000, 1, 1)
2026-04-23 20:33:50 [INFO ] (1022, 3000, 1, 1)
2026-04-23 20:33:50 [INFO ] (1187, 3000, 1, 1)
2026-04-23 20:33:50 [INFO ] (2161, 3000, 1, 1)
2026-04-23 20:33:50 [INFO ] (2027, 3000, 1, 1)
2026-04-23 20:33:50 [INFO ] (1910, 3000, 1, 1)
2026-04-23 20:33:50 [INFO ] (1101, 3000, 1, 1)
2026-04-23 20:33:50 [INFO ] (1040, 3000, 1, 1)
2026-04-23 20:33:50 [INFO ] (1326, 3000, 1, 1)
2026-04-23 20:33:50 [INFO ] (1103, 3000, 1, 1)
2026-04-23 20:33:50 [INFO ] (1087, 3000, 1, 1)
2026-04-23 20:33:50 [INFO ] (954, 3000, 1, 1)
2026-04-23 20:33:50 [INFO ] (997, 3000, 1, 1)
2026-04-23 20:33:50 [INFO ] (1096, 3000, 1, 1)
2026-04-23 20:33:50 [INFO ] (1056, 3000, 1, 1)
2026-04-23 20:33:50 [INFO ] (1716, 3000, 1, 1)
2026-04-23 20:33:50 [INFO ] (1148, 3000, 1, 1)
2026-04-23 20:33:50 [INFO ] (1047, 3000, 1, 1)
2026-04-23 20:33:50 [INFO ] (1090, 3000, 1, 1)
2026-04-23 20:33:50 [INFO ] (1237, 3000, 1, 1)
2026-04-23 20:33:50 [INFO ] (1148, 3000, 1, 1)
2026-04-23 20:33:50 [INFO ] (1287, 3000, 1, 1)
2026-04-23 20:33:50 [INFO ] (1095, 3000, 1, 1)
2026-04-23 20:33:50 [INFO ] (1840, 3000, 1, 1)
2026-04-23 20:33:50 [INFO ] (1231, 3000, 1, 1)
2026-04-23 20:33:50 [INFO ] (1349, 3000, 1, 1)
2026-04-23 20:33:50 [INFO ] (2043, 3000, 1, 1)
2026-04-23 20:33:50 [INFO ] (1652, 3000, 1, 1)
2026-04-23 20:33:50 [INFO ] (1062, 3000, 1, 1)
2026-04-23 20:33:50 [INFO ] (1445, 3000, 1, 1)
2026-04-23 20:33:50 [INFO ] (1823, 3000, 1, 1)
2026-04-23 20:33:50 [INFO ] (1271, 3000, 1, 1)
2026-04-23 20:33:50 [INFO ] (2049, 3000, 1, 1)
2026-04-23 20:33:50 [INFO ] (2644, 3000, 1, 1)
2026-04-23 20:33:50 [INFO ] (1929, 3000, 1, 1)
2026-04-23 20:33:50 [INFO ] (2026, 3000, 1, 1)
2026-04-23 20:33:50 [INFO ] (1994, 3000, 1, 1)
2026-04-23 20:33:50 [INFO ] (1968, 3000, 1, 1)
2026-04-23 20:33:50 [INFO ] (1021, 3000, 1, 1)
2026-04-23 20:33:50 [INFO ] (1717, 3000, 1, 1)
2026-04-23 20:33:50 [INFO ] (1515, 3000, 1, 1)
2026-04-23 20:33:50 [INFO ] (1413, 3000, 1, 1)
2026-04-23 20:33:50 [INFO ] (1241, 3000, 1, 1)
2026-04-23 20:33:50 [INFO ] (1031, 3000, 1, 1)
2026-04-23 20:33:50 [INFO ] (1130, 3000, 1, 1)
2026-04-23 20:33:50 [INFO ] (2667, 3000, 1, 1)
2026-04-23 20:33:50 [INFO ] (2318, 3000, 1, 1)
2026-04-23 20:33:50 [INFO ] (2210, 3000, 1, 1)
2026-04-23 20:33:50 [INFO ] (1063, 3000, 1, 1)
2026-04-23 20:33:50 [INFO ] (2044, 3000, 1, 1)
2026-04-23 20:33:50 [INFO ] (1049, 3000, 1, 1)
2026-04-23 20:33:50 [INFO ] (1683, 3000, 1, 1)
2026-04-23 20:33:50 [INFO ] (2662, 3000, 1, 1)
2026-04-23 20:33:50 [INFO ] (1325, 3000, 1, 1)
2026-04-23 20:33:50 [INFO ] (1324, 3000, 1, 1)
2026-04-23 20:33:50 [INFO ] (1241, 3000, 1, 1)
2026-04-23 20:33:50 [INFO ] (1229, 3000, 1, 1)
2026-04-23 20:33:50 [INFO ] (1293, 3000, 1, 1)
2026-04-23 20:33:50 [INFO ] (1183, 3000, 1, 1)
2026-04-23 20:33:50 [INFO ] (1704, 3000, 1, 1)
2026-04-23 20:33:50 [INFO ] (1366, 3000, 1, 1)
2026-04-23 20:33:50 [INFO ] W: 61663
2026-04-23 20:33:50 [INFO ] N1: 18422
2026-04-23 20:33:50 [INFO ] N2: 55946
2026-04-23 20:33:50 [INFO ] N3: 9230
2026-04-23 20:33:50 [INFO ] REM: 20765
2026-04-23 20:33:50 [INFO ] Validation set (n_night_sleeps=14)
2026-04-23 20:33:50 [INFO ] (929, 3000, 1, 1)
2026-04-23 20:33:50 [INFO ] (854, 3000, 1, 1)
2026-04-23 20:33:50 [INFO ] (1134, 3000, 1, 1)
2026-04-23 20:33:50 [INFO ] (1054, 3000, 1, 1)
2026-04-23 20:33:50 [INFO ] (1095, 3000, 1, 1)
2026-04-23 20:33:50 [INFO ] (1175, 3000, 1, 1)
2026-04-23 20:33:50 [INFO ] (1783, 3000, 1, 1)
2026-04-23 20:33:50 [INFO ] (977, 3000, 1, 1)
2026-04-23 20:33:50 [INFO ] (1063, 3000, 1, 1)
2026-04-23 20:33:50 [INFO ] (1107, 3000, 1, 1)
2026-04-23 20:33:50 [INFO ] (1597, 3000, 1, 1)
2026-04-23 20:33:50 [INFO ] (980, 3000, 1, 1)
2026-04-23 20:33:50 [INFO ] (964, 3000, 1, 1)
2026-04-23 20:33:50 [INFO ] (920, 3000, 1, 1)
2026-04-23 20:33:50 [INFO ] W: 4182
2026-04-23 20:33:50 [INFO ] N1: 1618
2026-04-23 20:33:50 [INFO ] N2: 5923
2026-04-23 20:33:50 [INFO ] N3: 1644
2026-04-23 20:33:50 [INFO ] REM: 2265
2026-04-23 20:33:50 [INFO ] Test set (n_night_sleeps=16)
2026-04-23 20:33:50 [INFO ] (841, 3000, 1, 1)
2026-04-23 20:33:50 [INFO ] (1127, 3000, 1, 1)
2026-04-23 20:33:50 [INFO ] (1103, 3000, 1, 1)
2026-04-23 20:33:50 [INFO ] (2265, 3000, 1, 1)
2026-04-23 20:33:50 [INFO ] (1025, 3000, 1, 1)
2026-04-23 20:33:50 [INFO ] (1009, 3000, 1, 1)
2026-04-23 20:33:50 [INFO ] (952, 3000, 1, 1)
2026-04-23 20:33:50 [INFO ] (911, 3000, 1, 1)
2026-04-23 20:33:50 [INFO ] (1235, 3000, 1, 1)
2026-04-23 20:33:50 [INFO ] (1200, 3000, 1, 1)
2026-04-23 20:33:50 [INFO ] (672, 3000, 1, 1)
2026-04-23 20:33:50 [INFO ] (1246, 3000, 1, 1)
2026-04-23 20:33:50 [INFO ] (843, 3000, 1, 1)
2026-04-23 20:33:50 [INFO ] (1016, 3000, 1, 1)
2026-04-23 20:33:50 [INFO ] (976, 3000, 1, 1)
2026-04-23 20:33:50 [INFO ] (1273, 3000, 1, 1)
2026-04-23 20:33:50 [INFO ] W: 3979
2026-04-23 20:33:50 [INFO ] N1: 1482
2026-04-23 20:33:50 [INFO ] N2: 7263
2026-04-23 20:33:50 [INFO ] N3: 2165
2026-04-23 20:33:50 [INFO ] REM: 2805
2026-04-23 20:33:50 [INFO ]   Weighted cross entropy: True
2026-04-23 20:33:50 [INFO ]   Weighted cross entropy: [1.  1.5 1.  1.  1. ]
2026-04-23 20:33:50 [INFO ] using device 0
2026-04-23 20:33:53 [INFO ] Data Augmentation
2026-04-23 20:33:53 [INFO ]   Sequence: True
2026-04-23 20:33:53 [INFO ]   Signal full: True
2026-04-23 20:39:16 [INFO ] Load generated SIDs from sleepedfx.txt
2026-04-23 20:39:16 [INFO ] SIDs (78): [ 0  1  2  3  4  5  6  7  8  9 10 11 12 13 14 15 16 17 18 19 20 21 22 23
 24 25 26 27 28 29 30 31 32 33 34 35 36 37 38 40 41 42 43 44 45 46 47 48
 49 50 51 52 53 54 55 56 57 58 59 60 61 62 63 64 65 66 67 70 71 72 73 74
 75 76 77 80 81 82]
2026-04-23 20:39:16 [INFO ] Train SIDs: (63) [ 9 10 11 13 14 15 16 17 19 20 21 22 23 24 25 27 28 29 31 32 33 34 35 36
 37 38 40 41 42 43 44 45 46 47 48 49 50 51 52 53 54 55 56 57 59 60 61 62
 64 65 66 67 70 71 72 73 74 75 76 77 80 81 82]
2026-04-23 20:39:16 [INFO ] Valid SIDs: (7) [30  8 58 12 63 26 18]
2026-04-23 20:39:16 [INFO ] Test SIDs: (8) [0 1 2 3 4 5 6 7]
2026-04-23 20:39:20 [INFO ] Training set (n_night_sleeps=123)
2026-04-23 20:39:20 [INFO ] (1132, 3000, 1, 1)
2026-04-23 20:39:20 [INFO ] (1207, 3000, 1, 1)
2026-04-23 20:39:20 [INFO ] (1104, 3000, 1, 1)
2026-04-23 20:39:20 [INFO ] (1092, 3000, 1, 1)
2026-04-23 20:39:20 [INFO ] (928, 3000, 1, 1)
2026-04-23 20:39:20 [INFO ] (802, 3000, 1, 1)
2026-04-23 20:39:20 [INFO ] (1028, 3000, 1, 1)
2026-04-23 20:39:20 [INFO ] (1004, 3000, 1, 1)
2026-04-23 20:39:20 [INFO ] (952, 3000, 1, 1)
2026-04-23 20:39:20 [INFO ] (952, 3000, 1, 1)
2026-04-23 20:39:20 [INFO ] (1762, 3000, 1, 1)
2026-04-23 20:39:20 [INFO ] (1144, 3000, 1, 1)
2026-04-23 20:39:20 [INFO ] (1003, 3000, 1, 1)
2026-04-23 20:39:20 [INFO ] (1002, 3000, 1, 1)
2026-04-23 20:39:20 [INFO ] (1773, 3000, 1, 1)
2026-04-23 20:39:20 [INFO ] (1535, 3000, 1, 1)
2026-04-23 20:39:20 [INFO ] (1274, 3000, 1, 1)
2026-04-23 20:39:20 [INFO ] (1022, 3000, 1, 1)
2026-04-23 20:39:20 [INFO ] (1021, 3000, 1, 1)
2026-04-23 20:39:20 [INFO ] (1578, 3000, 1, 1)
2026-04-23 20:39:20 [INFO ] (808, 3000, 1, 1)
2026-04-23 20:39:20 [INFO ] (1099, 3000, 1, 1)
2026-04-23 20:39:20 [INFO ] (1108, 3000, 1, 1)
2026-04-23 20:39:20 [INFO ] (904, 3000, 1, 1)
2026-04-23 20:39:20 [INFO ] (1729, 3000, 1, 1)
2026-04-23 20:39:20 [INFO ] (1673, 3000, 1, 1)
2026-04-23 20:39:20 [INFO ] (1775, 3000, 1, 1)
2026-04-23 20:39:20 [INFO ] (972, 3000, 1, 1)
2026-04-23 20:39:20 [INFO ] (1020, 3000, 1, 1)
2026-04-23 20:39:20 [INFO ] (1052, 3000, 1, 1)
2026-04-23 20:39:20 [INFO ] (1090, 3000, 1, 1)
2026-04-23 20:39:20 [INFO ] (1127, 3000, 1, 1)
2026-04-23 20:39:20 [INFO ] (1070, 3000, 1, 1)
2026-04-23 20:39:20 [INFO ] (1131, 3000, 1, 1)
2026-04-23 20:39:20 [INFO ] (1605, 3000, 1, 1)
2026-04-23 20:39:20 [INFO ] (1054, 3000, 1, 1)
2026-04-23 20:39:20 [INFO ] (1181, 3000, 1, 1)
2026-04-23 20:39:20 [INFO ] (1560, 3000, 1, 1)
2026-04-23 20:39:20 [INFO ] (1021, 3000, 1, 1)
2026-04-23 20:39:20 [INFO ] (1888, 3000, 1, 1)
2026-04-23 20:39:20 [INFO ] (1312, 3000, 1, 1)
2026-04-23 20:39:20 [INFO ] (1501, 3000, 1, 1)
2026-04-23 20:39:20 [INFO ] (1582, 3000, 1, 1)
2026-04-23 20:39:20 [INFO ] (976, 3000, 1, 1)
2026-04-23 20:39:20 [INFO ] (963, 3000, 1, 1)
2026-04-23 20:39:20 [INFO ] (824, 3000, 1, 1)
2026-04-23 20:39:20 [INFO ] (918, 3000, 1, 1)
2026-04-23 20:39:20 [INFO ] (1509, 3000, 1, 1)
2026-04-23 20:39:20 [INFO ] (1776, 3000, 1, 1)
2026-04-23 20:39:20 [INFO ] (1871, 3000, 1, 1)
2026-04-23 20:39:20 [INFO ] (1064, 3000, 1, 1)
2026-04-23 20:39:20 [INFO ] (1072, 3000, 1, 1)
2026-04-23 20:39:20 [INFO ] (1078, 3000, 1, 1)
2026-04-23 20:39:20 [INFO ] (1939, 3000, 1, 1)
2026-04-23 20:39:20 [INFO ] (785, 3000, 1, 1)
2026-04-23 20:39:20 [INFO ] (884, 3000, 1, 1)
2026-04-23 20:39:20 [INFO ] (1594, 3000, 1, 1)
2026-04-23 20:39:20 [INFO ] (962, 3000, 1, 1)
2026-04-23 20:39:20 [INFO ] (1195, 3000, 1, 1)
2026-04-23 20:39:20 [INFO ] (1092, 3000, 1, 1)
2026-04-23 20:39:20 [INFO ] (1208, 3000, 1, 1)
2026-04-23 20:39:20 [INFO ] (1166, 3000, 1, 1)
2026-04-23 20:39:20 [INFO ] (983, 3000, 1, 1)
2026-04-23 20:39:20 [INFO ] (1022, 3000, 1, 1)
2026-04-23 20:39:20 [INFO ] (1187, 3000, 1, 1)
2026-04-23 20:39:20 [INFO ] (2161, 3000, 1, 1)
2026-04-23 20:39:20 [INFO ] (2027, 3000, 1, 1)
2026-04-23 20:39:20 [INFO ] (1910, 3000, 1, 1)
2026-04-23 20:39:20 [INFO ] (1101, 3000, 1, 1)
2026-04-23 20:39:20 [INFO ] (1040, 3000, 1, 1)
2026-04-23 20:39:20 [INFO ] (1326, 3000, 1, 1)
2026-04-23 20:39:20 [INFO ] (1103, 3000, 1, 1)
2026-04-23 20:39:20 [INFO ] (1087, 3000, 1, 1)
2026-04-23 20:39:20 [INFO ] (954, 3000, 1, 1)
2026-04-23 20:39:20 [INFO ] (997, 3000, 1, 1)
2026-04-23 20:39:20 [INFO ] (1096, 3000, 1, 1)
2026-04-23 20:39:20 [INFO ] (1056, 3000, 1, 1)
2026-04-23 20:39:20 [INFO ] (1716, 3000, 1, 1)
2026-04-23 20:39:20 [INFO ] (1148, 3000, 1, 1)
2026-04-23 20:39:20 [INFO ] (1047, 3000, 1, 1)
2026-04-23 20:39:20 [INFO ] (1090, 3000, 1, 1)
2026-04-23 20:39:20 [INFO ] (1237, 3000, 1, 1)
2026-04-23 20:39:20 [INFO ] (1148, 3000, 1, 1)
2026-04-23 20:39:20 [INFO ] (1287, 3000, 1, 1)
2026-04-23 20:39:20 [INFO ] (1095, 3000, 1, 1)
2026-04-23 20:39:20 [INFO ] (1840, 3000, 1, 1)
2026-04-23 20:39:20 [INFO ] (1231, 3000, 1, 1)
2026-04-23 20:39:20 [INFO ] (1349, 3000, 1, 1)
2026-04-23 20:39:20 [INFO ] (2043, 3000, 1, 1)
2026-04-23 20:39:20 [INFO ] (1652, 3000, 1, 1)
2026-04-23 20:39:20 [INFO ] (1062, 3000, 1, 1)
2026-04-23 20:39:20 [INFO ] (1445, 3000, 1, 1)
2026-04-23 20:39:20 [INFO ] (1823, 3000, 1, 1)
2026-04-23 20:39:20 [INFO ] (1271, 3000, 1, 1)
2026-04-23 20:39:20 [INFO ] (2049, 3000, 1, 1)
2026-04-23 20:39:20 [INFO ] (2644, 3000, 1, 1)
2026-04-23 20:39:20 [INFO ] (1929, 3000, 1, 1)
2026-04-23 20:39:20 [INFO ] (2026, 3000, 1, 1)
2026-04-23 20:39:20 [INFO ] (1994, 3000, 1, 1)
2026-04-23 20:39:20 [INFO ] (1968, 3000, 1, 1)
2026-04-23 20:39:20 [INFO ] (1021, 3000, 1, 1)
2026-04-23 20:39:20 [INFO ] (1717, 3000, 1, 1)
2026-04-23 20:39:20 [INFO ] (1515, 3000, 1, 1)
2026-04-23 20:39:20 [INFO ] (1413, 3000, 1, 1)
2026-04-23 20:39:20 [INFO ] (1241, 3000, 1, 1)
2026-04-23 20:39:20 [INFO ] (1031, 3000, 1, 1)
2026-04-23 20:39:20 [INFO ] (1130, 3000, 1, 1)
2026-04-23 20:39:20 [INFO ] (2667, 3000, 1, 1)
2026-04-23 20:39:20 [INFO ] (2318, 3000, 1, 1)
2026-04-23 20:39:20 [INFO ] (2210, 3000, 1, 1)
2026-04-23 20:39:20 [INFO ] (1063, 3000, 1, 1)
2026-04-23 20:39:20 [INFO ] (2044, 3000, 1, 1)
2026-04-23 20:39:20 [INFO ] (1049, 3000, 1, 1)
2026-04-23 20:39:20 [INFO ] (1683, 3000, 1, 1)
2026-04-23 20:39:20 [INFO ] (2662, 3000, 1, 1)
2026-04-23 20:39:20 [INFO ] (1325, 3000, 1, 1)
2026-04-23 20:39:20 [INFO ] (1324, 3000, 1, 1)
2026-04-23 20:39:20 [INFO ] (1241, 3000, 1, 1)
2026-04-23 20:39:20 [INFO ] (1229, 3000, 1, 1)
2026-04-23 20:39:20 [INFO ] (1293, 3000, 1, 1)
2026-04-23 20:39:20 [INFO ] (1183, 3000, 1, 1)
2026-04-23 20:39:20 [INFO ] (1704, 3000, 1, 1)
2026-04-23 20:39:20 [INFO ] (1366, 3000, 1, 1)
2026-04-23 20:39:20 [INFO ] W: 61663
2026-04-23 20:39:20 [INFO ] N1: 18422
2026-04-23 20:39:20 [INFO ] N2: 55946
2026-04-23 20:39:20 [INFO ] N3: 9230
2026-04-23 20:39:20 [INFO ] REM: 20765
2026-04-23 20:39:20 [INFO ] Validation set (n_night_sleeps=14)
2026-04-23 20:39:20 [INFO ] (929, 3000, 1, 1)
2026-04-23 20:39:20 [INFO ] (854, 3000, 1, 1)
2026-04-23 20:39:20 [INFO ] (1134, 3000, 1, 1)
2026-04-23 20:39:20 [INFO ] (1054, 3000, 1, 1)
2026-04-23 20:39:20 [INFO ] (1095, 3000, 1, 1)
2026-04-23 20:39:20 [INFO ] (1175, 3000, 1, 1)
2026-04-23 20:39:20 [INFO ] (1783, 3000, 1, 1)
2026-04-23 20:39:20 [INFO ] (977, 3000, 1, 1)
2026-04-23 20:39:20 [INFO ] (1063, 3000, 1, 1)
2026-04-23 20:39:20 [INFO ] (1107, 3000, 1, 1)
2026-04-23 20:39:20 [INFO ] (1597, 3000, 1, 1)
2026-04-23 20:39:20 [INFO ] (980, 3000, 1, 1)
2026-04-23 20:39:20 [INFO ] (964, 3000, 1, 1)
2026-04-23 20:39:20 [INFO ] (920, 3000, 1, 1)
2026-04-23 20:39:20 [INFO ] W: 4182
2026-04-23 20:39:20 [INFO ] N1: 1618
2026-04-23 20:39:20 [INFO ] N2: 5923
2026-04-23 20:39:20 [INFO ] N3: 1644
2026-04-23 20:39:20 [INFO ] REM: 2265
2026-04-23 20:39:20 [INFO ] Test set (n_night_sleeps=16)
2026-04-23 20:39:20 [INFO ] (841, 3000, 1, 1)
2026-04-23 20:39:20 [INFO ] (1127, 3000, 1, 1)
2026-04-23 20:39:20 [INFO ] (1103, 3000, 1, 1)
2026-04-23 20:39:20 [INFO ] (2265, 3000, 1, 1)
2026-04-23 20:39:20 [INFO ] (1025, 3000, 1, 1)
2026-04-23 20:39:20 [INFO ] (1009, 3000, 1, 1)
2026-04-23 20:39:20 [INFO ] (952, 3000, 1, 1)
2026-04-23 20:39:20 [INFO ] (911, 3000, 1, 1)
2026-04-23 20:39:20 [INFO ] (1235, 3000, 1, 1)
2026-04-23 20:39:20 [INFO ] (1200, 3000, 1, 1)
2026-04-23 20:39:20 [INFO ] (672, 3000, 1, 1)
2026-04-23 20:39:20 [INFO ] (1246, 3000, 1, 1)
2026-04-23 20:39:20 [INFO ] (843, 3000, 1, 1)
2026-04-23 20:39:20 [INFO ] (1016, 3000, 1, 1)
2026-04-23 20:39:20 [INFO ] (976, 3000, 1, 1)
2026-04-23 20:39:20 [INFO ] (1273, 3000, 1, 1)
2026-04-23 20:39:20 [INFO ] W: 3979
2026-04-23 20:39:20 [INFO ] N1: 1482
2026-04-23 20:39:20 [INFO ] N2: 7263
2026-04-23 20:39:20 [INFO ] N3: 2165
2026-04-23 20:39:20 [INFO ] REM: 2805
2026-04-23 20:39:20 [INFO ]   Weighted cross entropy: True
2026-04-23 20:39:20 [INFO ]   Weighted cross entropy: [1.  1.5 1.  1.  1. ]
2026-04-23 20:39:20 [INFO ] using device 0
2026-04-23 20:39:23 [INFO ] Data Augmentation
2026-04-23 20:39:23 [INFO ]   Sequence: True
2026-04-23 20:39:23 [INFO ]   Signal full: True
2026-04-23 20:39:35 [INFO ] [e1/200 s975] TR (n=165654) l=1.3243 a=51.5 f1=27.8 (9.7s)| VA (n=15632) l=2.2785 a=37.9, f1=11.0 (0.3s) | TE (n=17694) l=2.3878 a=41.1, f1=12.1 (0.6s)
2026-04-23 20:39:35 [INFO ] Saved best checkpoint to out_sleepedfx/train/0/best_ckpt/best_model.ckpt
2026-04-23 20:39:49 [INFO ] [e2/200 s1989] TR (n=165666) l=1.0684 a=61.5 f1=40.2 (10.0s)| VA (n=15632) l=1.5971 a=14.9, f1=9.6 (0.3s) | TE (n=17694) l=1.6785 a=19.8, f1=15.0 (0.6s)
2026-04-23 20:40:00 [INFO ] [e3/200 s3010] TR (n=165652) l=0.9749 a=67.2 f1=51.5 (9.6s)| VA (n=15632) l=1.6655 a=27.0, f1=9.4 (0.3s) | TE (n=17694) l=1.7682 a=23.7, f1=10.4 (0.5s)
2026-04-23 20:40:11 [INFO ] [e4/200 s3950] TR (n=165649) l=0.9180 a=68.9 f1=56.1 (8.9s)| VA (n=15632) l=1.0749 a=52.1, f1=41.5 (0.3s) | TE (n=17694) l=1.0203 a=60.7, f1=48.6 (0.6s)
2026-04-23 20:40:11 [INFO ] Saved best checkpoint to out_sleepedfx/train/0/best_ckpt/best_model.ckpt
2026-04-23 20:40:21 [INFO ] [e5/200 s4880] TR (n=165649) l=0.8914 a=69.3 f1=57.9 (8.8s)| VA (n=15632) l=0.9563 a=56.9, f1=39.6 (0.3s) | TE (n=17694) l=0.8543 a=62.1, f1=45.6 (0.5s)
2026-04-23 20:40:32 [INFO ] [e6/200 s5883] TR (n=165651) l=0.8764 a=71.0 f1=60.8 (9.4s)| VA (n=15632) l=1.4985 a=55.0, f1=40.0 (0.4s) | TE (n=17694) l=1.6651 a=52.8, f1=34.9 (0.6s)
2026-04-23 20:40:43 [INFO ] [e7/200 s6838] TR (n=165646) l=0.8468 a=72.1 f1=62.2 (9.2s)| VA (n=15632) l=2.6653 a=48.1, f1=30.0 (0.3s) | TE (n=17694) l=2.9776 a=45.2, f1=21.3 (0.5s)
2026-04-23 20:40:54 [INFO ] [e8/200 s7801] TR (n=165619) l=0.8520 a=72.3 f1=62.5 (9.4s)| VA (n=15632) l=1.4751 a=34.0, f1=25.2 (0.3s) | TE (n=17694) l=1.5509 a=40.0, f1=34.9 (0.6s)
2026-04-23 20:41:06 [INFO ] [e9/200 s8786] TR (n=165666) l=0.8351 a=73.0 f1=64.1 (10.0s)| VA (n=15632) l=2.8294 a=26.8, f1=8.4 (0.3s) | TE (n=17694) l=2.8462 a=22.5, f1=7.3 (0.6s)
2026-04-23 20:41:18 [INFO ] [e10/200 s9816] TR (n=165675) l=0.8100 a=73.5 f1=64.4 (10.4s)| VA (n=15632) l=0.8404 a=66.0, f1=46.7 (0.4s) | TE (n=17694) l=0.7356 a=67.3, f1=48.7 (0.6s)
2026-04-23 20:41:18 [INFO ] Saved best checkpoint to out_sleepedfx/train/0/best_ckpt/best_model.ckpt
2026-04-23 20:41:30 [INFO ] [e11/200 s10829] TR (n=165632) l=0.7811 a=75.3 f1=66.7 (9.8s)| VA (n=15632) l=0.8802 a=57.5, f1=44.8 (0.3s) | TE (n=17694) l=0.6771 a=66.9, f1=53.2 (0.6s)
2026-04-23 20:41:40 [INFO ] [e12/200 s11760] TR (n=165658) l=0.7413 a=75.3 f1=66.8 (8.9s)| VA (n=15632) l=0.7220 a=72.5, f1=59.3 (0.3s) | TE (n=17694) l=0.5177 a=76.2, f1=61.2 (0.6s)
2026-04-23 20:41:40 [INFO ] Saved best checkpoint to out_sleepedfx/train/0/best_ckpt/best_model.ckpt
2026-04-23 20:41:51 [INFO ] [e13/200 s12739] TR (n=165639) l=0.6980 a=76.7 f1=68.6 (9.2s)| VA (n=15632) l=2.0045 a=28.6, f1=13.6 (0.3s) | TE (n=17694) l=2.0652 a=28.1, f1=17.3 (0.5s)
2026-04-23 20:42:02 [INFO ] [e14/200 s13724] TR (n=165666) l=0.7223 a=76.8 f1=68.4 (9.7s)| VA (n=15632) l=1.0026 a=57.7, f1=47.5 (0.3s) | TE (n=17694) l=0.7895 a=69.2, f1=56.1 (0.5s)
2026-04-23 20:42:13 [INFO ] [e15/200 s14729] TR (n=165663) l=0.7415 a=77.2 f1=69.1 (9.3s)| VA (n=15632) l=2.0681 a=26.2, f1=27.0 (0.3s) | TE (n=17694) l=2.1303 a=25.6, f1=25.0 (0.6s)
2026-04-23 20:42:24 [INFO ] [e16/200 s15713] TR (n=165685) l=0.7165 a=77.6 f1=69.7 (9.0s)| VA (n=15632) l=1.4108 a=47.8, f1=33.4 (0.3s) | TE (n=17694) l=1.6356 a=55.1, f1=36.1 (0.6s)
2026-04-23 20:42:34 [INFO ] [e17/200 s16688] TR (n=165618) l=0.6729 a=78.4 f1=70.6 (9.2s)| VA (n=15632) l=0.6691 a=67.8, f1=57.9 (0.3s) | TE (n=17694) l=0.4409 a=76.8, f1=65.2 (0.5s)
2026-04-23 20:42:45 [INFO ] [e18/200 s17703] TR (n=165648) l=0.6820 a=78.3 f1=70.5 (9.7s)| VA (n=15632) l=0.9183 a=65.5, f1=49.4 (0.3s) | TE (n=17694) l=0.8576 a=68.8, f1=53.2 (0.6s)
2026-04-23 20:42:56 [INFO ] [e19/200 s18703] TR (n=165660) l=0.6673 a=78.4 f1=70.5 (9.5s)| VA (n=15632) l=0.7893 a=65.5, f1=58.1 (0.3s) | TE (n=17694) l=0.7998 a=68.2, f1=58.0 (0.5s)
2026-04-23 20:43:07 [INFO ] [e20/200 s19654] TR (n=165674) l=0.6752 a=79.2 f1=71.6 (8.9s)| VA (n=15632) l=0.7707 a=60.4, f1=59.9 (0.4s) | TE (n=17694) l=0.4796 a=72.7, f1=69.6 (0.6s)
2026-04-23 20:43:18 [INFO ] [e21/200 s20627] TR (n=165666) l=0.7261 a=79.0 f1=71.3 (9.3s)| VA (n=15632) l=0.6622 a=69.0, f1=60.4 (0.3s) | TE (n=17694) l=0.4324 a=78.9, f1=71.4 (0.5s)
2026-04-23 20:43:29 [INFO ] [e22/200 s21627] TR (n=165664) l=0.6672 a=79.3 f1=72.0 (9.5s)| VA (n=15632) l=0.5774 a=74.5, f1=68.1 (0.3s) | TE (n=17694) l=0.3747 a=79.6, f1=72.9 (0.6s)
2026-04-23 20:43:29 [INFO ] Saved best checkpoint to out_sleepedfx/train/0/best_ckpt/best_model.ckpt
2026-04-23 20:43:41 [INFO ] [e23/200 s22637] TR (n=165675) l=0.6445 a=79.8 f1=72.4 (10.0s)| VA (n=15632) l=0.7350 a=70.2, f1=57.0 (0.3s) | TE (n=17694) l=0.5216 a=71.6, f1=58.0 (0.6s)
2026-04-23 20:43:53 [INFO ] [e24/200 s23661] TR (n=165680) l=0.6584 a=79.6 f1=72.0 (10.4s)| VA (n=15632) l=0.7894 a=70.1, f1=52.4 (0.3s) | TE (n=17694) l=0.6697 a=75.7, f1=57.6 (0.6s)
2026-04-23 20:44:05 [INFO ] [e25/200 s24687] TR (n=165669) l=0.6806 a=78.9 f1=71.4 (10.4s)| VA (n=15632) l=0.7364 a=73.2, f1=67.2 (0.4s) | TE (n=17694) l=0.7452 a=76.4, f1=67.1 (0.6s)
2026-04-23 20:44:16 [INFO ] [e26/200 s25639] TR (n=165646) l=0.6365 a=79.9 f1=72.3 (9.5s)| VA (n=15632) l=0.5613 a=78.5, f1=74.2 (0.3s) | TE (n=17694) l=0.3703 a=84.0, f1=77.6 (0.6s)
2026-04-23 20:44:16 [INFO ] Saved best checkpoint to out_sleepedfx/train/0/best_ckpt/best_model.ckpt
2026-04-23 20:44:27 [INFO ] [e27/200 s26641] TR (n=165649) l=0.5988 a=80.0 f1=72.7 (9.3s)| VA (n=15632) l=0.7786 a=67.0, f1=51.9 (0.3s) | TE (n=17694) l=0.6366 a=75.4, f1=60.3 (0.5s)
2026-04-23 20:44:37 [INFO ] [e28/200 s27647] TR (n=165630) l=0.6408 a=80.5 f1=73.0 (9.2s)| VA (n=15632) l=0.5139 a=75.9, f1=70.9 (0.3s) | TE (n=17694) l=0.3333 a=83.5, f1=77.8 (0.6s)
2026-04-23 20:44:48 [INFO ] [e29/200 s28648] TR (n=165639) l=0.6360 a=80.1 f1=73.1 (9.2s)| VA (n=15632) l=3.5168 a=44.3, f1=21.6 (0.3s) | TE (n=17694) l=3.2832 a=44.7, f1=18.7 (0.5s)
2026-04-23 20:45:00 [INFO ] [e30/200 s29656] TR (n=165664) l=0.6054 a=80.7 f1=73.8 (10.2s)| VA (n=15632) l=1.2394 a=48.1, f1=37.1 (0.3s) | TE (n=17694) l=1.0109 a=60.2, f1=45.4 (0.6s)
2026-04-23 20:45:11 [INFO ] [e31/200 s30673] TR (n=165640) l=0.6666 a=80.4 f1=73.2 (9.5s)| VA (n=15632) l=1.1856 a=48.3, f1=47.7 (0.3s) | TE (n=17694) l=0.8457 a=53.2, f1=54.5 (0.5s)
2026-04-23 20:45:22 [INFO ] [e32/200 s31657] TR (n=165664) l=0.6297 a=80.7 f1=73.7 (9.7s)| VA (n=15632) l=0.6348 a=69.0, f1=67.1 (0.3s) | TE (n=17694) l=0.3622 a=83.0, f1=78.2 (0.6s)
2026-04-23 20:45:32 [INFO ] [e33/200 s32604] TR (n=165665) l=0.6308 a=80.5 f1=73.4 (8.5s)| VA (n=15632) l=1.5401 a=41.9, f1=34.1 (0.3s) | TE (n=17694) l=1.3632 a=50.4, f1=35.6 (0.5s)
2026-04-23 20:45:43 [INFO ] [e34/200 s33559] TR (n=165663) l=0.6337 a=81.1 f1=73.8 (9.3s)| VA (n=15632) l=0.8776 a=52.7, f1=52.1 (0.3s) | TE (n=17694) l=0.5785 a=63.3, f1=61.0 (0.6s)
2026-04-23 20:45:54 [INFO ] [e35/200 s34574] TR (n=165693) l=0.6087 a=80.9 f1=74.1 (9.9s)| VA (n=15632) l=1.4910 a=48.8, f1=34.8 (0.3s) | TE (n=17694) l=1.3911 a=57.6, f1=42.7 (0.5s)
2026-04-23 20:46:05 [INFO ] [e36/200 s35562] TR (n=165666) l=0.6115 a=81.2 f1=74.2 (9.9s)| VA (n=15632) l=0.5449 a=75.4, f1=67.5 (0.4s) | TE (n=17694) l=0.4179 a=79.4, f1=68.4 (0.6s)
2026-04-23 20:46:17 [INFO ] [e37/200 s36571] TR (n=165665) l=0.6000 a=81.1 f1=74.0 (10.1s)| VA (n=15632) l=0.7643 a=68.8, f1=52.5 (0.3s) | TE (n=17694) l=0.5875 a=74.0, f1=57.1 (0.6s)
2026-04-23 20:46:28 [INFO ] [e38/200 s37559] TR (n=165652) l=0.6452 a=81.1 f1=73.9 (9.7s)| VA (n=15632) l=1.6677 a=54.3, f1=37.1 (0.3s) | TE (n=17694) l=1.9229 a=51.3, f1=30.6 (0.6s)
2026-04-23 20:46:40 [INFO ] [e39/200 s38578] TR (n=165632) l=0.6310 a=80.7 f1=73.6 (9.9s)| VA (n=15632) l=0.8773 a=66.8, f1=47.4 (0.4s) | TE (n=17694) l=0.7496 a=67.3, f1=47.8 (0.7s)
2026-04-23 20:46:51 [INFO ] [e40/200 s39566] TR (n=165685) l=0.5819 a=81.7 f1=75.1 (9.5s)| VA (n=15632) l=1.5844 a=62.1, f1=48.7 (0.3s) | TE (n=17694) l=1.5975 a=61.2, f1=42.5 (0.5s)
2026-04-23 20:47:02 [INFO ] [e41/200 s40575] TR (n=165604) l=0.6282 a=81.4 f1=74.4 (9.8s)| VA (n=15632) l=1.0693 a=48.6, f1=45.0 (0.3s) | TE (n=17694) l=1.0819 a=56.9, f1=48.5 (0.5s)
2026-04-23 20:47:13 [INFO ] [e42/200 s41552] TR (n=165667) l=0.5680 a=81.9 f1=75.2 (9.5s)| VA (n=15632) l=0.6775 a=70.9, f1=57.5 (0.3s) | TE (n=17694) l=0.4967 a=77.5, f1=64.0 (0.5s)
2026-04-23 20:47:24 [INFO ] [e43/200 s42514] TR (n=165661) l=0.5739 a=81.9 f1=75.0 (9.4s)| VA (n=15632) l=0.6302 a=73.2, f1=68.0 (0.3s) | TE (n=17694) l=0.3628 a=83.9, f1=78.0 (0.6s)
2026-04-23 20:47:35 [INFO ] [e44/200 s43477] TR (n=165652) l=0.6000 a=81.5 f1=74.7 (9.3s)| VA (n=15632) l=0.8871 a=70.8, f1=55.6 (0.3s) | TE (n=17694) l=1.2004 a=70.0, f1=56.0 (0.5s)
2026-04-23 20:47:45 [INFO ] [e45/200 s44477] TR (n=165670) l=0.5996 a=81.6 f1=74.5 (8.9s)| VA (n=15632) l=1.1156 a=64.4, f1=46.9 (0.3s) | TE (n=17694) l=0.9971 a=63.2, f1=44.2 (0.6s)
2026-04-23 20:47:56 [INFO ] [e46/200 s45478] TR (n=165653) l=0.5792 a=81.8 f1=75.2 (9.6s)| VA (n=15632) l=1.2929 a=61.3, f1=38.3 (0.3s) | TE (n=17694) l=1.3107 a=60.4, f1=38.9 (0.6s)
2026-04-23 20:48:07 [INFO ] [e47/200 s46441] TR (n=165654) l=0.5793 a=82.2 f1=75.6 (8.9s)| VA (n=15632) l=0.5352 a=76.4, f1=73.3 (0.3s) | TE (n=17694) l=0.3677 a=81.4, f1=74.7 (0.5s)
2026-04-23 20:48:18 [INFO ] [e48/200 s47477] TR (n=165659) l=0.6019 a=82.0 f1=75.3 (9.9s)| VA (n=15632) l=0.5794 a=74.3, f1=70.9 (0.3s) | TE (n=17694) l=0.3045 a=86.0, f1=81.9 (0.5s)
2026-04-23 20:48:28 [INFO ] [e49/200 s48418] TR (n=165671) l=0.5936 a=81.6 f1=74.9 (8.8s)| VA (n=15632) l=1.7961 a=64.7, f1=58.0 (0.3s) | TE (n=17694) l=2.1778 a=63.3, f1=50.4 (0.5s)
2026-04-23 20:48:39 [INFO ] [e50/200 s49407] TR (n=165693) l=0.5496 a=82.0 f1=75.6 (9.6s)| VA (n=15632) l=0.9956 a=65.4, f1=62.1 (0.3s) | TE (n=17694) l=0.6822 a=71.0, f1=63.8 (0.6s)
2026-04-23 20:48:39 [INFO ] >> Confusion Matrix
2026-04-23 20:48:39 [INFO ] [[2396  351   63    0 1169]
 [  35  561  252    1  633]
 [   0  220 6005    3 1035]
 [   0    0 1314  832   19]
 [   1   10   30    0 2764]]
2026-04-23 20:48:51 [INFO ] [e51/200 s50372] TR (n=165651) l=0.5661 a=82.2 f1=75.8 (9.7s)| VA (n=15632) l=0.5271 a=79.2, f1=73.5 (0.3s) | TE (n=17694) l=0.3501 a=84.8, f1=78.0 (0.6s)
2026-04-23 20:49:02 [INFO ] [e52/200 s51305] TR (n=165642) l=0.5575 a=82.2 f1=75.6 (9.5s)| VA (n=15632) l=0.6983 a=73.7, f1=63.7 (0.3s) | TE (n=17694) l=0.6553 a=73.2, f1=60.1 (0.6s)
2026-04-23 20:49:13 [INFO ] [e53/200 s52308] TR (n=165666) l=0.5817 a=81.9 f1=75.3 (9.8s)| VA (n=15632) l=0.9693 a=52.3, f1=48.0 (0.4s) | TE (n=17694) l=0.5228 a=65.8, f1=59.3 (0.7s)
2026-04-23 20:49:25 [INFO ] [e54/200 s53334] TR (n=165647) l=0.5974 a=82.2 f1=75.9 (9.8s)| VA (n=15632) l=0.9867 a=65.9, f1=55.0 (0.3s) | TE (n=17694) l=1.3131 a=59.0, f1=41.1 (0.5s)
2026-04-23 20:49:35 [INFO ] [e55/200 s54353] TR (n=165671) l=0.5543 a=82.6 f1=76.4 (9.6s)| VA (n=15632) l=0.5335 a=76.9, f1=74.4 (0.3s) | TE (n=17694) l=0.3154 a=84.4, f1=79.1 (0.6s)
2026-04-23 20:49:47 [INFO ] [e56/200 s55376] TR (n=165636) l=0.5908 a=82.2 f1=75.6 (9.8s)| VA (n=15632) l=0.7397 a=72.1, f1=70.2 (0.3s) | TE (n=17694) l=1.0305 a=76.2, f1=70.2 (0.5s)
2026-04-23 20:49:58 [INFO ] [e57/200 s56387] TR (n=165669) l=0.5715 a=82.2 f1=75.9 (9.9s)| VA (n=15632) l=1.1047 a=64.5, f1=47.3 (0.4s) | TE (n=17694) l=1.5619 a=56.7, f1=36.9 (0.6s)
2026-04-23 20:50:10 [INFO ] [e58/200 s57346] TR (n=165661) l=0.5973 a=82.1 f1=75.5 (9.7s)| VA (n=15632) l=0.6399 a=67.0, f1=66.4 (0.3s) | TE (n=17694) l=0.3963 a=81.9, f1=77.8 (0.5s)
2026-04-23 20:50:20 [INFO ] [e59/200 s58279] TR (n=165650) l=0.5702 a=82.5 f1=76.0 (8.9s)| VA (n=15632) l=0.6378 a=72.1, f1=67.8 (0.3s) | TE (n=17694) l=0.4384 a=81.5, f1=75.0 (0.5s)
2026-04-23 20:50:31 [INFO ] [e60/200 s59222] TR (n=165653) l=0.5664 a=82.5 f1=76.4 (9.3s)| VA (n=15632) l=0.4899 a=79.8, f1=75.3 (0.3s) | TE (n=17694) l=0.3007 a=86.0, f1=80.1 (0.6s)
2026-04-23 20:50:31 [INFO ] Saved best checkpoint to out_sleepedfx/train/0/best_ckpt/best_model.ckpt
2026-04-23 20:50:42 [INFO ] [e61/200 s60199] TR (n=165631) l=0.5373 a=82.8 f1=76.3 (9.3s)| VA (n=15632) l=0.5255 a=77.7, f1=70.3 (0.3s) | TE (n=17694) l=0.5370 a=79.1, f1=69.6 (0.5s)
2026-04-23 20:50:53 [INFO ] [e62/200 s61214] TR (n=165664) l=0.5804 a=82.7 f1=76.3 (9.9s)| VA (n=15632) l=0.6141 a=70.7, f1=65.8 (0.3s) | TE (n=17694) l=0.3373 a=81.1, f1=74.1 (0.5s)
2026-04-23 20:51:03 [INFO ] [e63/200 s62127] TR (n=165639) l=0.6113 a=82.0 f1=75.6 (9.0s)| VA (n=15632) l=0.4692 a=80.1, f1=77.4 (0.3s) | TE (n=17694) l=0.2768 a=86.2, f1=81.8 (0.6s)
2026-04-23 20:51:03 [INFO ] Saved best checkpoint to out_sleepedfx/train/0/best_ckpt/best_model.ckpt
2026-04-23 20:51:15 [INFO ] [e64/200 s63130] TR (n=165635) l=0.5316 a=83.0 f1=76.9 (10.2s)| VA (n=15632) l=1.3161 a=65.1, f1=47.2 (0.3s) | TE (n=17694) l=0.9675 a=68.0, f1=47.8 (0.6s)
2026-04-23 20:51:27 [INFO ] [e65/200 s64095] TR (n=165652) l=0.5286 a=82.9 f1=76.4 (9.8s)| VA (n=15632) l=0.7874 a=76.2, f1=71.6 (0.3s) | TE (n=17694) l=1.1174 a=76.5, f1=70.3 (0.6s)
2026-04-23 20:51:38 [INFO ] [e66/200 s65069] TR (n=165651) l=0.6092 a=82.2 f1=75.8 (9.6s)| VA (n=15632) l=0.7069 a=71.8, f1=67.4 (0.3s) | TE (n=17694) l=0.7582 a=76.7, f1=70.5 (0.6s)
2026-04-23 20:51:49 [INFO ] [e67/200 s66016] TR (n=165659) l=0.5381 a=82.7 f1=76.3 (9.4s)| VA (n=15632) l=0.4941 a=79.3, f1=73.7 (0.3s) | TE (n=17694) l=0.3307 a=84.3, f1=76.9 (0.6s)
2026-04-23 20:51:59 [INFO ] [e68/200 s66950] TR (n=165663) l=0.5317 a=82.9 f1=76.7 (9.0s)| VA (n=15632) l=0.6844 a=75.8, f1=71.4 (0.3s) | TE (n=17694) l=0.7032 a=76.0, f1=69.2 (0.5s)
2026-04-23 20:52:11 [INFO ] [e69/200 s67984] TR (n=165629) l=0.5350 a=83.0 f1=76.8 (10.1s)| VA (n=15632) l=0.5157 a=78.5, f1=75.5 (0.3s) | TE (n=17694) l=0.4123 a=82.1, f1=76.3 (0.5s)
2026-04-23 20:52:22 [INFO ] [e70/200 s68949] TR (n=165642) l=0.5511 a=82.6 f1=76.6 (9.3s)| VA (n=15632) l=1.6885 a=50.7, f1=46.1 (0.3s) | TE (n=17694) l=1.8209 a=57.7, f1=41.2 (0.6s)
2026-04-23 20:52:33 [INFO ] [e71/200 s69988] TR (n=165648) l=0.5812 a=82.8 f1=76.6 (10.0s)| VA (n=15632) l=0.5892 a=73.7, f1=67.7 (0.3s) | TE (n=17694) l=0.3348 a=80.7, f1=72.1 (0.5s)
2026-04-23 20:52:44 [INFO ] [e72/200 s71013] TR (n=165666) l=0.5446 a=82.5 f1=76.2 (9.7s)| VA (n=15632) l=0.4577 a=81.1, f1=75.1 (0.3s) | TE (n=17694) l=0.2912 a=84.5, f1=77.0 (0.6s)
2026-04-23 20:52:55 [INFO ] [e73/200 s71962] TR (n=165645) l=0.5601 a=82.8 f1=76.5 (9.0s)| VA (n=15632) l=0.5747 a=71.5, f1=64.0 (0.3s) | TE (n=17694) l=0.4404 a=75.2, f1=65.7 (0.6s)
2026-04-23 20:53:06 [INFO ] [e74/200 s72920] TR (n=165631) l=0.5181 a=83.3 f1=77.1 (9.2s)| VA (n=15632) l=0.6036 a=71.0, f1=58.5 (0.3s) | TE (n=17694) l=0.4603 a=76.2, f1=62.5 (0.6s)
2026-04-23 20:53:17 [INFO ] [e75/200 s73948] TR (n=165647) l=0.5436 a=83.1 f1=76.8 (9.7s)| VA (n=15632) l=0.6336 a=73.5, f1=65.6 (0.3s) | TE (n=17694) l=0.3737 a=81.0, f1=71.4 (0.6s)
2026-04-23 20:53:27 [INFO ] [e76/200 s74904] TR (n=165668) l=0.5677 a=83.2 f1=76.9 (9.0s)| VA (n=15632) l=0.6626 a=67.4, f1=64.8 (0.3s) | TE (n=17694) l=0.3959 a=81.9, f1=75.9 (0.5s)
2026-04-23 20:53:38 [INFO ] [e77/200 s75854] TR (n=165656) l=0.5588 a=82.8 f1=76.8 (9.3s)| VA (n=15632) l=1.4969 a=55.6, f1=44.8 (0.3s) | TE (n=17694) l=2.0049 a=62.4, f1=48.8 (0.6s)
2026-04-23 20:53:50 [INFO ] [e78/200 s76872] TR (n=165636) l=0.5144 a=83.2 f1=77.2 (10.4s)| VA (n=15632) l=0.4699 a=78.1, f1=72.9 (0.3s) | TE (n=17694) l=0.3054 a=83.4, f1=76.7 (0.6s)
2026-04-23 20:54:01 [INFO ] [e79/200 s77844] TR (n=165661) l=0.5543 a=83.2 f1=76.9 (9.6s)| VA (n=15632) l=2.5874 a=48.5, f1=30.2 (0.3s) | TE (n=17694) l=2.5062 a=54.4, f1=30.1 (0.6s)
2026-04-23 20:54:12 [INFO ] [e80/200 s78777] TR (n=165707) l=0.5481 a=83.3 f1=77.3 (9.3s)| VA (n=15632) l=1.6196 a=42.5, f1=32.0 (0.4s) | TE (n=17694) l=1.7015 a=50.3, f1=40.4 (0.6s)
2026-04-23 20:54:23 [INFO ] [e81/200 s79738] TR (n=165664) l=0.5536 a=83.2 f1=77.0 (9.6s)| VA (n=15632) l=0.6603 a=74.2, f1=69.6 (0.3s) | TE (n=17694) l=0.3198 a=86.4, f1=80.5 (0.5s)
2026-04-23 20:54:34 [INFO ] [e82/200 s80715] TR (n=165638) l=0.5135 a=83.1 f1=76.9 (9.4s)| VA (n=15632) l=0.5304 a=78.9, f1=74.8 (0.3s) | TE (n=17694) l=0.5056 a=82.8, f1=77.7 (0.5s)
2026-04-23 20:54:45 [INFO ] [e83/200 s81738] TR (n=165636) l=0.5446 a=83.1 f1=77.0 (9.8s)| VA (n=15632) l=0.5260 a=80.9, f1=75.8 (0.3s) | TE (n=17694) l=0.5186 a=83.6, f1=76.7 (0.5s)
2026-04-23 20:54:56 [INFO ] [e84/200 s82708] TR (n=165617) l=0.5046 a=83.6 f1=77.9 (9.4s)| VA (n=15632) l=0.8200 a=66.5, f1=53.5 (0.3s) | TE (n=17694) l=0.5477 a=77.2, f1=61.5 (0.5s)
2026-04-23 20:55:08 [INFO ] [e85/200 s83691] TR (n=165644) l=0.5177 a=83.5 f1=77.3 (9.7s)| VA (n=15632) l=0.4940 a=78.6, f1=75.7 (0.3s) | TE (n=17694) l=0.4009 a=84.3, f1=79.9 (0.5s)
2026-04-23 20:55:19 [INFO ] [e86/200 s84714] TR (n=165646) l=0.5087 a=83.2 f1=77.0 (9.6s)| VA (n=15632) l=1.0234 a=54.9, f1=53.4 (0.3s) | TE (n=17694) l=0.6414 a=72.9, f1=67.3 (0.5s)
2026-04-23 20:55:30 [INFO ] [e87/200 s85738] TR (n=165646) l=0.4996 a=83.7 f1=77.8 (9.9s)| VA (n=15632) l=1.0349 a=60.8, f1=49.9 (0.4s) | TE (n=17694) l=0.8766 a=70.0, f1=56.4 (0.6s)
2026-04-23 20:55:40 [INFO ] [e88/200 s86705] TR (n=165673) l=0.5030 a=83.4 f1=77.3 (8.7s)| VA (n=15632) l=1.0107 a=52.7, f1=46.6 (0.3s) | TE (n=17694) l=0.4802 a=70.8, f1=65.7 (0.6s)
2026-04-23 20:55:51 [INFO ] [e89/200 s87681] TR (n=165642) l=0.5162 a=83.2 f1=77.1 (9.2s)| VA (n=15632) l=0.4905 a=78.9, f1=74.3 (0.3s) | TE (n=17694) l=0.4180 a=83.1, f1=76.6 (0.5s)
2026-04-23 20:56:02 [INFO ] [e90/200 s88664] TR (n=165661) l=0.4964 a=83.8 f1=78.0 (9.4s)| VA (n=15632) l=0.7051 a=73.5, f1=59.4 (0.3s) | TE (n=17694) l=0.6539 a=76.8, f1=61.0 (0.5s)
2026-04-23 20:56:14 [INFO ] [e91/200 s89699] TR (n=165653) l=0.5120 a=83.6 f1=77.9 (10.4s)| VA (n=15632) l=1.0351 a=55.4, f1=48.6 (0.3s) | TE (n=17694) l=0.7582 a=77.7, f1=70.8 (0.6s)
2026-04-23 20:56:25 [INFO ] [e92/200 s90696] TR (n=165666) l=0.5481 a=83.8 f1=77.9 (10.0s)| VA (n=15632) l=0.4944 a=78.7, f1=75.9 (0.3s) | TE (n=17694) l=0.2871 a=86.1, f1=81.5 (0.6s)
2026-04-23 20:56:37 [INFO ] [e93/200 s91693] TR (n=165648) l=0.4760 a=84.0 f1=78.0 (10.0s)| VA (n=15632) l=0.6017 a=74.3, f1=68.5 (0.3s) | TE (n=17694) l=0.3217 a=82.3, f1=76.1 (0.6s)
2026-04-23 20:56:48 [INFO ] [e94/200 s92693] TR (n=165660) l=0.5068 a=83.5 f1=77.4 (10.0s)| VA (n=15632) l=0.6408 a=72.4, f1=68.0 (0.4s) | TE (n=17694) l=0.9422 a=75.4, f1=69.7 (0.6s)
2026-04-23 20:56:59 [INFO ] [e95/200 s93642] TR (n=165654) l=0.5213 a=83.9 f1=77.9 (9.3s)| VA (n=15632) l=1.1601 a=68.4, f1=55.4 (0.3s) | TE (n=17694) l=1.6908 a=68.7, f1=54.1 (0.5s)
2026-04-23 20:57:10 [INFO ] [e96/200 s94630] TR (n=165642) l=0.5084 a=84.1 f1=78.1 (9.2s)| VA (n=15632) l=1.5530 a=69.3, f1=65.2 (0.3s) | TE (n=17694) l=2.4004 a=67.9, f1=58.4 (0.5s)
2026-04-23 20:57:20 [INFO ] [e97/200 s95602] TR (n=165636) l=0.5100 a=83.7 f1=78.1 (9.1s)| VA (n=15632) l=0.8950 a=71.8, f1=57.4 (0.3s) | TE (n=17694) l=2.0799 a=68.8, f1=53.7 (0.5s)
2026-04-23 20:57:32 [INFO ] [e98/200 s96598] TR (n=165664) l=0.5105 a=83.9 f1=78.0 (9.7s)| VA (n=15632) l=1.7393 a=60.1, f1=45.3 (0.3s) | TE (n=17694) l=2.2441 a=55.1, f1=37.2 (0.6s)
2026-04-23 20:57:43 [INFO ] [e99/200 s97585] TR (n=165659) l=0.5257 a=83.7 f1=77.9 (9.7s)| VA (n=15632) l=1.3914 a=66.7, f1=51.6 (0.3s) | TE (n=17694) l=1.9917 a=63.8, f1=45.5 (0.5s)
2026-04-23 20:57:54 [INFO ] [e100/200 s98611] TR (n=165660) l=0.5452 a=83.8 f1=77.7 (9.8s)| VA (n=15632) l=0.7730 a=69.9, f1=59.8 (0.3s) | TE (n=17694) l=1.1923 a=68.2, f1=54.8 (0.5s)
2026-04-23 20:57:54 [INFO ] >> Confusion Matrix
2026-04-23 20:57:54 [INFO ] [[2258  146  749   27  799]
 [  97  381  293    0  711]
 [   5  299 6538    1  420]
 [   0    0 1901  264    0]
 [   1   28  153    0 2623]]
2026-04-23 20:58:05 [INFO ] [e101/200 s99604] TR (n=165658) l=0.5176 a=83.8 f1=77.7 (9.2s)| VA (n=15632) l=0.5125 a=76.6, f1=74.0 (0.3s) | TE (n=17694) l=0.3041 a=84.5, f1=80.2 (0.6s)
2026-04-23 20:58:15 [INFO ] [e102/200 s100535] TR (n=165659) l=0.5117 a=84.0 f1=78.1 (8.5s)| VA (n=15632) l=0.5822 a=74.8, f1=60.1 (0.3s) | TE (n=17694) l=0.4916 a=78.1, f1=62.5 (0.6s)
2026-04-23 20:58:25 [INFO ] [e103/200 s101486] TR (n=165666) l=0.5239 a=83.9 f1=77.8 (9.1s)| VA (n=15632) l=1.1606 a=60.2, f1=54.9 (0.3s) | TE (n=17694) l=1.0410 a=73.3, f1=64.9 (0.5s)
2026-04-23 20:58:36 [INFO ] [e104/200 s102465] TR (n=165636) l=0.5066 a=84.0 f1=78.2 (9.0s)| VA (n=15632) l=0.4600 a=78.3, f1=70.6 (0.3s) | TE (n=17694) l=0.3252 a=81.1, f1=71.4 (0.5s)
2026-04-23 20:58:47 [INFO ] [e105/200 s103446] TR (n=165658) l=0.4860 a=84.2 f1=78.2 (9.9s)| VA (n=15632) l=0.8035 a=66.3, f1=55.1 (0.3s) | TE (n=17694) l=0.7187 a=72.0, f1=57.6 (0.6s)
2026-04-23 20:58:59 [INFO ] [e106/200 s104405] TR (n=165658) l=0.4855 a=83.9 f1=78.2 (9.9s)| VA (n=15632) l=0.5261 a=73.7, f1=67.5 (0.3s) | TE (n=17694) l=0.3104 a=82.1, f1=76.1 (0.6s)
2026-04-23 20:59:10 [INFO ] [e107/200 s105370] TR (n=165633) l=0.4988 a=83.7 f1=77.9 (9.8s)| VA (n=15632) l=0.6348 a=68.4, f1=57.0 (0.4s) | TE (n=17694) l=0.3835 a=74.7, f1=64.7 (0.6s)
2026-04-23 20:59:22 [INFO ] [e108/200 s106360] TR (n=165692) l=0.4796 a=84.1 f1=78.5 (10.0s)| VA (n=15632) l=1.0014 a=58.3, f1=46.3 (0.4s) | TE (n=17694) l=0.6139 a=71.0, f1=57.3 (0.7s)
2026-04-23 20:59:33 [INFO ] [e109/200 s107353] TR (n=165661) l=0.5024 a=83.9 f1=78.3 (9.4s)| VA (n=15632) l=0.5325 a=78.5, f1=74.9 (0.3s) | TE (n=17694) l=0.2724 a=87.4, f1=82.5 (0.5s)
2026-04-23 20:59:44 [INFO ] [e110/200 s108378] TR (n=165643) l=0.4809 a=84.1 f1=78.2 (9.8s)| VA (n=15632) l=1.3676 a=46.4, f1=36.6 (0.3s) | TE (n=17694) l=1.3028 a=60.8, f1=49.4 (0.6s)
2026-04-23 20:59:55 [INFO ] [e111/200 s109388] TR (n=165642) l=0.5157 a=84.0 f1=78.4 (9.6s)| VA (n=15632) l=0.6536 a=70.8, f1=55.4 (0.3s) | TE (n=17694) l=0.4768 a=75.0, f1=59.0 (0.5s)
2026-04-23 21:00:06 [INFO ] [e112/200 s110388] TR (n=165647) l=0.4990 a=83.9 f1=78.2 (9.3s)| VA (n=15632) l=0.6577 a=71.2, f1=63.6 (0.3s) | TE (n=17694) l=0.3315 a=84.8, f1=79.5 (0.5s)
2026-04-23 21:00:17 [INFO ] [e113/200 s111375] TR (n=165660) l=0.5126 a=83.7 f1=77.7 (9.4s)| VA (n=15632) l=0.8840 a=69.6, f1=64.6 (0.3s) | TE (n=17694) l=0.4598 a=78.9, f1=69.7 (0.5s)
2026-04-23 21:00:27 [INFO ] [e114/200 s112369] TR (n=165620) l=0.5470 a=83.9 f1=78.0 (9.1s)| VA (n=15632) l=0.5295 a=76.3, f1=74.2 (0.3s) | TE (n=17694) l=0.3075 a=83.1, f1=79.5 (0.6s)
2026-04-23 21:00:39 [INFO ] [e115/200 s113396] TR (n=165682) l=0.4721 a=84.2 f1=78.4 (9.8s)| VA (n=15632) l=0.7955 a=70.3, f1=52.4 (0.4s) | TE (n=17694) l=0.5984 a=76.9, f1=60.7 (0.6s)
2026-04-23 21:00:49 [INFO ] [e116/200 s114346] TR (n=165655) l=0.5044 a=84.1 f1=78.2 (8.8s)| VA (n=15632) l=1.8306 a=61.9, f1=52.4 (0.3s) | TE (n=17694) l=1.9214 a=61.6, f1=44.6 (0.5s)
2026-04-23 21:01:00 [INFO ] [e117/200 s115356] TR (n=165656) l=0.5043 a=83.8 f1=77.5 (9.7s)| VA (n=15632) l=1.3620 a=61.1, f1=51.5 (0.3s) | TE (n=17694) l=1.7052 a=62.5, f1=49.2 (0.5s)
2026-04-23 21:01:11 [INFO ] [e118/200 s116288] TR (n=165643) l=0.5047 a=84.0 f1=78.2 (9.0s)| VA (n=15632) l=0.7628 a=71.9, f1=60.6 (0.3s) | TE (n=17694) l=1.1857 a=67.7, f1=54.7 (0.6s)
2026-04-23 21:01:22 [INFO ] [e119/200 s117294] TR (n=165641) l=0.4510 a=84.5 f1=79.0 (10.0s)| VA (n=15632) l=0.4597 a=80.5, f1=75.3 (0.3s) | TE (n=17694) l=0.3258 a=82.9, f1=74.7 (0.6s)
2026-04-23 21:01:33 [INFO ] [e120/200 s118239] TR (n=165658) l=0.5085 a=84.4 f1=78.8 (9.3s)| VA (n=15632) l=0.4330 a=81.9, f1=77.8 (0.3s) | TE (n=17694) l=0.2653 a=88.2, f1=83.6 (0.6s)
2026-04-23 21:01:33 [INFO ] Saved best checkpoint to out_sleepedfx/train/0/best_ckpt/best_model.ckpt
2026-04-23 21:01:44 [INFO ] [e121/200 s119254] TR (n=165684) l=0.5421 a=83.8 f1=77.9 (9.9s)| VA (n=15632) l=2.7613 a=31.8, f1=18.3 (0.3s) | TE (n=17694) l=2.4209 a=40.3, f1=32.6 (0.6s)
2026-04-23 21:01:56 [INFO ] [e122/200 s120269] TR (n=165653) l=0.4945 a=84.3 f1=78.7 (10.1s)| VA (n=15632) l=0.4304 a=81.5, f1=76.8 (0.4s) | TE (n=17694) l=0.2819 a=87.4, f1=82.0 (0.7s)
2026-04-23 21:02:07 [INFO ] [e123/200 s121265] TR (n=165668) l=0.4827 a=84.4 f1=78.6 (9.3s)| VA (n=15632) l=0.5867 a=73.7, f1=59.6 (0.3s) | TE (n=17694) l=0.4480 a=78.2, f1=64.1 (0.5s)
2026-04-23 21:02:18 [INFO ] [e124/200 s122269] TR (n=165656) l=0.4670 a=84.4 f1=78.6 (9.8s)| VA (n=15632) l=0.5700 a=74.3, f1=65.5 (0.3s) | TE (n=17694) l=0.3574 a=79.5, f1=71.4 (0.6s)
2026-04-23 21:02:29 [INFO ] [e125/200 s123264] TR (n=165660) l=0.5064 a=84.5 f1=78.9 (9.3s)| VA (n=15632) l=0.5447 a=77.1, f1=67.2 (0.3s) | TE (n=17694) l=0.4344 a=79.3, f1=66.3 (0.5s)
2026-04-23 21:02:40 [INFO ] [e126/200 s124231] TR (n=165650) l=0.4740 a=84.5 f1=78.7 (9.2s)| VA (n=15632) l=2.3896 a=53.1, f1=39.0 (0.3s) | TE (n=17694) l=2.4996 a=55.4, f1=34.4 (0.6s)
2026-04-23 21:02:51 [INFO ] [e127/200 s125234] TR (n=165688) l=0.4816 a=84.4 f1=78.7 (9.4s)| VA (n=15632) l=0.5258 a=78.7, f1=72.8 (0.3s) | TE (n=17694) l=0.4395 a=80.9, f1=74.4 (0.5s)
2026-04-23 21:03:02 [INFO ] [e128/200 s126230] TR (n=165662) l=0.4922 a=84.7 f1=79.3 (9.4s)| VA (n=15632) l=1.8958 a=62.0, f1=49.0 (0.3s) | TE (n=17694) l=2.2374 a=62.0, f1=43.3 (0.6s)
2026-04-23 21:03:12 [INFO ] [e129/200 s127208] TR (n=165656) l=0.4905 a=84.6 f1=78.8 (9.0s)| VA (n=15632) l=0.4826 a=77.7, f1=70.7 (0.3s) | TE (n=17694) l=0.3263 a=82.0, f1=73.9 (0.5s)
2026-04-23 21:03:23 [INFO ] [e130/200 s128207] TR (n=165694) l=0.4775 a=84.5 f1=78.9 (9.5s)| VA (n=15632) l=0.9861 a=65.0, f1=57.5 (0.3s) | TE (n=17694) l=1.3076 a=69.9, f1=60.8 (0.5s)
2026-04-23 21:03:34 [INFO ] [e131/200 s129172] TR (n=165652) l=0.4804 a=84.7 f1=79.1 (9.6s)| VA (n=15632) l=0.6654 a=70.8, f1=58.2 (0.3s) | TE (n=17694) l=0.5119 a=76.0, f1=61.2 (0.5s)
2026-04-23 21:03:45 [INFO ] [e132/200 s130209] TR (n=165682) l=0.4595 a=84.4 f1=78.8 (9.9s)| VA (n=15632) l=0.4670 a=79.4, f1=73.9 (0.3s) | TE (n=17694) l=0.2790 a=86.1, f1=80.0 (0.6s)
2026-04-23 21:03:57 [INFO ] [e133/200 s131159] TR (n=165653) l=0.4689 a=84.6 f1=79.0 (9.7s)| VA (n=15632) l=0.5160 a=77.9, f1=71.2 (0.3s) | TE (n=17694) l=0.3445 a=82.4, f1=74.1 (0.6s)
2026-04-23 21:04:08 [INFO ] [e134/200 s132162] TR (n=165657) l=0.5235 a=84.2 f1=78.5 (9.9s)| VA (n=15632) l=0.8278 a=68.5, f1=58.1 (0.3s) | TE (n=17694) l=0.6369 a=71.8, f1=57.8 (0.6s)
2026-04-23 21:04:20 [INFO ] [e135/200 s133156] TR (n=165649) l=0.5136 a=84.0 f1=78.0 (9.8s)| VA (n=15632) l=1.3713 a=45.4, f1=37.9 (0.4s) | TE (n=17694) l=1.1387 a=55.4, f1=45.5 (0.6s)
2026-04-23 21:04:31 [INFO ] [e136/200 s134125] TR (n=165653) l=0.4616 a=84.6 f1=79.1 (9.9s)| VA (n=15632) l=0.8199 a=73.2, f1=61.1 (0.3s) | TE (n=17694) l=0.7440 a=73.7, f1=60.4 (0.6s)
2026-04-23 21:04:41 [INFO ] [e137/200 s135102] TR (n=165641) l=0.5024 a=84.4 f1=78.6 (9.0s)| VA (n=15632) l=0.7499 a=63.0, f1=52.4 (0.3s) | TE (n=17694) l=0.4668 a=74.7, f1=63.2 (0.6s)
2026-04-23 21:04:52 [INFO ] [e138/200 s136116] TR (n=165667) l=0.4608 a=84.6 f1=78.9 (9.6s)| VA (n=15632) l=0.4268 a=82.7, f1=77.7 (0.3s) | TE (n=17694) l=0.2372 a=89.4, f1=84.7 (0.6s)
2026-04-23 21:05:03 [INFO ] [e139/200 s137071] TR (n=165656) l=0.4886 a=84.6 f1=78.9 (9.1s)| VA (n=15632) l=0.6021 a=77.1, f1=70.4 (0.3s) | TE (n=17694) l=0.3433 a=84.9, f1=78.8 (0.5s)
2026-04-23 21:05:14 [INFO ] [e140/200 s138049] TR (n=165674) l=0.4730 a=84.6 f1=79.1 (9.6s)| VA (n=15632) l=0.5896 a=78.1, f1=73.3 (0.3s) | TE (n=17694) l=0.8481 a=79.4, f1=72.5 (0.6s)
2026-04-23 21:05:25 [INFO ] [e141/200 s139042] TR (n=165678) l=0.4723 a=84.5 f1=78.7 (9.1s)| VA (n=15632) l=0.5234 a=80.2, f1=75.8 (0.3s) | TE (n=17694) l=1.0718 a=79.4, f1=72.5 (0.5s)
2026-04-23 21:05:36 [INFO ] [e142/200 s140043] TR (n=165636) l=0.4691 a=84.9 f1=79.3 (9.6s)| VA (n=15632) l=0.6867 a=76.5, f1=69.0 (0.4s) | TE (n=17694) l=0.5042 a=82.2, f1=72.9 (0.6s)
2026-04-23 21:05:47 [INFO ] [e143/200 s141021] TR (n=165695) l=0.4760 a=84.4 f1=78.4 (8.8s)| VA (n=15632) l=0.7549 a=68.2, f1=63.8 (0.3s) | TE (n=17694) l=0.5557 a=76.2, f1=68.9 (0.5s)
2026-04-23 21:05:57 [INFO ] [e144/200 s142033] TR (n=165641) l=0.4800 a=84.9 f1=79.5 (9.3s)| VA (n=15632) l=0.5622 a=76.5, f1=68.4 (0.3s) | TE (n=17694) l=0.3393 a=82.5, f1=74.4 (0.6s)
2026-04-23 21:06:07 [INFO ] [e145/200 s143001] TR (n=165682) l=0.4659 a=84.8 f1=79.2 (8.8s)| VA (n=15632) l=1.1414 a=70.8, f1=59.0 (0.3s) | TE (n=17694) l=1.5661 a=69.4, f1=55.5 (0.5s)
2026-04-23 21:06:18 [INFO ] [e146/200 s143964] TR (n=165660) l=0.4943 a=84.7 f1=79.1 (9.1s)| VA (n=15632) l=0.5912 a=70.9, f1=66.0 (0.3s) | TE (n=17694) l=0.4203 a=80.3, f1=73.0 (0.6s)
2026-04-23 21:06:30 [INFO ] [e147/200 s144945] TR (n=165625) l=0.4832 a=84.6 f1=79.0 (9.9s)| VA (n=15632) l=0.9472 a=70.3, f1=60.9 (0.3s) | TE (n=17694) l=1.8973 a=65.0, f1=55.0 (0.6s)
2026-04-23 21:06:41 [INFO ] [e148/200 s145903] TR (n=165678) l=0.4786 a=84.5 f1=78.9 (9.6s)| VA (n=15632) l=0.4726 a=80.2, f1=76.0 (0.4s) | TE (n=17694) l=0.3079 a=86.2, f1=80.6 (0.6s)
2026-04-23 21:06:53 [INFO ] [e149/200 s146908] TR (n=165656) l=0.4571 a=84.9 f1=79.5 (10.0s)| VA (n=15632) l=1.9839 a=67.2, f1=62.6 (0.4s) | TE (n=17694) l=2.1349 a=70.3, f1=60.7 (0.6s)
2026-04-23 21:07:04 [INFO ] [e150/200 s147928] TR (n=165668) l=0.4743 a=84.9 f1=79.6 (10.0s)| VA (n=15632) l=1.4854 a=58.1, f1=48.0 (0.3s) | TE (n=17694) l=1.9138 a=65.2, f1=50.7 (0.5s)
2026-04-23 21:07:04 [INFO ] >> Confusion Matrix
2026-04-23 21:07:04 [INFO ] [[1880  331 1020    1  747]
 [ 110  646  249    0  477]
 [   2  450 6529    0  282]
 [   0    1 2164    0    0]
 [   1  137  193    0 2474]]
2026-04-23 21:07:15 [INFO ] [e151/200 s148938] TR (n=165662) l=0.4710 a=84.9 f1=79.3 (9.2s)| VA (n=15632) l=0.7165 a=67.5, f1=61.5 (0.3s) | TE (n=17694) l=0.5463 a=73.4, f1=63.8 (0.5s)
2026-04-23 21:07:25 [INFO ] [e152/200 s149919] TR (n=165659) l=0.4773 a=84.9 f1=79.5 (9.4s)| VA (n=15632) l=0.6810 a=68.6, f1=65.4 (0.3s) | TE (n=17694) l=0.3761 a=78.4, f1=70.5 (0.6s)
2026-04-23 21:07:36 [INFO ] [e153/200 s150857] TR (n=165691) l=0.4871 a=85.0 f1=79.6 (8.9s)| VA (n=15632) l=0.4802 a=80.6, f1=77.1 (0.3s) | TE (n=17694) l=0.2665 a=86.1, f1=81.2 (0.6s)
2026-04-23 21:07:47 [INFO ] [e154/200 s151855] TR (n=165648) l=0.4714 a=84.7 f1=79.1 (9.5s)| VA (n=15632) l=0.4771 a=80.3, f1=76.3 (0.3s) | TE (n=17694) l=0.3028 a=86.6, f1=81.4 (0.5s)
2026-04-23 21:07:59 [INFO ] [e155/200 s152893] TR (n=165672) l=0.4734 a=85.0 f1=79.4 (9.6s)| VA (n=15632) l=0.5663 a=75.6, f1=67.1 (0.3s) | TE (n=17694) l=0.3896 a=79.8, f1=68.2 (0.5s)
2026-04-23 21:08:10 [INFO ] [e156/200 s153840] TR (n=165680) l=0.4503 a=85.0 f1=79.4 (9.1s)| VA (n=15632) l=0.7150 a=75.1, f1=64.9 (0.3s) | TE (n=17694) l=0.7975 a=75.8, f1=64.3 (0.6s)
2026-04-23 21:08:21 [INFO ] [e157/200 s154842] TR (n=165637) l=0.4820 a=84.8 f1=79.2 (9.8s)| VA (n=15632) l=0.6904 a=69.9, f1=56.8 (0.3s) | TE (n=17694) l=0.4696 a=76.9, f1=62.9 (0.6s)
2026-04-23 21:08:32 [INFO ] [e158/200 s155808] TR (n=165672) l=0.4602 a=84.6 f1=78.9 (9.2s)| VA (n=15632) l=0.4848 a=80.1, f1=74.9 (0.3s) | TE (n=17694) l=0.3189 a=85.1, f1=77.1 (0.5s)
2026-04-23 21:08:42 [INFO ] [e159/200 s156745] TR (n=165659) l=0.4613 a=85.1 f1=79.6 (8.9s)| VA (n=15632) l=0.6602 a=70.4, f1=62.2 (0.3s) | TE (n=17694) l=0.5568 a=76.5, f1=66.5 (0.6s)
2026-04-23 21:08:53 [INFO ] [e160/200 s157698] TR (n=165676) l=0.4821 a=84.9 f1=79.4 (9.4s)| VA (n=15632) l=1.0996 a=66.5, f1=55.4 (0.3s) | TE (n=17694) l=1.1268 a=73.0, f1=61.1 (0.6s)
2026-04-23 21:09:04 [INFO ] [e161/200 s158634] TR (n=165660) l=0.4590 a=84.9 f1=79.2 (9.3s)| VA (n=15632) l=0.4592 a=80.9, f1=77.8 (0.3s) | TE (n=17694) l=0.2336 a=88.2, f1=84.1 (0.6s)
2026-04-23 21:09:16 [INFO ] [e162/200 s159636] TR (n=165644) l=0.4450 a=85.2 f1=80.1 (10.1s)| VA (n=15632) l=0.5444 a=77.5, f1=69.6 (0.3s) | TE (n=17694) l=0.3594 a=81.9, f1=72.8 (0.6s)
2026-04-23 21:09:28 [INFO ] [e163/200 s160594] TR (n=165677) l=0.4467 a=85.0 f1=79.5 (9.8s)| VA (n=15632) l=1.0227 a=54.8, f1=50.8 (0.4s) | TE (n=17694) l=0.4553 a=73.3, f1=69.9 (0.7s)
2026-04-23 21:09:39 [INFO ] [e164/200 s161606] TR (n=165658) l=0.4877 a=84.9 f1=79.5 (9.7s)| VA (n=15632) l=0.6448 a=71.3, f1=68.1 (0.3s) | TE (n=17694) l=0.3252 a=82.6, f1=79.3 (0.5s)
2026-04-23 21:09:50 [INFO ] [e165/200 s162606] TR (n=165674) l=0.4851 a=85.0 f1=79.6 (9.6s)| VA (n=15632) l=1.6845 a=42.5, f1=32.5 (0.3s) | TE (n=17694) l=1.2023 a=63.2, f1=50.8 (0.6s)
2026-04-23 21:10:00 [INFO ] [e166/200 s163581] TR (n=165651) l=0.4749 a=85.0 f1=79.5 (9.1s)| VA (n=15632) l=0.8160 a=60.7, f1=60.1 (0.3s) | TE (n=17694) l=0.4837 a=79.3, f1=76.2 (0.6s)
2026-04-23 21:10:12 [INFO ] [e167/200 s164591] TR (n=165642) l=0.4729 a=84.7 f1=79.2 (10.1s)| VA (n=15632) l=0.7404 a=70.3, f1=63.4 (0.3s) | TE (n=17694) l=0.4689 a=80.2, f1=71.7 (0.6s)
2026-04-23 21:10:23 [INFO ] [e168/200 s165591] TR (n=165688) l=0.4586 a=85.1 f1=79.6 (9.7s)| VA (n=15632) l=0.6244 a=74.6, f1=60.9 (0.3s) | TE (n=17694) l=0.6688 a=75.1, f1=59.2 (0.5s)
2026-04-23 21:10:35 [INFO ] [e169/200 s166624] TR (n=165642) l=0.4592 a=85.0 f1=79.5 (10.1s)| VA (n=15632) l=0.6023 a=75.3, f1=62.8 (0.3s) | TE (n=17694) l=0.4810 a=79.4, f1=65.5 (0.5s)
2026-04-23 21:10:45 [INFO ] [e170/200 s167577] TR (n=165641) l=0.4710 a=85.2 f1=79.9 (8.9s)| VA (n=15632) l=0.6545 a=76.1, f1=69.4 (0.3s) | TE (n=17694) l=0.5594 a=81.5, f1=74.1 (0.6s)
2026-04-23 21:10:57 [INFO ] [e171/200 s168599] TR (n=165670) l=0.4573 a=85.3 f1=79.9 (9.8s)| VA (n=15632) l=0.6733 a=74.6, f1=63.7 (0.3s) | TE (n=17694) l=0.5437 a=78.7, f1=66.0 (0.5s)
2026-04-23 21:11:07 [INFO ] [e172/200 s169590] TR (n=165637) l=0.4709 a=85.1 f1=79.9 (9.1s)| VA (n=15632) l=0.7535 a=64.3, f1=58.6 (0.3s) | TE (n=17694) l=0.3851 a=78.4, f1=70.9 (0.5s)
2026-04-23 21:11:19 [INFO ] [e173/200 s170624] TR (n=165663) l=0.4543 a=85.2 f1=79.9 (10.4s)| VA (n=15632) l=1.6456 a=64.0, f1=49.3 (0.3s) | TE (n=17694) l=2.4187 a=61.1, f1=42.8 (0.6s)
2026-04-23 21:11:30 [INFO ] [e174/200 s171592] TR (n=165655) l=0.4473 a=85.5 f1=80.1 (9.8s)| VA (n=15632) l=1.1415 a=66.6, f1=53.6 (0.3s) | TE (n=17694) l=1.5871 a=63.9, f1=48.1 (0.6s)
2026-04-23 21:11:41 [INFO ] [e175/200 s172536] TR (n=165695) l=0.4803 a=85.2 f1=79.7 (9.4s)| VA (n=15632) l=0.4733 a=80.3, f1=77.1 (0.3s) | TE (n=17694) l=0.2581 a=88.0, f1=83.6 (0.6s)
2026-04-23 21:11:53 [INFO ] [e176/200 s173539] TR (n=165647) l=0.4702 a=85.1 f1=79.9 (9.8s)| VA (n=15632) l=0.4617 a=80.1, f1=75.2 (0.4s) | TE (n=17694) l=0.3050 a=87.3, f1=82.2 (0.6s)
2026-04-23 21:12:04 [INFO ] [e177/200 s174577] TR (n=165632) l=0.4620 a=85.3 f1=79.9 (9.3s)| VA (n=15632) l=0.6119 a=73.3, f1=67.8 (0.3s) | TE (n=17694) l=0.4271 a=80.8, f1=72.5 (0.6s)
2026-04-23 21:12:14 [INFO ] [e178/200 s175514] TR (n=165657) l=0.4424 a=85.3 f1=80.0 (9.1s)| VA (n=15632) l=0.6569 a=70.4, f1=60.1 (0.3s) | TE (n=17694) l=0.4310 a=78.7, f1=66.3 (0.5s)
2026-04-23 21:12:25 [INFO ] [e179/200 s176529] TR (n=165671) l=0.4569 a=85.1 f1=79.6 (9.4s)| VA (n=15632) l=1.1257 a=50.8, f1=40.9 (0.3s) | TE (n=17694) l=0.5972 a=69.7, f1=56.8 (0.5s)
2026-04-23 21:12:36 [INFO ] [e180/200 s177540] TR (n=165636) l=0.4458 a=85.3 f1=79.9 (9.7s)| VA (n=15632) l=0.5882 a=72.7, f1=64.1 (0.3s) | TE (n=17694) l=0.3934 a=80.2, f1=70.7 (0.6s)
2026-04-23 21:12:47 [INFO ] [e181/200 s178517] TR (n=165627) l=0.4403 a=85.3 f1=80.0 (9.7s)| VA (n=15632) l=0.6305 a=73.6, f1=68.1 (0.3s) | TE (n=17694) l=0.3313 a=84.9, f1=79.3 (0.5s)
2026-04-23 21:12:58 [INFO ] [e182/200 s179454] TR (n=165675) l=0.4303 a=85.4 f1=80.1 (9.0s)| VA (n=15632) l=0.4760 a=78.1, f1=71.6 (0.3s) | TE (n=17694) l=0.3505 a=82.9, f1=75.0 (0.6s)
2026-04-23 21:13:09 [INFO ] [e183/200 s180470] TR (n=165631) l=0.4460 a=85.4 f1=80.2 (9.5s)| VA (n=15632) l=0.5335 a=76.4, f1=70.7 (0.3s) | TE (n=17694) l=0.3287 a=80.2, f1=73.5 (0.5s)
2026-04-23 21:13:20 [INFO ] [e184/200 s181430] TR (n=165676) l=0.4525 a=85.3 f1=80.1 (9.4s)| VA (n=15632) l=0.7082 a=72.8, f1=63.7 (0.3s) | TE (n=17694) l=0.8019 a=73.5, f1=60.9 (0.6s)
2026-04-23 21:13:31 [INFO ] [e185/200 s182444] TR (n=165659) l=0.4488 a=85.4 f1=80.3 (9.5s)| VA (n=15632) l=0.8174 a=68.9, f1=56.5 (0.3s) | TE (n=17694) l=0.8502 a=70.0, f1=53.5 (0.5s)
2026-04-23 21:13:41 [INFO ] [e186/200 s183401] TR (n=165670) l=0.4851 a=85.3 f1=79.9 (9.3s)| VA (n=15632) l=0.9051 a=71.1, f1=64.4 (0.3s) | TE (n=17694) l=0.8550 a=71.2, f1=62.9 (0.6s)
2026-04-23 21:13:53 [INFO ] [e187/200 s184376] TR (n=165640) l=0.4635 a=85.3 f1=80.1 (9.7s)| VA (n=15632) l=0.7718 a=67.5, f1=59.9 (0.3s) | TE (n=17694) l=0.5649 a=77.4, f1=65.4 (0.6s)
2026-04-23 21:14:05 [INFO ] [e188/200 s185403] TR (n=165647) l=0.4514 a=85.2 f1=79.8 (10.4s)| VA (n=15632) l=2.0442 a=57.4, f1=51.5 (0.3s) | TE (n=17694) l=1.7599 a=59.1, f1=45.2 (0.6s)
2026-04-23 21:14:16 [INFO ] [e189/200 s186381] TR (n=165669) l=0.4544 a=84.8 f1=79.2 (9.5s)| VA (n=15632) l=1.0412 a=59.1, f1=54.3 (0.3s) | TE (n=17694) l=0.4577 a=79.4, f1=72.2 (0.6s)
2026-04-23 21:14:27 [INFO ] [e190/200 s187391] TR (n=165663) l=0.4593 a=85.0 f1=79.6 (9.5s)| VA (n=15632) l=0.6539 a=70.3, f1=60.4 (0.3s) | TE (n=17694) l=0.4003 a=77.9, f1=67.8 (0.6s)
2026-04-23 21:14:37 [INFO ] [e191/200 s188332] TR (n=165664) l=0.4634 a=85.2 f1=79.9 (8.5s)| VA (n=15632) l=0.5124 a=77.0, f1=70.4 (0.3s) | TE (n=17694) l=0.5802 a=78.9, f1=70.6 (0.6s)
2026-04-23 21:14:48 [INFO ] [e192/200 s189345] TR (n=165675) l=0.4659 a=85.1 f1=79.7 (9.7s)| VA (n=15632) l=0.4694 a=78.0, f1=71.4 (0.3s) | TE (n=17694) l=0.2938 a=82.7, f1=76.0 (0.5s)
2026-04-23 21:14:59 [INFO ] [e193/200 s190376] TR (n=165675) l=0.4278 a=85.6 f1=80.4 (9.7s)| VA (n=15632) l=0.5327 a=77.5, f1=70.6 (0.3s) | TE (n=17694) l=0.3248 a=84.6, f1=78.2 (0.5s)
2026-04-23 21:15:11 [INFO ] [e194/200 s191392] TR (n=165648) l=0.4721 a=85.4 f1=79.9 (10.0s)| VA (n=15632) l=0.5908 a=68.8, f1=68.5 (0.3s) | TE (n=17694) l=0.2729 a=85.8, f1=80.8 (0.5s)
2026-04-23 21:15:22 [INFO ] [e195/200 s192373] TR (n=165632) l=0.4290 a=85.0 f1=79.5 (9.7s)| VA (n=15632) l=0.5981 a=75.2, f1=64.1 (0.3s) | TE (n=17694) l=0.4925 a=79.1, f1=65.6 (0.6s)
2026-04-23 21:15:33 [INFO ] [e196/200 s193331] TR (n=165657) l=0.4364 a=85.6 f1=80.5 (9.3s)| VA (n=15632) l=0.4265 a=82.0, f1=79.2 (0.3s) | TE (n=17694) l=0.2958 a=86.2, f1=80.8 (0.5s)
2026-04-23 21:15:33 [INFO ] Saved best checkpoint to out_sleepedfx/train/0/best_ckpt/best_model.ckpt
2026-04-23 21:15:44 [INFO ] [e197/200 s194352] TR (n=165628) l=0.4661 a=85.3 f1=80.1 (9.7s)| VA (n=15632) l=0.6908 a=67.0, f1=55.1 (0.3s) | TE (n=17694) l=0.4454 a=74.8, f1=63.1 (0.6s)
2026-04-23 21:15:55 [INFO ] [e198/200 s195319] TR (n=165666) l=0.4232 a=85.6 f1=80.3 (9.4s)| VA (n=15632) l=0.5921 a=74.4, f1=67.2 (0.3s) | TE (n=17694) l=0.4018 a=80.6, f1=71.9 (0.6s)
2026-04-23 21:16:06 [INFO ] [e199/200 s196297] TR (n=165643) l=0.4357 a=85.3 f1=80.1 (9.4s)| VA (n=15632) l=0.6269 a=73.8, f1=65.1 (0.3s) | TE (n=17694) l=0.4044 a=78.8, f1=67.7 (0.6s)
2026-04-23 21:16:17 [INFO ] [e200/200 s197321] TR (n=165643) l=0.4166 a=85.6 f1=80.4 (9.9s)| VA (n=15632) l=0.6205 a=74.3, f1=66.8 (0.3s) | TE (n=17694) l=0.4081 a=79.3, f1=69.7 (0.6s)
2026-04-23 21:16:17 [INFO ] >> Confusion Matrix
2026-04-23 21:16:17 [INFO ] [[3805  109   42    4   19]
 [ 329  654  329    0  170]
 [  12  209 7000    1   41]
 [   3    1 1534  627    0]
 [   3  239  623    0 1940]]
2026-04-23 21:16:17 [INFO ] Load generated SIDs from sleepedfx.txt
2026-04-23 21:16:17 [INFO ] SIDs (78): [ 0  1  2  3  4  5  6  7  8  9 10 11 12 13 14 15 16 17 18 19 20 21 22 23
 24 25 26 27 28 29 30 31 32 33 34 35 36 37 38 40 41 42 43 44 45 46 47 48
 49 50 51 52 53 54 55 56 57 58 59 60 61 62 63 64 65 66 67 70 71 72 73 74
 75 76 77 80 81 82]
2026-04-23 21:16:17 [INFO ] Train SIDs: (63) [ 0  1  2  3  4  6  7 16 17 18 19 20 22 23 24 25 26 27 28 29 30 31 32 33
 34 35 36 37 38 40 41 42 43 44 45 46 47 48 49 52 53 55 56 57 58 59 60 61
 63 64 65 66 67 70 71 72 73 75 76 77 80 81 82]
2026-04-23 21:16:17 [INFO ] Valid SIDs: (7) [51 62 54 50 21  5 74]
2026-04-23 21:16:17 [INFO ] Test SIDs: (8) [ 8  9 10 11 12 13 14 15]
2026-04-23 21:16:20 [INFO ] Training set (n_night_sleeps=124)
2026-04-23 21:16:20 [INFO ] (841, 3000, 1, 1)
2026-04-23 21:16:20 [INFO ] (1127, 3000, 1, 1)
2026-04-23 21:16:20 [INFO ] (1103, 3000, 1, 1)
2026-04-23 21:16:20 [INFO ] (2265, 3000, 1, 1)
2026-04-23 21:16:20 [INFO ] (1025, 3000, 1, 1)
2026-04-23 21:16:20 [INFO ] (1009, 3000, 1, 1)
2026-04-23 21:16:20 [INFO ] (952, 3000, 1, 1)
2026-04-23 21:16:20 [INFO ] (911, 3000, 1, 1)
2026-04-23 21:16:20 [INFO ] (1235, 3000, 1, 1)
2026-04-23 21:16:20 [INFO ] (1200, 3000, 1, 1)
2026-04-23 21:16:20 [INFO ] (843, 3000, 1, 1)
2026-04-23 21:16:20 [INFO ] (1016, 3000, 1, 1)
2026-04-23 21:16:20 [INFO ] (976, 3000, 1, 1)
2026-04-23 21:16:20 [INFO ] (1273, 3000, 1, 1)
2026-04-23 21:16:20 [INFO ] (1144, 3000, 1, 1)
2026-04-23 21:16:20 [INFO ] (1003, 3000, 1, 1)
2026-04-23 21:16:20 [INFO ] (1002, 3000, 1, 1)
2026-04-23 21:16:20 [INFO ] (1773, 3000, 1, 1)
2026-04-23 21:16:20 [INFO ] (964, 3000, 1, 1)
2026-04-23 21:16:20 [INFO ] (920, 3000, 1, 1)
2026-04-23 21:16:20 [INFO ] (1535, 3000, 1, 1)
2026-04-23 21:16:20 [INFO ] (1274, 3000, 1, 1)
2026-04-23 21:16:20 [INFO ] (1022, 3000, 1, 1)
2026-04-23 21:16:20 [INFO ] (1021, 3000, 1, 1)
2026-04-23 21:16:20 [INFO ] (1099, 3000, 1, 1)
2026-04-23 21:16:20 [INFO ] (1108, 3000, 1, 1)
2026-04-23 21:16:20 [INFO ] (904, 3000, 1, 1)
2026-04-23 21:16:20 [INFO ] (1729, 3000, 1, 1)
2026-04-23 21:16:20 [INFO ] (1673, 3000, 1, 1)
2026-04-23 21:16:20 [INFO ] (1775, 3000, 1, 1)
2026-04-23 21:16:20 [INFO ] (972, 3000, 1, 1)
2026-04-23 21:16:20 [INFO ] (1020, 3000, 1, 1)
2026-04-23 21:16:20 [INFO ] (1597, 3000, 1, 1)
2026-04-23 21:16:20 [INFO ] (980, 3000, 1, 1)
2026-04-23 21:16:20 [INFO ] (1052, 3000, 1, 1)
2026-04-23 21:16:20 [INFO ] (1090, 3000, 1, 1)
2026-04-23 21:16:20 [INFO ] (1127, 3000, 1, 1)
2026-04-23 21:16:20 [INFO ] (1070, 3000, 1, 1)
2026-04-23 21:16:20 [INFO ] (1131, 3000, 1, 1)
2026-04-23 21:16:20 [INFO ] (1605, 3000, 1, 1)
2026-04-23 21:16:20 [INFO ] (929, 3000, 1, 1)
2026-04-23 21:16:20 [INFO ] (854, 3000, 1, 1)
2026-04-23 21:16:20 [INFO ] (1054, 3000, 1, 1)
2026-04-23 21:16:20 [INFO ] (1181, 3000, 1, 1)
2026-04-23 21:16:20 [INFO ] (1560, 3000, 1, 1)
2026-04-23 21:16:20 [INFO ] (1021, 3000, 1, 1)
2026-04-23 21:16:20 [INFO ] (1888, 3000, 1, 1)
2026-04-23 21:16:20 [INFO ] (1312, 3000, 1, 1)
2026-04-23 21:16:20 [INFO ] (1501, 3000, 1, 1)
2026-04-23 21:16:20 [INFO ] (1582, 3000, 1, 1)
2026-04-23 21:16:20 [INFO ] (976, 3000, 1, 1)
2026-04-23 21:16:20 [INFO ] (963, 3000, 1, 1)
2026-04-23 21:16:20 [INFO ] (824, 3000, 1, 1)
2026-04-23 21:16:20 [INFO ] (918, 3000, 1, 1)
2026-04-23 21:16:20 [INFO ] (1509, 3000, 1, 1)
2026-04-23 21:16:20 [INFO ] (1776, 3000, 1, 1)
2026-04-23 21:16:20 [INFO ] (1871, 3000, 1, 1)
2026-04-23 21:16:20 [INFO ] (1064, 3000, 1, 1)
2026-04-23 21:16:20 [INFO ] (1072, 3000, 1, 1)
2026-04-23 21:16:20 [INFO ] (1078, 3000, 1, 1)
2026-04-23 21:16:20 [INFO ] (1939, 3000, 1, 1)
2026-04-23 21:16:20 [INFO ] (785, 3000, 1, 1)
2026-04-23 21:16:20 [INFO ] (884, 3000, 1, 1)
2026-04-23 21:16:20 [INFO ] (1594, 3000, 1, 1)
2026-04-23 21:16:20 [INFO ] (962, 3000, 1, 1)
2026-04-23 21:16:20 [INFO ] (1195, 3000, 1, 1)
2026-04-23 21:16:20 [INFO ] (1092, 3000, 1, 1)
2026-04-23 21:16:20 [INFO ] (1208, 3000, 1, 1)
2026-04-23 21:16:20 [INFO ] (1166, 3000, 1, 1)
2026-04-23 21:16:20 [INFO ] (983, 3000, 1, 1)
2026-04-23 21:16:20 [INFO ] (1022, 3000, 1, 1)
2026-04-23 21:16:20 [INFO ] (1187, 3000, 1, 1)
2026-04-23 21:16:20 [INFO ] (2161, 3000, 1, 1)
2026-04-23 21:16:20 [INFO ] (2027, 3000, 1, 1)
2026-04-23 21:16:20 [INFO ] (1910, 3000, 1, 1)
2026-04-23 21:16:20 [INFO ] (1101, 3000, 1, 1)
2026-04-23 21:16:20 [INFO ] (1040, 3000, 1, 1)
2026-04-23 21:16:20 [INFO ] (997, 3000, 1, 1)
2026-04-23 21:16:20 [INFO ] (1096, 3000, 1, 1)
2026-04-23 21:16:20 [INFO ] (1056, 3000, 1, 1)
2026-04-23 21:16:20 [INFO ] (1047, 3000, 1, 1)
2026-04-23 21:16:20 [INFO ] (1090, 3000, 1, 1)
2026-04-23 21:16:20 [INFO ] (1237, 3000, 1, 1)
2026-04-23 21:16:20 [INFO ] (1148, 3000, 1, 1)
2026-04-23 21:16:20 [INFO ] (1287, 3000, 1, 1)
2026-04-23 21:16:20 [INFO ] (1095, 3000, 1, 1)
2026-04-23 21:16:20 [INFO ] (1095, 3000, 1, 1)
2026-04-23 21:16:20 [INFO ] (1175, 3000, 1, 1)
2026-04-23 21:16:20 [INFO ] (1840, 3000, 1, 1)
2026-04-23 21:16:20 [INFO ] (1231, 3000, 1, 1)
2026-04-23 21:16:20 [INFO ] (1349, 3000, 1, 1)
2026-04-23 21:16:20 [INFO ] (2043, 3000, 1, 1)
2026-04-23 21:16:20 [INFO ] (1652, 3000, 1, 1)
2026-04-23 21:16:20 [INFO ] (1062, 3000, 1, 1)
2026-04-23 21:16:20 [INFO ] (1063, 3000, 1, 1)
2026-04-23 21:16:20 [INFO ] (1107, 3000, 1, 1)
2026-04-23 21:16:20 [INFO ] (1271, 3000, 1, 1)
2026-04-23 21:16:20 [INFO ] (2049, 3000, 1, 1)
2026-04-23 21:16:20 [INFO ] (2644, 3000, 1, 1)
2026-04-23 21:16:20 [INFO ] (1929, 3000, 1, 1)
2026-04-23 21:16:20 [INFO ] (2026, 3000, 1, 1)
2026-04-23 21:16:20 [INFO ] (1994, 3000, 1, 1)
2026-04-23 21:16:20 [INFO ] (1968, 3000, 1, 1)
2026-04-23 21:16:20 [INFO ] (1021, 3000, 1, 1)
2026-04-23 21:16:20 [INFO ] (1717, 3000, 1, 1)
2026-04-23 21:16:20 [INFO ] (1515, 3000, 1, 1)
2026-04-23 21:16:20 [INFO ] (1413, 3000, 1, 1)
2026-04-23 21:16:20 [INFO ] (1241, 3000, 1, 1)
2026-04-23 21:16:20 [INFO ] (1031, 3000, 1, 1)
2026-04-23 21:16:20 [INFO ] (1130, 3000, 1, 1)
2026-04-23 21:16:20 [INFO ] (2667, 3000, 1, 1)
2026-04-23 21:16:20 [INFO ] (2318, 3000, 1, 1)
2026-04-23 21:16:20 [INFO ] (2044, 3000, 1, 1)
2026-04-23 21:16:20 [INFO ] (1049, 3000, 1, 1)
2026-04-23 21:16:20 [INFO ] (1683, 3000, 1, 1)
2026-04-23 21:16:20 [INFO ] (2662, 3000, 1, 1)
2026-04-23 21:16:20 [INFO ] (1325, 3000, 1, 1)
2026-04-23 21:16:20 [INFO ] (1324, 3000, 1, 1)
2026-04-23 21:16:20 [INFO ] (1241, 3000, 1, 1)
2026-04-23 21:16:20 [INFO ] (1229, 3000, 1, 1)
2026-04-23 21:16:20 [INFO ] (1293, 3000, 1, 1)
2026-04-23 21:16:20 [INFO ] (1183, 3000, 1, 1)
2026-04-23 21:16:20 [INFO ] (1704, 3000, 1, 1)
2026-04-23 21:16:20 [INFO ] (1366, 3000, 1, 1)
2026-04-23 21:16:20 [INFO ] W: 59240
2026-04-23 21:16:20 [INFO ] N1: 18130
2026-04-23 21:16:20 [INFO ] N2: 55829
2026-04-23 21:16:20 [INFO ] N3: 10383
2026-04-23 21:16:20 [INFO ] REM: 20680
2026-04-23 21:16:20 [INFO ] Validation set (n_night_sleeps=14)
2026-04-23 21:16:20 [INFO ] (1087, 3000, 1, 1)
2026-04-23 21:16:20 [INFO ] (954, 3000, 1, 1)
2026-04-23 21:16:20 [INFO ] (1445, 3000, 1, 1)
2026-04-23 21:16:20 [INFO ] (1823, 3000, 1, 1)
2026-04-23 21:16:20 [INFO ] (1716, 3000, 1, 1)
2026-04-23 21:16:20 [INFO ] (1148, 3000, 1, 1)
2026-04-23 21:16:20 [INFO ] (1326, 3000, 1, 1)
2026-04-23 21:16:20 [INFO ] (1103, 3000, 1, 1)
2026-04-23 21:16:20 [INFO ] (1578, 3000, 1, 1)
2026-04-23 21:16:20 [INFO ] (808, 3000, 1, 1)
2026-04-23 21:16:20 [INFO ] (672, 3000, 1, 1)
2026-04-23 21:16:20 [INFO ] (1246, 3000, 1, 1)
2026-04-23 21:16:20 [INFO ] (2210, 3000, 1, 1)
2026-04-23 21:16:20 [INFO ] (1063, 3000, 1, 1)
2026-04-23 21:16:20 [INFO ] W: 6475
2026-04-23 21:16:20 [INFO ] N1: 2602
2026-04-23 21:16:20 [INFO ] N2: 6634
2026-04-23 21:16:20 [INFO ] N3: 491
2026-04-23 21:16:20 [INFO ] REM: 1977
2026-04-23 21:16:20 [INFO ] Test set (n_night_sleeps=15)
2026-04-23 21:16:20 [INFO ] (1134, 3000, 1, 1)
2026-04-23 21:16:20 [INFO ] (1054, 3000, 1, 1)
2026-04-23 21:16:20 [INFO ] (1132, 3000, 1, 1)
2026-04-23 21:16:20 [INFO ] (1207, 3000, 1, 1)
2026-04-23 21:16:20 [INFO ] (1104, 3000, 1, 1)
2026-04-23 21:16:20 [INFO ] (1092, 3000, 1, 1)
2026-04-23 21:16:20 [INFO ] (928, 3000, 1, 1)
2026-04-23 21:16:20 [INFO ] (802, 3000, 1, 1)
2026-04-23 21:16:20 [INFO ] (1783, 3000, 1, 1)
2026-04-23 21:16:20 [INFO ] (977, 3000, 1, 1)
2026-04-23 21:16:20 [INFO ] (1028, 3000, 1, 1)
2026-04-23 21:16:20 [INFO ] (1004, 3000, 1, 1)
2026-04-23 21:16:20 [INFO ] (952, 3000, 1, 1)
2026-04-23 21:16:20 [INFO ] (952, 3000, 1, 1)
2026-04-23 21:16:20 [INFO ] (1762, 3000, 1, 1)
2026-04-23 21:16:20 [INFO ] W: 4109
2026-04-23 21:16:20 [INFO ] N1: 790
2026-04-23 21:16:20 [INFO ] N2: 6669
2026-04-23 21:16:20 [INFO ] N3: 2165
2026-04-23 21:16:20 [INFO ] REM: 3178
2026-04-23 21:16:20 [INFO ]   Weighted cross entropy: True
2026-04-23 21:16:20 [INFO ]   Weighted cross entropy: [1.  1.5 1.  1.  1. ]
2026-04-23 21:16:20 [INFO ] using device 0
2026-04-23 21:16:20 [INFO ] Data Augmentation
2026-04-23 21:16:20 [INFO ]   Sequence: True
2026-04-23 21:16:20 [INFO ]   Signal full: True
2026-04-23 21:16:31 [INFO ] [e1/200 s977] TR (n=163882) l=1.2919 a=52.8 f1=31.0 (9.6s)| VA (n=18179) l=1.4585 a=51.7, f1=24.7 (0.4s) | TE (n=16911) l=1.3528 a=53.6, f1=26.6 (0.3s)
2026-04-23 21:16:31 [INFO ] Saved best checkpoint to out_sleepedfx/train/1/best_ckpt/best_model.ckpt
2026-04-23 21:16:42 [INFO ] [e2/200 s2002] TR (n=163901) l=0.9809 a=64.4 f1=47.0 (9.8s)| VA (n=18179) l=1.5406 a=41.7, f1=18.8 (0.4s) | TE (n=16911) l=1.5231 a=34.8, f1=19.7 (0.3s)
2026-04-23 21:16:53 [INFO ] [e3/200 s2989] TR (n=163885) l=0.9656 a=66.5 f1=53.8 (9.5s)| VA (n=18179) l=2.5840 a=38.0, f1=16.3 (0.4s) | TE (n=16911) l=2.7666 a=39.5, f1=11.5 (0.3s)
2026-04-23 21:17:03 [INFO ] [e4/200 s3925] TR (n=163899) l=0.8993 a=68.5 f1=57.2 (8.6s)| VA (n=18179) l=3.3472 a=36.7, f1=11.5 (0.4s) | TE (n=16911) l=3.1567 a=39.4, f1=11.3 (0.3s)
2026-04-23 21:17:14 [INFO ] [e5/200 s4935] TR (n=163891) l=0.8631 a=68.8 f1=58.5 (9.9s)| VA (n=18179) l=1.7869 a=38.4, f1=15.7 (0.4s) | TE (n=16911) l=2.8977 a=24.8, f1=10.2 (0.3s)
2026-04-23 21:17:25 [INFO ] [e6/200 s5952] TR (n=163848) l=0.9000 a=70.5 f1=61.1 (9.5s)| VA (n=18179) l=0.8102 a=66.2, f1=41.3 (0.4s) | TE (n=16911) l=0.7593 a=62.5, f1=42.9 (0.3s)
2026-04-23 21:17:25 [INFO ] Saved best checkpoint to out_sleepedfx/train/1/best_ckpt/best_model.ckpt
2026-04-23 21:17:36 [INFO ] [e7/200 s6972] TR (n=163875) l=0.7728 a=71.6 f1=61.9 (9.7s)| VA (n=18179) l=0.7111 a=72.7, f1=47.1 (0.4s) | TE (n=16911) l=1.1167 a=57.4, f1=37.3 (0.3s)
2026-04-23 21:17:36 [INFO ] Saved best checkpoint to out_sleepedfx/train/1/best_ckpt/best_model.ckpt
2026-04-23 21:17:47 [INFO ] [e8/200 s7961] TR (n=163884) l=0.7889 a=71.9 f1=62.7 (9.2s)| VA (n=18179) l=0.6700 a=73.3, f1=53.5 (0.4s) | TE (n=16911) l=1.1107 a=55.9, f1=44.5 (0.3s)
2026-04-23 21:17:47 [INFO ] Saved best checkpoint to out_sleepedfx/train/1/best_ckpt/best_model.ckpt
2026-04-23 21:17:57 [INFO ] [e9/200 s8974] TR (n=163911) l=0.7820 a=73.2 f1=64.4 (9.6s)| VA (n=18179) l=1.7233 a=30.5, f1=22.4 (0.4s) | TE (n=16911) l=1.7745 a=35.1, f1=20.7 (0.3s)
2026-04-23 21:18:08 [INFO ] [e10/200 s9981] TR (n=163888) l=0.7779 a=73.9 f1=65.9 (9.3s)| VA (n=18179) l=0.8890 a=66.4, f1=52.6 (0.4s) | TE (n=16911) l=0.6653 a=76.1, f1=63.7 (0.3s)
2026-04-23 21:18:19 [INFO ] [e11/200 s10932] TR (n=163913) l=0.7296 a=75.5 f1=67.5 (9.0s)| VA (n=18179) l=0.8656 a=62.6, f1=44.7 (0.4s) | TE (n=16911) l=0.7708 a=63.7, f1=53.5 (0.3s)
2026-04-23 21:18:29 [INFO ] [e12/200 s11923] TR (n=163903) l=0.7066 a=76.3 f1=68.5 (9.3s)| VA (n=18179) l=0.8356 a=64.8, f1=47.2 (0.4s) | TE (n=16911) l=0.9037 a=60.5, f1=45.6 (0.3s)
2026-04-23 21:18:40 [INFO ] [e13/200 s12895] TR (n=163873) l=0.7087 a=76.5 f1=68.9 (9.7s)| VA (n=18179) l=1.6895 a=26.7, f1=21.3 (0.4s) | TE (n=16911) l=2.2815 a=22.2, f1=11.7 (0.3s)
2026-04-23 21:18:51 [INFO ] [e14/200 s13875] TR (n=163892) l=0.7163 a=77.2 f1=69.9 (9.9s)| VA (n=18179) l=0.7213 a=70.4, f1=49.8 (0.4s) | TE (n=16911) l=1.1947 a=56.9, f1=43.9 (0.3s)
2026-04-23 21:19:02 [INFO ] [e15/200 s14859] TR (n=163886) l=0.7255 a=77.6 f1=70.7 (9.6s)| VA (n=18179) l=1.4100 a=46.9, f1=33.8 (0.4s) | TE (n=16911) l=1.4428 a=46.0, f1=33.5 (0.3s)
2026-04-23 21:19:13 [INFO ] [e16/200 s15816] TR (n=163919) l=0.6829 a=78.2 f1=71.0 (9.2s)| VA (n=18179) l=2.1112 a=36.0, f1=27.1 (0.4s) | TE (n=16911) l=2.4109 a=39.5, f1=21.9 (0.3s)
2026-04-23 21:19:24 [INFO ] [e17/200 s16827] TR (n=163901) l=0.6407 a=78.2 f1=71.1 (9.9s)| VA (n=18179) l=0.6168 a=78.7, f1=56.3 (0.4s) | TE (n=16911) l=0.9191 a=67.9, f1=50.9 (0.3s)
2026-04-23 21:19:24 [INFO ] Saved best checkpoint to out_sleepedfx/train/1/best_ckpt/best_model.ckpt
2026-04-23 21:19:35 [INFO ] [e18/200 s17822] TR (n=163876) l=0.6544 a=79.4 f1=72.4 (9.5s)| VA (n=18179) l=2.5317 a=39.3, f1=23.2 (0.4s) | TE (n=16911) l=2.4451 a=46.9, f1=27.6 (0.3s)
2026-04-23 21:19:45 [INFO ] [e19/200 s18783] TR (n=163875) l=0.6756 a=79.0 f1=72.2 (9.4s)| VA (n=18179) l=0.6834 a=73.8, f1=53.6 (0.4s) | TE (n=16911) l=0.8735 a=75.2, f1=57.7 (0.3s)
2026-04-23 21:19:56 [INFO ] [e20/200 s19794] TR (n=163886) l=0.6118 a=79.1 f1=72.2 (9.6s)| VA (n=18179) l=0.8920 a=58.6, f1=52.9 (0.4s) | TE (n=16911) l=1.0289 a=58.1, f1=53.5 (0.3s)
2026-04-23 21:20:07 [INFO ] [e21/200 s20774] TR (n=163882) l=0.6095 a=79.3 f1=72.3 (9.3s)| VA (n=18179) l=1.0911 a=61.6, f1=45.3 (0.4s) | TE (n=16911) l=1.5834 a=54.7, f1=34.4 (0.3s)
2026-04-23 21:20:18 [INFO ] [e22/200 s21801] TR (n=163891) l=0.6209 a=79.9 f1=72.9 (9.6s)| VA (n=18179) l=0.9230 a=65.1, f1=49.7 (0.4s) | TE (n=16911) l=0.5171 a=77.2, f1=67.2 (0.3s)
2026-04-23 21:20:29 [INFO ] [e23/200 s22808] TR (n=163853) l=0.6631 a=80.0 f1=73.4 (9.7s)| VA (n=18179) l=0.6859 a=71.2, f1=52.2 (0.4s) | TE (n=16911) l=0.7391 a=69.0, f1=53.8 (0.3s)
2026-04-23 21:20:39 [INFO ] [e24/200 s23800] TR (n=163893) l=0.6154 a=79.8 f1=73.1 (9.2s)| VA (n=18179) l=0.5594 a=78.3, f1=68.3 (0.4s) | TE (n=16911) l=0.3930 a=83.8, f1=75.8 (0.3s)
2026-04-23 21:20:51 [INFO ] [e25/200 s24818] TR (n=163899) l=0.6209 a=80.0 f1=73.1 (10.0s)| VA (n=18179) l=1.0721 a=54.8, f1=40.3 (0.4s) | TE (n=16911) l=1.0958 a=56.8, f1=44.0 (0.3s)
2026-04-23 21:21:01 [INFO ] [e26/200 s25816] TR (n=163892) l=0.6233 a=80.3 f1=73.9 (9.5s)| VA (n=18179) l=0.6517 a=68.6, f1=55.7 (0.4s) | TE (n=16911) l=0.6074 a=70.5, f1=61.3 (0.3s)
2026-04-23 21:21:13 [INFO ] [e27/200 s26827] TR (n=163883) l=0.6369 a=80.5 f1=74.1 (9.9s)| VA (n=18179) l=0.6788 a=70.1, f1=57.6 (0.4s) | TE (n=16911) l=0.5226 a=75.6, f1=69.8 (0.3s)
2026-04-23 21:21:24 [INFO ] [e28/200 s27804] TR (n=163911) l=0.5945 a=80.7 f1=74.2 (9.7s)| VA (n=18179) l=0.5224 a=81.2, f1=67.5 (0.4s) | TE (n=16911) l=0.4037 a=82.9, f1=74.2 (0.4s)
2026-04-23 21:21:24 [INFO ] Saved best checkpoint to out_sleepedfx/train/1/best_ckpt/best_model.ckpt
2026-04-23 21:21:37 [INFO ] [e29/200 s28805] TR (n=163913) l=0.6050 a=81.0 f1=74.6 (10.6s)| VA (n=18179) l=0.7573 a=66.9, f1=48.2 (0.5s) | TE (n=16911) l=0.7784 a=67.7, f1=49.3 (0.4s)
2026-04-23 21:21:50 [INFO ] [e30/200 s29812] TR (n=163874) l=0.6223 a=80.4 f1=73.7 (10.5s)| VA (n=18179) l=0.6607 a=71.8, f1=56.5 (0.4s) | TE (n=16911) l=0.5868 a=77.3, f1=68.5 (0.4s)
2026-04-23 21:22:03 [INFO ] [e31/200 s30809] TR (n=163902) l=0.5752 a=80.8 f1=74.4 (9.9s)| VA (n=18179) l=0.5715 a=76.6, f1=67.1 (0.4s) | TE (n=16911) l=0.4534 a=80.0, f1=72.2 (0.4s)
2026-04-23 21:22:14 [INFO ] [e32/200 s31755] TR (n=163874) l=0.5723 a=81.4 f1=75.3 (9.3s)| VA (n=18179) l=0.6420 a=76.5, f1=53.6 (0.4s) | TE (n=16911) l=0.6755 a=70.3, f1=58.3 (0.4s)
2026-04-23 21:22:26 [INFO ] [e33/200 s32743] TR (n=163847) l=0.5848 a=81.1 f1=75.0 (9.4s)| VA (n=18179) l=0.4806 a=81.3, f1=68.0 (0.4s) | TE (n=16911) l=0.3694 a=83.0, f1=74.1 (0.3s)
2026-04-23 21:22:26 [INFO ] Saved best checkpoint to out_sleepedfx/train/1/best_ckpt/best_model.ckpt
2026-04-23 21:22:38 [INFO ] [e34/200 s33709] TR (n=163876) l=0.6200 a=81.0 f1=74.6 (9.5s)| VA (n=18179) l=1.1566 a=64.8, f1=44.8 (0.4s) | TE (n=16911) l=1.5042 a=60.7, f1=43.2 (0.3s)
2026-04-23 21:22:49 [INFO ] [e35/200 s34748] TR (n=163915) l=0.5786 a=80.9 f1=74.5 (10.0s)| VA (n=18179) l=0.6309 a=76.3, f1=55.7 (0.4s) | TE (n=16911) l=0.6952 a=70.8, f1=54.5 (0.3s)
2026-04-23 21:23:01 [INFO ] [e36/200 s35740] TR (n=163868) l=0.5965 a=81.4 f1=75.3 (9.1s)| VA (n=18179) l=0.9597 a=62.6, f1=55.4 (0.4s) | TE (n=16911) l=0.5781 a=78.5, f1=72.2 (0.3s)
2026-04-23 21:23:12 [INFO ] [e37/200 s36751] TR (n=163859) l=0.6045 a=81.4 f1=75.4 (9.9s)| VA (n=18179) l=0.7953 a=69.1, f1=49.8 (0.4s) | TE (n=16911) l=1.1284 a=67.8, f1=50.7 (0.3s)
2026-04-23 21:23:23 [INFO ] [e38/200 s37684] TR (n=163908) l=0.5841 a=81.5 f1=75.3 (8.9s)| VA (n=18179) l=0.5134 a=79.3, f1=66.4 (0.4s) | TE (n=16911) l=0.4369 a=82.6, f1=75.1 (0.3s)
2026-04-23 21:23:35 [INFO ] [e39/200 s38703] TR (n=163873) l=0.5675 a=81.1 f1=75.0 (10.0s)| VA (n=18179) l=0.5681 a=77.4, f1=58.0 (0.4s) | TE (n=16911) l=0.4395 a=80.4, f1=70.5 (0.3s)
2026-04-23 21:23:48 [INFO ] [e40/200 s39728] TR (n=163907) l=0.5539 a=81.0 f1=74.7 (10.7s)| VA (n=18179) l=0.5243 a=80.8, f1=62.5 (0.5s) | TE (n=16911) l=0.4896 a=76.0, f1=61.8 (0.4s)
2026-04-23 21:23:59 [INFO ] [e41/200 s40725] TR (n=163890) l=0.5539 a=81.3 f1=74.8 (10.0s)| VA (n=18179) l=0.5851 a=74.2, f1=55.8 (0.4s) | TE (n=16911) l=0.7086 a=70.6, f1=58.5 (0.3s)
2026-04-23 21:24:11 [INFO ] [e42/200 s41722] TR (n=163899) l=0.5829 a=81.2 f1=74.9 (10.2s)| VA (n=18179) l=0.6233 a=78.9, f1=57.6 (0.4s) | TE (n=16911) l=0.6550 a=74.4, f1=58.9 (0.3s)
2026-04-23 21:24:22 [INFO ] [e43/200 s42701] TR (n=163899) l=0.5833 a=81.3 f1=75.3 (9.6s)| VA (n=18179) l=1.5634 a=47.0, f1=34.2 (0.4s) | TE (n=16911) l=1.7748 a=44.0, f1=26.3 (0.3s)
2026-04-23 21:24:33 [INFO ] [e44/200 s43667] TR (n=163868) l=0.5623 a=81.8 f1=75.5 (9.0s)| VA (n=18179) l=0.6738 a=72.7, f1=65.9 (0.4s) | TE (n=16911) l=0.5784 a=77.5, f1=70.8 (0.3s)
2026-04-23 21:24:43 [INFO ] [e45/200 s44685] TR (n=163880) l=0.5750 a=81.8 f1=75.6 (9.6s)| VA (n=18179) l=1.1059 a=52.6, f1=39.2 (0.4s) | TE (n=16911) l=1.0101 a=56.7, f1=53.5 (0.3s)
2026-04-23 21:24:55 [INFO ] [e46/200 s45695] TR (n=163905) l=0.5769 a=81.4 f1=75.5 (9.6s)| VA (n=18179) l=0.6256 a=78.7, f1=60.2 (0.4s) | TE (n=16911) l=0.5284 a=78.6, f1=67.6 (0.3s)
2026-04-23 21:25:06 [INFO ] [e47/200 s46723] TR (n=163859) l=0.5651 a=82.1 f1=76.3 (9.8s)| VA (n=18179) l=0.5393 a=80.9, f1=63.4 (0.4s) | TE (n=16911) l=0.4315 a=79.8, f1=69.3 (0.3s)
2026-04-23 21:25:17 [INFO ] [e48/200 s47660] TR (n=163908) l=0.5573 a=81.8 f1=75.7 (9.0s)| VA (n=18179) l=0.8230 a=73.1, f1=47.7 (0.4s) | TE (n=16911) l=1.3132 a=58.5, f1=39.6 (0.3s)
2026-04-23 21:25:27 [INFO ] [e49/200 s48644] TR (n=163875) l=0.5809 a=81.8 f1=75.9 (9.5s)| VA (n=18179) l=1.4205 a=57.3, f1=34.0 (0.4s) | TE (n=16911) l=1.9202 a=46.8, f1=29.3 (0.3s)
2026-04-23 21:25:39 [INFO ] [e50/200 s49670] TR (n=163918) l=0.5513 a=82.0 f1=75.8 (10.0s)| VA (n=18179) l=0.5338 a=79.4, f1=57.9 (0.4s) | TE (n=16911) l=0.5586 a=75.9, f1=61.7 (0.3s)
2026-04-23 21:25:39 [INFO ] >> Confusion Matrix
2026-04-23 21:25:39 [INFO ] [[3728  267   79    0   35]
 [ 116  415  213    0   46]
 [  33  207 5992    0  437]
 [  39    6 2006   97   17]
 [  17   79  478    0 2604]]
2026-04-23 21:25:50 [INFO ] [e51/200 s50712] TR (n=163868) l=0.5758 a=81.9 f1=76.2 (9.9s)| VA (n=18179) l=0.5480 a=78.9, f1=59.6 (0.4s) | TE (n=16911) l=0.7183 a=74.3, f1=58.9 (0.3s)
2026-04-23 21:26:01 [INFO ] [e52/200 s51705] TR (n=163908) l=0.5732 a=82.1 f1=76.2 (9.6s)| VA (n=18179) l=0.7264 a=71.0, f1=51.2 (0.4s) | TE (n=16911) l=0.7941 a=69.5, f1=53.7 (0.3s)
2026-04-23 21:26:12 [INFO ] [e53/200 s52653] TR (n=163896) l=0.5977 a=82.1 f1=76.2 (9.2s)| VA (n=18179) l=2.3944 a=30.4, f1=25.0 (0.4s) | TE (n=16911) l=2.4382 a=33.1, f1=25.2 (0.3s)
2026-04-23 21:26:23 [INFO ] [e54/200 s53637] TR (n=163874) l=0.5620 a=82.0 f1=75.8 (9.5s)| VA (n=18179) l=0.6969 a=75.0, f1=54.8 (0.4s) | TE (n=16911) l=0.7301 a=71.9, f1=56.0 (0.3s)
2026-04-23 21:26:34 [INFO ] [e55/200 s54633] TR (n=163904) l=0.5467 a=82.4 f1=76.7 (10.1s)| VA (n=18179) l=0.5327 a=79.3, f1=58.2 (0.4s) | TE (n=16911) l=0.5207 a=78.2, f1=66.9 (0.3s)
2026-04-23 21:26:46 [INFO ] [e56/200 s55668] TR (n=163876) l=0.5282 a=82.7 f1=76.9 (10.2s)| VA (n=18179) l=0.5944 a=76.9, f1=56.9 (0.4s) | TE (n=16911) l=0.6612 a=72.9, f1=57.0 (0.3s)
2026-04-23 21:26:56 [INFO ] [e57/200 s56632] TR (n=163880) l=0.5449 a=82.2 f1=76.4 (9.0s)| VA (n=18179) l=0.5039 a=81.0, f1=72.2 (0.4s) | TE (n=16911) l=0.3551 a=85.6, f1=79.5 (0.3s)
2026-04-23 21:27:07 [INFO ] [e58/200 s57639] TR (n=163883) l=0.5509 a=82.5 f1=76.5 (9.8s)| VA (n=18179) l=1.6714 a=47.6, f1=32.7 (0.4s) | TE (n=16911) l=1.6957 a=47.3, f1=32.2 (0.3s)
2026-04-23 21:27:17 [INFO ] [e59/200 s58604] TR (n=163888) l=0.5786 a=82.4 f1=76.4 (8.9s)| VA (n=18179) l=0.7395 a=73.5, f1=51.9 (0.4s) | TE (n=16911) l=0.8863 a=68.7, f1=55.0 (0.3s)
2026-04-23 21:27:28 [INFO ] [e60/200 s59580] TR (n=163894) l=0.5512 a=82.4 f1=76.6 (9.2s)| VA (n=18179) l=0.5439 a=78.0, f1=57.3 (0.4s) | TE (n=16911) l=0.4648 a=77.3, f1=67.9 (0.3s)
2026-04-23 21:27:39 [INFO ] [e61/200 s60566] TR (n=163856) l=0.5040 a=82.9 f1=77.5 (9.3s)| VA (n=18179) l=0.5246 a=80.3, f1=73.1 (0.4s) | TE (n=16911) l=0.3953 a=84.0, f1=77.7 (0.3s)
2026-04-23 21:27:50 [INFO ] [e62/200 s61562] TR (n=163871) l=0.5173 a=82.7 f1=77.0 (9.5s)| VA (n=18179) l=0.4742 a=82.1, f1=62.2 (0.4s) | TE (n=16911) l=0.3784 a=82.0, f1=72.8 (0.3s)
2026-04-23 21:28:00 [INFO ] [e63/200 s62552] TR (n=163902) l=0.5632 a=82.9 f1=77.2 (9.4s)| VA (n=18179) l=0.5484 a=76.2, f1=64.2 (0.4s) | TE (n=16911) l=0.4211 a=81.1, f1=74.2 (0.3s)
2026-04-23 21:28:11 [INFO ] [e64/200 s63555] TR (n=163897) l=0.5440 a=82.8 f1=77.0 (9.5s)| VA (n=18179) l=0.7835 a=69.4, f1=64.3 (0.4s) | TE (n=16911) l=0.3570 a=85.3, f1=79.1 (0.3s)
2026-04-23 21:28:22 [INFO ] [e65/200 s64583] TR (n=163869) l=0.5366 a=82.5 f1=76.8 (9.6s)| VA (n=18179) l=0.6715 a=71.4, f1=53.5 (0.4s) | TE (n=16911) l=0.5490 a=74.0, f1=63.9 (0.3s)
2026-04-23 21:28:33 [INFO ] [e66/200 s65563] TR (n=163911) l=0.4801 a=82.9 f1=77.2 (9.8s)| VA (n=18179) l=0.5987 a=74.3, f1=67.9 (0.4s) | TE (n=16911) l=0.3693 a=84.5, f1=79.3 (0.3s)
2026-04-23 21:28:44 [INFO ] [e67/200 s66541] TR (n=163908) l=0.5393 a=82.5 f1=76.7 (9.6s)| VA (n=18179) l=0.9502 a=60.2, f1=44.5 (0.4s) | TE (n=16911) l=0.8155 a=62.9, f1=52.2 (0.3s)
2026-04-23 21:28:55 [INFO ] [e68/200 s67507] TR (n=163890) l=0.5237 a=82.9 f1=77.1 (9.5s)| VA (n=18179) l=0.4903 a=79.6, f1=67.5 (0.4s) | TE (n=16911) l=0.4813 a=81.1, f1=73.6 (0.3s)
2026-04-23 21:29:07 [INFO ] [e69/200 s68551] TR (n=163903) l=0.5307 a=83.0 f1=77.6 (10.1s)| VA (n=18179) l=0.7030 a=69.8, f1=52.3 (0.4s) | TE (n=16911) l=0.5619 a=72.6, f1=61.5 (0.3s)
2026-04-23 21:29:18 [INFO ] [e70/200 s69555] TR (n=163899) l=0.5261 a=82.8 f1=77.1 (9.6s)| VA (n=18179) l=0.8848 a=72.8, f1=52.0 (0.4s) | TE (n=16911) l=0.9261 a=68.2, f1=55.3 (0.3s)
2026-04-23 21:29:29 [INFO ] [e71/200 s70556] TR (n=163898) l=0.5927 a=82.7 f1=77.0 (9.5s)| VA (n=18179) l=1.1125 a=56.0, f1=41.5 (0.4s) | TE (n=16911) l=1.0391 a=59.0, f1=46.9 (0.3s)
2026-04-23 21:29:39 [INFO ] [e72/200 s71527] TR (n=163898) l=0.5289 a=83.0 f1=77.5 (9.2s)| VA (n=18179) l=0.5250 a=77.5, f1=69.0 (0.4s) | TE (n=16911) l=0.3473 a=83.9, f1=77.9 (0.3s)
2026-04-23 21:29:49 [INFO ] [e73/200 s72526] TR (n=163874) l=0.5454 a=83.4 f1=77.9 (8.9s)| VA (n=18179) l=0.6262 a=78.9, f1=56.0 (0.4s) | TE (n=16911) l=0.8618 a=68.9, f1=54.6 (0.3s)
2026-04-23 21:30:01 [INFO ] [e74/200 s73550] TR (n=163914) l=0.5007 a=83.2 f1=77.7 (10.0s)| VA (n=18179) l=0.6146 a=78.3, f1=57.8 (0.4s) | TE (n=16911) l=0.9990 a=71.9, f1=58.7 (0.3s)
2026-04-23 21:30:12 [INFO ] [e75/200 s74594] TR (n=163868) l=0.5384 a=83.1 f1=77.6 (9.8s)| VA (n=18179) l=0.6169 a=75.4, f1=63.8 (0.4s) | TE (n=16911) l=0.4799 a=79.3, f1=71.4 (0.3s)
2026-04-23 21:30:23 [INFO ] [e76/200 s75582] TR (n=163903) l=0.5117 a=83.0 f1=77.4 (9.3s)| VA (n=18179) l=0.5105 a=77.9, f1=73.3 (0.4s) | TE (n=16911) l=0.3916 a=83.8, f1=78.6 (0.3s)
2026-04-23 21:30:33 [INFO ] [e77/200 s76571] TR (n=163903) l=0.5256 a=82.8 f1=77.0 (9.3s)| VA (n=18179) l=0.5844 a=79.2, f1=69.4 (0.4s) | TE (n=16911) l=0.5459 a=79.6, f1=73.0 (0.3s)
2026-04-23 21:30:44 [INFO ] [e78/200 s77565] TR (n=163881) l=0.5493 a=83.2 f1=77.8 (9.7s)| VA (n=18179) l=0.8312 a=70.2, f1=52.0 (0.4s) | TE (n=16911) l=1.0180 a=63.2, f1=50.3 (0.3s)
2026-04-23 21:30:55 [INFO ] [e79/200 s78557] TR (n=163878) l=0.5254 a=83.1 f1=77.6 (9.5s)| VA (n=18179) l=0.4988 a=77.9, f1=64.2 (0.4s) | TE (n=16911) l=0.4112 a=80.7, f1=73.0 (0.3s)
2026-04-23 21:31:06 [INFO ] [e80/200 s79531] TR (n=163863) l=0.5116 a=83.4 f1=78.0 (9.9s)| VA (n=18179) l=0.5142 a=78.0, f1=71.3 (0.4s) | TE (n=16911) l=0.3683 a=85.5, f1=79.7 (0.3s)
2026-04-23 21:31:18 [INFO ] [e81/200 s80511] TR (n=163904) l=0.5287 a=83.0 f1=77.6 (10.0s)| VA (n=18179) l=0.6127 a=79.0, f1=61.7 (0.4s) | TE (n=16911) l=0.4891 a=79.8, f1=70.0 (0.3s)
2026-04-23 21:31:29 [INFO ] [e82/200 s81546] TR (n=163891) l=0.4991 a=83.5 f1=78.1 (10.2s)| VA (n=18179) l=0.5064 a=79.6, f1=62.6 (0.4s) | TE (n=16911) l=0.4169 a=81.6, f1=73.3 (0.3s)
2026-04-23 21:31:40 [INFO ] [e83/200 s82525] TR (n=163909) l=0.5244 a=83.2 f1=77.6 (9.4s)| VA (n=18179) l=0.4979 a=81.8, f1=64.8 (0.4s) | TE (n=16911) l=0.5069 a=76.1, f1=66.1 (0.3s)
2026-04-23 21:31:51 [INFO ] [e84/200 s83505] TR (n=163884) l=0.4950 a=83.3 f1=77.9 (9.2s)| VA (n=18179) l=0.5116 a=80.9, f1=64.0 (0.4s) | TE (n=16911) l=0.4440 a=80.4, f1=72.5 (0.3s)
2026-04-23 21:32:02 [INFO ] [e85/200 s84522] TR (n=163879) l=0.4859 a=83.6 f1=78.2 (9.6s)| VA (n=18179) l=0.5078 a=81.3, f1=72.7 (0.4s) | TE (n=16911) l=0.3276 a=85.9, f1=79.8 (0.3s)
2026-04-23 21:32:12 [INFO ] [e86/200 s85502] TR (n=163895) l=0.5260 a=83.2 f1=77.6 (9.3s)| VA (n=18179) l=0.6761 a=72.4, f1=65.0 (0.4s) | TE (n=16911) l=0.3528 a=84.4, f1=78.6 (0.3s)
2026-04-23 21:32:22 [INFO ] [e87/200 s86434] TR (n=163893) l=0.5189 a=83.8 f1=78.6 (8.9s)| VA (n=18179) l=0.6106 a=75.3, f1=57.1 (0.4s) | TE (n=16911) l=0.5511 a=75.3, f1=60.4 (0.3s)
2026-04-23 21:32:33 [INFO ] [e88/200 s87425] TR (n=163876) l=0.5197 a=83.5 f1=78.0 (9.3s)| VA (n=18179) l=0.8361 a=65.9, f1=48.7 (0.4s) | TE (n=16911) l=0.5495 a=75.6, f1=62.2 (0.3s)
2026-04-23 21:32:43 [INFO ] [e89/200 s88402] TR (n=163860) l=0.5116 a=83.4 f1=77.8 (9.3s)| VA (n=18179) l=0.5858 a=77.0, f1=57.4 (0.4s) | TE (n=16911) l=0.7199 a=74.2, f1=59.7 (0.3s)
2026-04-23 21:32:54 [INFO ] [e90/200 s89420] TR (n=163916) l=0.5084 a=83.4 f1=78.0 (9.4s)| VA (n=18179) l=0.8050 a=74.1, f1=64.3 (0.4s) | TE (n=16911) l=0.6974 a=77.8, f1=68.7 (0.3s)
2026-04-23 21:33:05 [INFO ] [e91/200 s90399] TR (n=163901) l=0.5112 a=84.0 f1=78.6 (9.1s)| VA (n=18179) l=0.5495 a=77.1, f1=62.7 (0.4s) | TE (n=16911) l=0.4173 a=82.2, f1=73.9 (0.3s)
2026-04-23 21:33:15 [INFO ] [e92/200 s91377] TR (n=163885) l=0.4921 a=83.7 f1=78.2 (9.0s)| VA (n=18179) l=0.5062 a=78.8, f1=68.1 (0.4s) | TE (n=16911) l=0.3528 a=84.1, f1=77.4 (0.3s)
2026-04-23 21:33:26 [INFO ] [e93/200 s92399] TR (n=163886) l=0.5423 a=83.5 f1=78.1 (10.0s)| VA (n=18179) l=1.5496 a=55.3, f1=51.3 (0.4s) | TE (n=16911) l=1.4963 a=67.1, f1=59.8 (0.3s)
2026-04-23 21:33:37 [INFO ] [e94/200 s93395] TR (n=163880) l=0.4803 a=83.7 f1=78.3 (9.8s)| VA (n=18179) l=0.5208 a=79.8, f1=60.8 (0.4s) | TE (n=16911) l=0.5975 a=76.1, f1=60.8 (0.3s)
2026-04-23 21:33:48 [INFO ] [e95/200 s94399] TR (n=163887) l=0.5020 a=84.0 f1=78.7 (9.9s)| VA (n=18179) l=3.3545 a=42.4, f1=20.7 (0.4s) | TE (n=16911) l=3.8553 a=41.7, f1=15.9 (0.3s)
2026-04-23 21:34:00 [INFO ] [e96/200 s95383] TR (n=163906) l=0.4975 a=83.6 f1=78.3 (9.7s)| VA (n=18179) l=0.7979 a=70.1, f1=52.7 (0.4s) | TE (n=16911) l=1.1765 a=67.3, f1=54.0 (0.3s)
2026-04-23 21:34:11 [INFO ] [e97/200 s96393] TR (n=163873) l=0.4995 a=83.7 f1=78.2 (9.7s)| VA (n=18179) l=0.5576 a=77.8, f1=67.3 (0.4s) | TE (n=16911) l=0.3912 a=82.7, f1=75.1 (0.3s)
2026-04-23 21:34:21 [INFO ] [e98/200 s97404] TR (n=163874) l=0.5122 a=83.3 f1=77.8 (9.2s)| VA (n=18179) l=1.4262 a=58.6, f1=43.7 (0.4s) | TE (n=16911) l=2.6262 a=52.9, f1=30.9 (0.3s)
2026-04-23 21:34:33 [INFO ] [e99/200 s98412] TR (n=163892) l=0.5022 a=83.5 f1=78.1 (9.8s)| VA (n=18179) l=0.4872 a=80.1, f1=72.9 (0.4s) | TE (n=16911) l=0.3101 a=86.7, f1=81.0 (0.3s)
2026-04-23 21:34:43 [INFO ] [e100/200 s99430] TR (n=163926) l=0.5014 a=83.7 f1=78.3 (9.3s)| VA (n=18179) l=0.9224 a=72.1, f1=53.1 (0.4s) | TE (n=16911) l=1.7325 a=64.4, f1=50.3 (0.3s)
2026-04-23 21:34:43 [INFO ] >> Confusion Matrix
2026-04-23 21:34:43 [INFO ] [[2013  334 1649    0  113]
 [  70  334  276    0  110]
 [   3  138 6132    0  396]
 [   0    0 2148    0   17]
 [   6  121  640    0 2411]]
2026-04-23 21:34:54 [INFO ] [e101/200 s100445] TR (n=163886) l=0.5147 a=83.8 f1=78.5 (9.6s)| VA (n=18179) l=0.5425 a=79.3, f1=60.9 (0.4s) | TE (n=16911) l=0.4286 a=79.0, f1=68.2 (0.3s)
2026-04-23 21:35:04 [INFO ] [e102/200 s101429] TR (n=163899) l=0.4782 a=83.9 f1=78.6 (8.9s)| VA (n=18179) l=0.9418 a=68.2, f1=53.8 (0.4s) | TE (n=16911) l=1.3145 a=65.3, f1=56.7 (0.3s)
2026-04-23 21:35:15 [INFO ] [e103/200 s102436] TR (n=163868) l=0.5100 a=83.9 f1=78.6 (9.6s)| VA (n=18179) l=0.5815 a=78.7, f1=70.2 (0.4s) | TE (n=16911) l=0.3664 a=84.0, f1=77.7 (0.3s)
2026-04-23 21:35:26 [INFO ] [e104/200 s103457] TR (n=163892) l=0.4927 a=83.9 f1=78.7 (9.6s)| VA (n=18179) l=0.5481 a=76.6, f1=58.6 (0.4s) | TE (n=16911) l=0.4379 a=77.6, f1=65.1 (0.3s)
2026-04-23 21:35:37 [INFO ] [e105/200 s104482] TR (n=163891) l=0.5005 a=84.3 f1=79.1 (9.6s)| VA (n=18179) l=0.4956 a=80.0, f1=66.1 (0.4s) | TE (n=16911) l=0.4214 a=81.5, f1=73.7 (0.3s)
2026-04-23 21:35:47 [INFO ] [e106/200 s105408] TR (n=163878) l=0.4980 a=84.0 f1=78.5 (8.9s)| VA (n=18179) l=0.6251 a=78.2, f1=57.4 (0.5s) | TE (n=16911) l=0.5494 a=76.5, f1=64.7 (0.4s)
2026-04-23 21:35:58 [INFO ] [e107/200 s106391] TR (n=163901) l=0.5079 a=84.1 f1=78.8 (9.7s)| VA (n=18179) l=0.7292 a=70.0, f1=51.9 (0.4s) | TE (n=16911) l=0.6453 a=72.9, f1=57.3 (0.3s)
2026-04-23 21:36:09 [INFO ] [e108/200 s107425] TR (n=163880) l=0.4864 a=84.0 f1=78.5 (9.9s)| VA (n=18179) l=0.5475 a=76.7, f1=58.7 (0.4s) | TE (n=16911) l=0.4489 a=78.2, f1=67.5 (0.3s)
2026-04-23 21:36:21 [INFO ] [e109/200 s108419] TR (n=163860) l=0.4754 a=84.1 f1=78.9 (9.6s)| VA (n=18179) l=0.5611 a=77.7, f1=71.7 (0.4s) | TE (n=16911) l=0.3186 a=86.2, f1=80.2 (0.3s)
2026-04-23 21:36:33 [INFO ] [e110/200 s109436] TR (n=163874) l=0.4978 a=84.0 f1=78.6 (10.1s)| VA (n=18179) l=0.6005 a=78.1, f1=58.1 (0.4s) | TE (n=16911) l=0.5120 a=75.9, f1=62.0 (0.3s)
2026-04-23 21:36:44 [INFO ] [e111/200 s110447] TR (n=163889) l=0.5081 a=83.9 f1=78.6 (9.6s)| VA (n=18179) l=0.6053 a=74.0, f1=71.2 (0.4s) | TE (n=16911) l=0.3521 a=84.8, f1=79.6 (0.3s)
2026-04-23 21:36:55 [INFO ] [e112/200 s111472] TR (n=163892) l=0.4624 a=84.3 f1=79.1 (9.7s)| VA (n=18179) l=0.5446 a=79.8, f1=60.0 (0.4s) | TE (n=16911) l=0.6087 a=78.0, f1=66.2 (0.3s)
2026-04-23 21:37:05 [INFO ] [e113/200 s112453] TR (n=163909) l=0.4871 a=84.1 f1=78.8 (9.1s)| VA (n=18179) l=0.6554 a=73.2, f1=55.3 (0.4s) | TE (n=16911) l=0.6734 a=73.2, f1=58.4 (0.3s)
2026-04-23 21:37:16 [INFO ] [e114/200 s113472] TR (n=163889) l=0.5222 a=84.0 f1=78.7 (9.6s)| VA (n=18179) l=0.5942 a=77.7, f1=57.6 (0.4s) | TE (n=16911) l=0.5110 a=76.3, f1=61.8 (0.3s)
2026-04-23 21:37:26 [INFO ] [e115/200 s114413] TR (n=163893) l=0.4887 a=84.1 f1=78.8 (8.9s)| VA (n=18179) l=0.4811 a=80.4, f1=63.3 (0.4s) | TE (n=16911) l=0.4154 a=79.5, f1=71.4 (0.3s)
2026-04-23 21:37:36 [INFO ] [e116/200 s115348] TR (n=163887) l=0.5194 a=84.1 f1=78.8 (8.9s)| VA (n=18179) l=0.5209 a=78.5, f1=61.9 (0.4s) | TE (n=16911) l=0.3821 a=81.5, f1=73.9 (0.3s)
2026-04-23 21:37:47 [INFO ] [e117/200 s116289] TR (n=163856) l=0.4896 a=84.5 f1=79.3 (9.1s)| VA (n=18179) l=0.4803 a=81.1, f1=76.2 (0.4s) | TE (n=16911) l=0.3113 a=86.2, f1=81.0 (0.3s)
2026-04-23 21:37:57 [INFO ] [e118/200 s117274] TR (n=163890) l=0.4714 a=84.4 f1=79.3 (9.2s)| VA (n=18179) l=0.8249 a=68.9, f1=57.8 (0.4s) | TE (n=16911) l=0.4227 a=81.6, f1=74.7 (0.3s)
2026-04-23 21:38:08 [INFO ] [e119/200 s118285] TR (n=163888) l=0.5135 a=83.8 f1=78.4 (9.5s)| VA (n=18179) l=0.7060 a=75.6, f1=54.6 (0.4s) | TE (n=16911) l=0.7016 a=73.8, f1=57.3 (0.3s)
2026-04-23 21:38:19 [INFO ] [e120/200 s119276] TR (n=163884) l=0.4778 a=84.5 f1=79.2 (9.8s)| VA (n=18179) l=0.5159 a=80.3, f1=60.6 (0.4s) | TE (n=16911) l=0.4653 a=76.7, f1=62.7 (0.4s)
2026-04-23 21:38:30 [INFO ] [e121/200 s120223] TR (n=163854) l=0.4945 a=84.3 f1=79.0 (9.6s)| VA (n=18179) l=0.5116 a=79.4, f1=60.4 (0.4s) | TE (n=16911) l=0.4561 a=79.0, f1=69.0 (0.3s)
2026-04-23 21:38:41 [INFO ] [e122/200 s121250] TR (n=163890) l=0.4821 a=84.4 f1=79.0 (9.9s)| VA (n=18179) l=0.5136 a=79.8, f1=59.5 (0.4s) | TE (n=16911) l=0.4740 a=78.3, f1=65.8 (0.3s)
2026-04-23 21:38:52 [INFO ] [e123/200 s122248] TR (n=163906) l=0.4398 a=84.3 f1=78.9 (9.4s)| VA (n=18179) l=0.5358 a=80.1, f1=64.1 (0.4s) | TE (n=16911) l=0.4277 a=81.6, f1=73.7 (0.3s)
2026-04-23 21:39:03 [INFO ] [e124/200 s123222] TR (n=163887) l=0.4984 a=84.2 f1=79.1 (9.7s)| VA (n=18179) l=0.5090 a=80.8, f1=72.3 (0.4s) | TE (n=16911) l=0.3107 a=86.0, f1=80.0 (0.3s)
2026-04-23 21:39:14 [INFO ] [e125/200 s124226] TR (n=163891) l=0.4913 a=84.5 f1=79.4 (9.3s)| VA (n=18179) l=0.5680 a=79.5, f1=58.2 (0.4s) | TE (n=16911) l=0.6634 a=75.9, f1=62.4 (0.3s)
2026-04-23 21:39:25 [INFO ] [e126/200 s125227] TR (n=163906) l=0.4649 a=84.3 f1=79.2 (9.7s)| VA (n=18179) l=0.7416 a=72.7, f1=54.2 (0.4s) | TE (n=16911) l=0.5105 a=77.8, f1=67.6 (0.3s)
2026-04-23 21:39:36 [INFO ] [e127/200 s126235] TR (n=163883) l=0.4898 a=84.1 f1=78.9 (9.2s)| VA (n=18179) l=0.6174 a=75.2, f1=67.0 (0.4s) | TE (n=16911) l=0.4199 a=81.8, f1=75.1 (0.3s)
2026-04-23 21:39:47 [INFO ] [e128/200 s127230] TR (n=163877) l=0.4945 a=84.3 f1=79.1 (9.7s)| VA (n=18179) l=0.4746 a=80.3, f1=71.1 (0.4s) | TE (n=16911) l=0.3644 a=83.3, f1=76.9 (0.3s)
2026-04-23 21:39:57 [INFO ] [e129/200 s128235] TR (n=163879) l=0.4573 a=84.6 f1=79.4 (9.4s)| VA (n=18179) l=0.5736 a=77.7, f1=59.6 (0.4s) | TE (n=16911) l=0.5344 a=75.2, f1=62.1 (0.3s)
2026-04-23 21:40:08 [INFO ] [e130/200 s129219] TR (n=163883) l=0.4668 a=84.6 f1=79.5 (9.5s)| VA (n=18179) l=0.7212 a=74.8, f1=58.2 (0.4s) | TE (n=16911) l=0.4878 a=78.5, f1=69.9 (0.3s)
2026-04-23 21:40:18 [INFO ] [e131/200 s130154] TR (n=163889) l=0.4868 a=84.5 f1=79.2 (8.6s)| VA (n=18179) l=0.6222 a=73.6, f1=68.3 (0.4s) | TE (n=16911) l=0.3581 a=85.1, f1=79.2 (0.3s)
2026-04-23 21:40:28 [INFO ] [e132/200 s131126] TR (n=163882) l=0.5176 a=84.1 f1=79.0 (9.1s)| VA (n=18179) l=0.5215 a=80.6, f1=74.1 (0.4s) | TE (n=16911) l=0.3666 a=84.2, f1=77.2 (0.3s)
2026-04-23 21:40:39 [INFO ] [e133/200 s132105] TR (n=163893) l=0.4618 a=84.7 f1=79.6 (9.2s)| VA (n=18179) l=0.5717 a=81.6, f1=74.0 (0.4s) | TE (n=16911) l=0.5004 a=80.9, f1=75.0 (0.3s)
2026-04-23 21:40:39 [INFO ] Saved best checkpoint to out_sleepedfx/train/1/best_ckpt/best_model.ckpt
2026-04-23 21:40:50 [INFO ] [e134/200 s133113] TR (n=163897) l=0.4385 a=84.8 f1=79.8 (9.5s)| VA (n=18179) l=1.0390 a=68.0, f1=49.8 (0.4s) | TE (n=16911) l=2.1668 a=55.2, f1=40.5 (0.3s)
2026-04-23 21:41:01 [INFO ] [e135/200 s134122] TR (n=163902) l=0.5002 a=84.3 f1=79.3 (10.3s)| VA (n=18179) l=0.5684 a=78.7, f1=68.7 (0.4s) | TE (n=16911) l=0.3670 a=85.9, f1=78.7 (0.4s)
2026-04-23 21:41:12 [INFO ] [e136/200 s135112] TR (n=163915) l=0.4932 a=84.5 f1=79.4 (9.9s)| VA (n=18179) l=0.5605 a=78.9, f1=59.3 (0.4s) | TE (n=16911) l=0.6713 a=75.2, f1=61.8 (0.3s)
2026-04-23 21:41:24 [INFO ] [e137/200 s136131] TR (n=163914) l=0.5063 a=84.4 f1=79.3 (9.9s)| VA (n=18179) l=0.6059 a=75.7, f1=70.4 (0.4s) | TE (n=16911) l=0.4184 a=84.7, f1=79.3 (0.3s)
2026-04-23 21:41:35 [INFO ] [e138/200 s137130] TR (n=163909) l=0.4470 a=84.9 f1=80.0 (9.8s)| VA (n=18179) l=0.6947 a=76.4, f1=66.8 (0.4s) | TE (n=16911) l=0.3752 a=83.9, f1=77.0 (0.3s)
2026-04-23 21:41:45 [INFO ] [e139/200 s138120] TR (n=163883) l=0.4484 a=84.9 f1=79.8 (9.4s)| VA (n=18179) l=0.5264 a=78.9, f1=64.3 (0.4s) | TE (n=16911) l=0.3784 a=83.2, f1=76.8 (0.3s)
2026-04-23 21:41:57 [INFO ] [e140/200 s139129] TR (n=163905) l=0.4778 a=85.0 f1=80.1 (9.7s)| VA (n=18179) l=0.7647 a=67.5, f1=50.6 (0.4s) | TE (n=16911) l=0.5629 a=76.4, f1=65.6 (0.3s)
2026-04-23 21:42:07 [INFO ] [e141/200 s140119] TR (n=163903) l=0.4542 a=84.7 f1=79.8 (9.4s)| VA (n=18179) l=0.5752 a=78.0, f1=71.8 (0.4s) | TE (n=16911) l=0.3125 a=87.0, f1=80.9 (0.3s)
2026-04-23 21:42:18 [INFO ] [e142/200 s141137] TR (n=163912) l=0.4885 a=84.5 f1=79.3 (9.5s)| VA (n=18179) l=0.5508 a=80.0, f1=74.5 (0.4s) | TE (n=16911) l=0.3349 a=85.0, f1=79.3 (0.3s)
2026-04-23 21:42:29 [INFO ] [e143/200 s142149] TR (n=163915) l=0.4784 a=85.0 f1=80.0 (9.5s)| VA (n=18179) l=0.6846 a=78.3, f1=64.7 (0.4s) | TE (n=16911) l=0.4498 a=81.6, f1=73.6 (0.3s)
2026-04-23 21:42:40 [INFO ] [e144/200 s143174] TR (n=163894) l=0.4454 a=84.9 f1=79.6 (9.6s)| VA (n=18179) l=0.4777 a=82.4, f1=76.7 (0.4s) | TE (n=16911) l=0.3279 a=86.7, f1=81.3 (0.3s)
2026-04-23 21:42:40 [INFO ] Saved best checkpoint to out_sleepedfx/train/1/best_ckpt/best_model.ckpt
2026-04-23 21:42:50 [INFO ] [e145/200 s144166] TR (n=163877) l=0.4484 a=84.9 f1=80.0 (9.3s)| VA (n=18179) l=0.6267 a=76.1, f1=56.3 (0.4s) | TE (n=16911) l=0.5908 a=75.4, f1=59.5 (0.3s)
2026-04-23 21:43:01 [INFO ] [e146/200 s145159] TR (n=163922) l=0.4370 a=85.1 f1=80.1 (9.7s)| VA (n=18179) l=0.5139 a=82.2, f1=74.8 (0.4s) | TE (n=16911) l=0.3310 a=85.4, f1=79.8 (0.3s)
2026-04-23 21:43:11 [INFO ] [e147/200 s146139] TR (n=163900) l=0.4638 a=84.8 f1=79.9 (8.9s)| VA (n=18179) l=0.6423 a=74.9, f1=55.3 (0.4s) | TE (n=16911) l=0.7612 a=68.7, f1=53.5 (0.3s)
2026-04-23 21:43:23 [INFO ] [e148/200 s147156] TR (n=163901) l=0.4764 a=84.8 f1=79.8 (10.2s)| VA (n=18179) l=0.9755 a=71.8, f1=56.3 (0.4s) | TE (n=16911) l=0.8352 a=67.1, f1=56.6 (0.3s)
2026-04-23 21:43:34 [INFO ] [e149/200 s148120] TR (n=163905) l=0.4625 a=85.1 f1=80.1 (9.4s)| VA (n=18179) l=0.5762 a=77.7, f1=60.5 (0.5s) | TE (n=16911) l=0.4750 a=78.4, f1=68.8 (0.4s)
2026-04-23 21:43:45 [INFO ] [e150/200 s149125] TR (n=163877) l=0.4488 a=85.0 f1=79.9 (9.7s)| VA (n=18179) l=0.5656 a=77.3, f1=57.7 (0.4s) | TE (n=16911) l=0.4781 a=79.1, f1=68.2 (0.3s)
2026-04-23 21:43:45 [INFO ] >> Confusion Matrix
2026-04-23 21:43:45 [INFO ] [[3710  335   60    0    4]
 [ 112  486  163    0   29]
 [  60  371 6000    0  238]
 [ 143    6 1570  446    0]
 [  28  109  303    0 2738]]
2026-04-23 21:43:56 [INFO ] [e151/200 s150127] TR (n=163886) l=0.4916 a=85.1 f1=80.1 (9.9s)| VA (n=18179) l=0.6201 a=78.2, f1=59.9 (0.4s) | TE (n=16911) l=0.4010 a=79.6, f1=70.4 (0.3s)
2026-04-23 21:44:06 [INFO ] [e152/200 s151072] TR (n=163896) l=0.4608 a=84.9 f1=80.1 (9.1s)| VA (n=18179) l=0.5337 a=80.5, f1=69.0 (0.4s) | TE (n=16911) l=0.3793 a=83.7, f1=77.7 (0.3s)
2026-04-23 21:44:19 [INFO ] [e153/200 s152101] TR (n=163896) l=0.4378 a=85.0 f1=79.9 (11.3s)| VA (n=18179) l=0.5989 a=77.4, f1=57.8 (0.5s) | TE (n=16911) l=0.7616 a=75.6, f1=59.8 (0.3s)
2026-04-23 21:44:30 [INFO ] [e154/200 s153031] TR (n=163878) l=0.4823 a=85.0 f1=80.0 (8.9s)| VA (n=18179) l=0.5930 a=75.6, f1=70.1 (0.4s) | TE (n=16911) l=0.3306 a=85.7, f1=79.9 (0.3s)
2026-04-23 21:44:41 [INFO ] [e155/200 s154054] TR (n=163885) l=0.4377 a=84.7 f1=79.5 (9.7s)| VA (n=18179) l=0.9370 a=73.4, f1=64.1 (0.4s) | TE (n=16911) l=0.5466 a=80.4, f1=70.2 (0.3s)
2026-04-23 21:44:51 [INFO ] [e156/200 s155003] TR (n=163885) l=0.4941 a=84.6 f1=79.5 (8.7s)| VA (n=18179) l=0.6805 a=74.0, f1=56.3 (0.4s) | TE (n=16911) l=0.4982 a=75.4, f1=62.1 (0.3s)
2026-04-23 21:45:03 [INFO ] [e157/200 s156033] TR (n=163889) l=0.4839 a=85.2 f1=80.0 (9.9s)| VA (n=18179) l=0.8013 a=68.4, f1=53.1 (0.4s) | TE (n=16911) l=0.4590 a=76.2, f1=64.6 (0.3s)
2026-04-23 21:45:13 [INFO ] [e158/200 s157017] TR (n=163907) l=0.4409 a=85.1 f1=80.3 (9.2s)| VA (n=18179) l=0.7942 a=66.9, f1=49.9 (0.4s) | TE (n=16911) l=0.9444 a=63.1, f1=49.5 (0.3s)
2026-04-23 21:45:24 [INFO ] [e159/200 s158011] TR (n=163877) l=0.4438 a=85.0 f1=80.1 (9.5s)| VA (n=18179) l=0.9632 a=70.3, f1=54.7 (0.4s) | TE (n=16911) l=1.0518 a=66.4, f1=57.0 (0.3s)
2026-04-23 21:45:34 [INFO ] [e160/200 s159004] TR (n=163893) l=0.4645 a=85.0 f1=79.7 (9.6s)| VA (n=18179) l=2.6052 a=54.7, f1=36.4 (0.4s) | TE (n=16911) l=3.1143 a=52.8, f1=31.9 (0.3s)
2026-04-23 21:45:45 [INFO ] [e161/200 s159958] TR (n=163915) l=0.4578 a=85.3 f1=80.2 (9.3s)| VA (n=18179) l=0.5244 a=80.3, f1=61.9 (0.4s) | TE (n=16911) l=0.7586 a=74.5, f1=59.1 (0.3s)
2026-04-23 21:45:57 [INFO ] [e162/200 s160964] TR (n=163892) l=0.4645 a=85.1 f1=80.4 (10.1s)| VA (n=18179) l=1.4807 a=62.6, f1=41.8 (0.4s) | TE (n=16911) l=2.3306 a=47.7, f1=28.2 (0.3s)
2026-04-23 21:46:09 [INFO ] [e163/200 s161985] TR (n=163877) l=0.4446 a=85.0 f1=80.2 (10.4s)| VA (n=18179) l=0.8321 a=71.5, f1=53.8 (0.4s) | TE (n=16911) l=0.4828 a=78.9, f1=70.0 (0.4s)
2026-04-23 21:46:20 [INFO ] [e164/200 s163003] TR (n=163888) l=0.4455 a=85.0 f1=79.9 (9.9s)| VA (n=18179) l=0.7378 a=73.3, f1=57.6 (0.4s) | TE (n=16911) l=0.5045 a=76.2, f1=64.8 (0.4s)
2026-04-23 21:46:30 [INFO ] [e165/200 s163913] TR (n=163903) l=0.4598 a=85.2 f1=80.3 (8.9s)| VA (n=18179) l=0.5775 a=78.0, f1=59.1 (0.4s) | TE (n=16911) l=0.5734 a=77.5, f1=63.8 (0.3s)
2026-04-23 21:46:41 [INFO ] [e166/200 s164930] TR (n=163867) l=0.4322 a=85.2 f1=80.2 (9.2s)| VA (n=18179) l=0.6646 a=76.9, f1=56.7 (0.4s) | TE (n=16911) l=0.9105 a=72.4, f1=63.0 (0.3s)
2026-04-23 21:46:51 [INFO ] [e167/200 s165900] TR (n=163898) l=0.4658 a=85.3 f1=80.5 (9.3s)| VA (n=18179) l=1.1133 a=61.0, f1=57.0 (0.4s) | TE (n=16911) l=0.4667 a=79.8, f1=73.6 (0.3s)
2026-04-23 21:47:02 [INFO ] [e168/200 s166907] TR (n=163888) l=0.4401 a=84.8 f1=79.6 (9.4s)| VA (n=18179) l=0.5322 a=81.0, f1=63.1 (0.4s) | TE (n=16911) l=0.4381 a=80.2, f1=71.4 (0.3s)
2026-04-23 21:47:13 [INFO ] [e169/200 s167929] TR (n=163873) l=0.4801 a=84.9 f1=80.2 (9.6s)| VA (n=18179) l=1.2795 a=65.7, f1=49.4 (0.4s) | TE (n=16911) l=1.7144 a=63.2, f1=47.9 (0.3s)
2026-04-23 21:47:23 [INFO ] [e170/200 s168875] TR (n=163884) l=0.4490 a=85.7 f1=80.9 (8.8s)| VA (n=18179) l=0.6555 a=76.0, f1=55.2 (0.4s) | TE (n=16911) l=0.6320 a=76.0, f1=62.3 (0.3s)
2026-04-23 21:47:33 [INFO ] [e171/200 s169852] TR (n=163881) l=0.4952 a=85.3 f1=80.5 (9.0s)| VA (n=18179) l=0.5831 a=78.6, f1=58.2 (0.4s) | TE (n=16911) l=0.6490 a=74.8, f1=64.3 (0.3s)
2026-04-23 21:47:44 [INFO ] [e172/200 s170832] TR (n=163926) l=0.4331 a=85.3 f1=80.3 (8.8s)| VA (n=18179) l=0.6283 a=79.1, f1=57.4 (0.4s) | TE (n=16911) l=0.6948 a=75.3, f1=61.8 (0.3s)
2026-04-23 21:47:55 [INFO ] [e173/200 s171840] TR (n=163864) l=0.4549 a=85.2 f1=80.5 (9.9s)| VA (n=18179) l=0.5394 a=79.2, f1=72.1 (0.4s) | TE (n=16911) l=0.3868 a=83.6, f1=77.4 (0.3s)
2026-04-23 21:48:05 [INFO ] [e174/200 s172817] TR (n=163879) l=0.4439 a=85.2 f1=80.3 (9.1s)| VA (n=18179) l=0.5643 a=77.4, f1=58.2 (0.4s) | TE (n=16911) l=0.5433 a=77.8, f1=66.0 (0.3s)
2026-04-23 21:48:16 [INFO ] [e175/200 s173830] TR (n=163895) l=0.4511 a=85.4 f1=80.5 (9.7s)| VA (n=18179) l=1.0083 a=64.7, f1=50.6 (0.4s) | TE (n=16911) l=0.6372 a=72.8, f1=65.9 (0.3s)
2026-04-23 21:48:28 [INFO ] [e176/200 s174869] TR (n=163865) l=0.4190 a=85.3 f1=80.6 (10.2s)| VA (n=18179) l=0.6271 a=79.1, f1=72.0 (0.4s) | TE (n=16911) l=0.3655 a=85.6, f1=79.7 (0.3s)
2026-04-23 21:48:39 [INFO ] [e177/200 s175854] TR (n=163894) l=0.4335 a=85.2 f1=80.6 (9.6s)| VA (n=18179) l=0.9867 a=69.2, f1=50.3 (0.4s) | TE (n=16911) l=0.9061 a=70.3, f1=54.0 (0.3s)
2026-04-23 21:48:50 [INFO ] [e178/200 s176854] TR (n=163881) l=0.4324 a=85.4 f1=80.7 (9.5s)| VA (n=18179) l=0.6137 a=76.7, f1=68.9 (0.4s) | TE (n=16911) l=0.3425 a=83.8, f1=78.0 (0.4s)
2026-04-23 21:49:00 [INFO ] [e179/200 s177793] TR (n=163885) l=0.4616 a=85.3 f1=80.4 (8.9s)| VA (n=18179) l=0.5945 a=77.5, f1=67.1 (0.4s) | TE (n=16911) l=0.4057 a=83.0, f1=77.1 (0.3s)
2026-04-23 21:49:10 [INFO ] [e180/200 s178772] TR (n=163868) l=0.4285 a=85.7 f1=80.8 (9.2s)| VA (n=18179) l=0.6965 a=77.5, f1=63.1 (0.4s) | TE (n=16911) l=0.5820 a=76.1, f1=67.3 (0.3s)
2026-04-23 21:49:20 [INFO ] [e181/200 s179739] TR (n=163882) l=0.4406 a=85.3 f1=80.3 (8.9s)| VA (n=18179) l=0.6451 a=79.4, f1=58.8 (0.4s) | TE (n=16911) l=0.4855 a=77.2, f1=63.1 (0.3s)
2026-04-23 21:49:31 [INFO ] [e182/200 s180772] TR (n=163910) l=0.4351 a=85.6 f1=80.8 (9.2s)| VA (n=18179) l=0.5934 a=78.0, f1=59.3 (0.4s) | TE (n=16911) l=0.5594 a=77.2, f1=64.9 (0.3s)
2026-04-23 21:49:42 [INFO ] [e183/200 s181795] TR (n=163879) l=0.4393 a=85.4 f1=80.5 (9.9s)| VA (n=18179) l=0.5405 a=78.7, f1=71.2 (0.4s) | TE (n=16911) l=0.3331 a=85.7, f1=79.6 (0.3s)
2026-04-23 21:49:52 [INFO ] [e184/200 s182778] TR (n=163878) l=0.4179 a=85.7 f1=80.9 (8.9s)| VA (n=18179) l=0.5744 a=76.8, f1=59.5 (0.4s) | TE (n=16911) l=0.3976 a=80.7, f1=73.2 (0.3s)
2026-04-23 21:50:03 [INFO ] [e185/200 s183737] TR (n=163898) l=0.4423 a=85.5 f1=80.8 (8.9s)| VA (n=18179) l=0.5023 a=81.7, f1=68.6 (0.4s) | TE (n=16911) l=0.3441 a=83.3, f1=76.8 (0.3s)
2026-04-23 21:50:14 [INFO ] [e186/200 s184764] TR (n=163887) l=0.4553 a=85.3 f1=80.5 (9.7s)| VA (n=18179) l=1.0437 a=66.7, f1=60.1 (0.4s) | TE (n=16911) l=0.5207 a=78.8, f1=72.5 (0.3s)
2026-04-23 21:50:24 [INFO ] [e187/200 s185784] TR (n=163900) l=0.4639 a=85.3 f1=80.6 (9.5s)| VA (n=18179) l=0.5447 a=78.8, f1=73.1 (0.4s) | TE (n=16911) l=0.3306 a=84.8, f1=79.8 (0.3s)
2026-04-23 21:50:35 [INFO ] [e188/200 s186815] TR (n=163917) l=0.4443 a=85.6 f1=81.0 (9.3s)| VA (n=18179) l=0.6837 a=76.3, f1=70.0 (0.4s) | TE (n=16911) l=0.8316 a=70.2, f1=61.9 (0.3s)
2026-04-23 21:50:46 [INFO ] [e189/200 s187840] TR (n=163883) l=0.4510 a=85.5 f1=80.8 (10.0s)| VA (n=18179) l=0.7392 a=72.2, f1=54.7 (0.4s) | TE (n=16911) l=0.5816 a=77.1, f1=65.4 (0.3s)
2026-04-23 21:50:57 [INFO ] [e190/200 s188824] TR (n=163902) l=0.4342 a=85.5 f1=80.8 (9.7s)| VA (n=18179) l=0.6517 a=76.0, f1=57.1 (0.4s) | TE (n=16911) l=0.5378 a=76.8, f1=65.7 (0.3s)
2026-04-23 21:51:08 [INFO ] [e191/200 s189794] TR (n=163874) l=0.4675 a=85.4 f1=80.4 (9.5s)| VA (n=18179) l=0.5519 a=79.2, f1=72.1 (0.4s) | TE (n=16911) l=0.4215 a=84.5, f1=78.9 (0.3s)
2026-04-23 21:51:19 [INFO ] [e192/200 s190768] TR (n=163898) l=0.4153 a=85.7 f1=81.0 (9.3s)| VA (n=18179) l=0.6106 a=79.5, f1=73.0 (0.4s) | TE (n=16911) l=0.3022 a=86.4, f1=81.0 (0.4s)
2026-04-23 21:51:30 [INFO ] [e193/200 s191718] TR (n=163888) l=0.4306 a=85.8 f1=81.0 (9.2s)| VA (n=18179) l=0.6074 a=79.7, f1=62.1 (0.4s) | TE (n=16911) l=0.4495 a=80.0, f1=71.0 (0.3s)
2026-04-23 21:51:41 [INFO ] [e194/200 s192744] TR (n=163899) l=0.4219 a=85.8 f1=81.2 (9.5s)| VA (n=18179) l=1.1778 a=69.2, f1=52.8 (0.4s) | TE (n=16911) l=1.5933 a=63.4, f1=50.7 (0.3s)
2026-04-23 21:51:51 [INFO ] [e195/200 s193727] TR (n=163888) l=0.4191 a=85.7 f1=81.0 (9.1s)| VA (n=18179) l=0.6360 a=76.1, f1=56.8 (0.4s) | TE (n=16911) l=0.5471 a=76.2, f1=62.7 (0.3s)
2026-04-23 21:52:01 [INFO ] [e196/200 s194684] TR (n=163875) l=0.4280 a=85.7 f1=81.1 (9.0s)| VA (n=18179) l=0.5403 a=80.0, f1=61.1 (0.4s) | TE (n=16911) l=0.4481 a=78.1, f1=65.7 (0.3s)
2026-04-23 21:52:12 [INFO ] [e197/200 s195713] TR (n=163883) l=0.4445 a=85.9 f1=81.3 (9.8s)| VA (n=18179) l=0.5434 a=79.5, f1=69.7 (0.4s) | TE (n=16911) l=0.3420 a=84.6, f1=78.9 (0.3s)
2026-04-23 21:52:22 [INFO ] [e198/200 s196671] TR (n=163891) l=0.4088 a=85.8 f1=81.2 (8.8s)| VA (n=18179) l=0.5848 a=81.6, f1=68.1 (0.4s) | TE (n=16911) l=0.3716 a=83.7, f1=77.1 (0.3s)
2026-04-23 21:52:33 [INFO ] [e199/200 s197659] TR (n=163916) l=0.4277 a=85.7 f1=81.0 (9.5s)| VA (n=18179) l=0.9776 a=64.1, f1=46.9 (0.4s) | TE (n=16911) l=0.9132 a=69.6, f1=58.4 (0.3s)
2026-04-23 21:52:44 [INFO ] [e200/200 s198647] TR (n=163896) l=0.4381 a=85.9 f1=81.3 (9.4s)| VA (n=18179) l=0.5935 a=76.1, f1=61.0 (0.4s) | TE (n=16911) l=0.4177 a=78.5, f1=70.0 (0.3s)
2026-04-23 21:52:44 [INFO ] >> Confusion Matrix
2026-04-23 21:52:44 [INFO ] [[3779  223   43    1   63]
 [ 122  479  167    0   22]
 [  18  363 5882    6  400]
 [   7   11 1425  703   19]
 [  11  131  597    0 2439]]
2026-04-23 21:52:44 [INFO ] Load generated SIDs from sleepedfx.txt
2026-04-23 21:52:44 [INFO ] SIDs (78): [ 0  1  2  3  4  5  6  7  8  9 10 11 12 13 14 15 16 17 18 19 20 21 22 23
 24 25 26 27 28 29 30 31 32 33 34 35 36 37 38 40 41 42 43 44 45 46 47 48
 49 50 51 52 53 54 55 56 57 58 59 60 61 62 63 64 65 66 67 70 71 72 73 74
 75 76 77 80 81 82]
2026-04-23 21:52:44 [INFO ] Train SIDs: (63) [ 1  2  3  4  5  6  7  8  9 10 11 12 13 14 15 24 25 26 27 28 29 30 31 32
 33 35 36 37 38 40 41 42 43 44 45 46 47 48 49 50 51 52 54 55 56 58 59 60
 61 62 64 65 67 70 71 72 74 75 76 77 80 81 82]
2026-04-23 21:52:44 [INFO ] Valid SIDs: (7) [ 0 66 73 57 63 53 34]
2026-04-23 21:52:44 [INFO ] Test SIDs: (8) [16 17 18 19 20 21 22 23]
2026-04-23 21:52:46 [INFO ] Training set (n_night_sleeps=123)
2026-04-23 21:52:46 [INFO ] (1103, 3000, 1, 1)
2026-04-23 21:52:46 [INFO ] (2265, 3000, 1, 1)
2026-04-23 21:52:46 [INFO ] (1025, 3000, 1, 1)
2026-04-23 21:52:46 [INFO ] (1009, 3000, 1, 1)
2026-04-23 21:52:46 [INFO ] (952, 3000, 1, 1)
2026-04-23 21:52:46 [INFO ] (911, 3000, 1, 1)
2026-04-23 21:52:46 [INFO ] (1235, 3000, 1, 1)
2026-04-23 21:52:46 [INFO ] (1200, 3000, 1, 1)
2026-04-23 21:52:46 [INFO ] (672, 3000, 1, 1)
2026-04-23 21:52:46 [INFO ] (1246, 3000, 1, 1)
2026-04-23 21:52:46 [INFO ] (843, 3000, 1, 1)
2026-04-23 21:52:46 [INFO ] (1016, 3000, 1, 1)
2026-04-23 21:52:46 [INFO ] (976, 3000, 1, 1)
2026-04-23 21:52:46 [INFO ] (1273, 3000, 1, 1)
2026-04-23 21:52:46 [INFO ] (1134, 3000, 1, 1)
2026-04-23 21:52:46 [INFO ] (1054, 3000, 1, 1)
2026-04-23 21:52:46 [INFO ] (1132, 3000, 1, 1)
2026-04-23 21:52:46 [INFO ] (1207, 3000, 1, 1)
2026-04-23 21:52:46 [INFO ] (1104, 3000, 1, 1)
2026-04-23 21:52:46 [INFO ] (1092, 3000, 1, 1)
2026-04-23 21:52:46 [INFO ] (928, 3000, 1, 1)
2026-04-23 21:52:46 [INFO ] (802, 3000, 1, 1)
2026-04-23 21:52:46 [INFO ] (1783, 3000, 1, 1)
2026-04-23 21:52:46 [INFO ] (977, 3000, 1, 1)
2026-04-23 21:52:46 [INFO ] (1028, 3000, 1, 1)
2026-04-23 21:52:46 [INFO ] (1004, 3000, 1, 1)
2026-04-23 21:52:46 [INFO ] (952, 3000, 1, 1)
2026-04-23 21:52:46 [INFO ] (952, 3000, 1, 1)
2026-04-23 21:52:46 [INFO ] (1762, 3000, 1, 1)
2026-04-23 21:52:46 [INFO ] (1673, 3000, 1, 1)
2026-04-23 21:52:46 [INFO ] (1775, 3000, 1, 1)
2026-04-23 21:52:46 [INFO ] (972, 3000, 1, 1)
2026-04-23 21:52:46 [INFO ] (1020, 3000, 1, 1)
2026-04-23 21:52:46 [INFO ] (1597, 3000, 1, 1)
2026-04-23 21:52:46 [INFO ] (980, 3000, 1, 1)
2026-04-23 21:52:46 [INFO ] (1052, 3000, 1, 1)
2026-04-23 21:52:46 [INFO ] (1090, 3000, 1, 1)
2026-04-23 21:52:46 [INFO ] (1127, 3000, 1, 1)
2026-04-23 21:52:46 [INFO ] (1070, 3000, 1, 1)
2026-04-23 21:52:46 [INFO ] (1131, 3000, 1, 1)
2026-04-23 21:52:46 [INFO ] (1605, 3000, 1, 1)
2026-04-23 21:52:46 [INFO ] (929, 3000, 1, 1)
2026-04-23 21:52:46 [INFO ] (854, 3000, 1, 1)
2026-04-23 21:52:46 [INFO ] (1054, 3000, 1, 1)
2026-04-23 21:52:46 [INFO ] (1181, 3000, 1, 1)
2026-04-23 21:52:46 [INFO ] (1560, 3000, 1, 1)
2026-04-23 21:52:46 [INFO ] (1021, 3000, 1, 1)
2026-04-23 21:52:46 [INFO ] (1888, 3000, 1, 1)
2026-04-23 21:52:46 [INFO ] (1312, 3000, 1, 1)
2026-04-23 21:52:46 [INFO ] (976, 3000, 1, 1)
2026-04-23 21:52:46 [INFO ] (963, 3000, 1, 1)
2026-04-23 21:52:46 [INFO ] (824, 3000, 1, 1)
2026-04-23 21:52:46 [INFO ] (918, 3000, 1, 1)
2026-04-23 21:52:46 [INFO ] (1509, 3000, 1, 1)
2026-04-23 21:52:46 [INFO ] (1776, 3000, 1, 1)
2026-04-23 21:52:46 [INFO ] (1871, 3000, 1, 1)
2026-04-23 21:52:46 [INFO ] (1064, 3000, 1, 1)
2026-04-23 21:52:46 [INFO ] (1072, 3000, 1, 1)
2026-04-23 21:52:46 [INFO ] (1078, 3000, 1, 1)
2026-04-23 21:52:46 [INFO ] (1939, 3000, 1, 1)
2026-04-23 21:52:46 [INFO ] (785, 3000, 1, 1)
2026-04-23 21:52:46 [INFO ] (884, 3000, 1, 1)
2026-04-23 21:52:46 [INFO ] (1594, 3000, 1, 1)
2026-04-23 21:52:46 [INFO ] (962, 3000, 1, 1)
2026-04-23 21:52:46 [INFO ] (1195, 3000, 1, 1)
2026-04-23 21:52:46 [INFO ] (1092, 3000, 1, 1)
2026-04-23 21:52:46 [INFO ] (1208, 3000, 1, 1)
2026-04-23 21:52:46 [INFO ] (1166, 3000, 1, 1)
2026-04-23 21:52:46 [INFO ] (983, 3000, 1, 1)
2026-04-23 21:52:46 [INFO ] (1022, 3000, 1, 1)
2026-04-23 21:52:46 [INFO ] (1187, 3000, 1, 1)
2026-04-23 21:52:46 [INFO ] (2161, 3000, 1, 1)
2026-04-23 21:52:46 [INFO ] (2027, 3000, 1, 1)
2026-04-23 21:52:46 [INFO ] (1910, 3000, 1, 1)
2026-04-23 21:52:46 [INFO ] (1101, 3000, 1, 1)
2026-04-23 21:52:46 [INFO ] (1040, 3000, 1, 1)
2026-04-23 21:52:46 [INFO ] (1326, 3000, 1, 1)
2026-04-23 21:52:46 [INFO ] (1103, 3000, 1, 1)
2026-04-23 21:52:46 [INFO ] (1087, 3000, 1, 1)
2026-04-23 21:52:46 [INFO ] (954, 3000, 1, 1)
2026-04-23 21:52:46 [INFO ] (997, 3000, 1, 1)
2026-04-23 21:52:46 [INFO ] (1716, 3000, 1, 1)
2026-04-23 21:52:46 [INFO ] (1148, 3000, 1, 1)
2026-04-23 21:52:46 [INFO ] (1047, 3000, 1, 1)
2026-04-23 21:52:46 [INFO ] (1090, 3000, 1, 1)
2026-04-23 21:52:46 [INFO ] (1237, 3000, 1, 1)
2026-04-23 21:52:46 [INFO ] (1148, 3000, 1, 1)
2026-04-23 21:52:46 [INFO ] (1095, 3000, 1, 1)
2026-04-23 21:52:46 [INFO ] (1175, 3000, 1, 1)
2026-04-23 21:52:46 [INFO ] (1840, 3000, 1, 1)
2026-04-23 21:52:46 [INFO ] (1231, 3000, 1, 1)
2026-04-23 21:52:46 [INFO ] (1349, 3000, 1, 1)
2026-04-23 21:52:46 [INFO ] (2043, 3000, 1, 1)
2026-04-23 21:52:46 [INFO ] (1652, 3000, 1, 1)
2026-04-23 21:52:46 [INFO ] (1062, 3000, 1, 1)
2026-04-23 21:52:46 [INFO ] (1445, 3000, 1, 1)
2026-04-23 21:52:46 [INFO ] (1823, 3000, 1, 1)
2026-04-23 21:52:46 [INFO ] (1271, 3000, 1, 1)
2026-04-23 21:52:46 [INFO ] (2049, 3000, 1, 1)
2026-04-23 21:52:46 [INFO ] (2644, 3000, 1, 1)
2026-04-23 21:52:46 [INFO ] (1929, 3000, 1, 1)
2026-04-23 21:52:46 [INFO ] (1968, 3000, 1, 1)
2026-04-23 21:52:46 [INFO ] (1021, 3000, 1, 1)
2026-04-23 21:52:46 [INFO ] (1717, 3000, 1, 1)
2026-04-23 21:52:46 [INFO ] (1515, 3000, 1, 1)
2026-04-23 21:52:46 [INFO ] (1413, 3000, 1, 1)
2026-04-23 21:52:46 [INFO ] (1241, 3000, 1, 1)
2026-04-23 21:52:46 [INFO ] (1031, 3000, 1, 1)
2026-04-23 21:52:46 [INFO ] (1130, 3000, 1, 1)
2026-04-23 21:52:46 [INFO ] (2210, 3000, 1, 1)
2026-04-23 21:52:46 [INFO ] (1063, 3000, 1, 1)
2026-04-23 21:52:46 [INFO ] (2044, 3000, 1, 1)
2026-04-23 21:52:46 [INFO ] (1049, 3000, 1, 1)
2026-04-23 21:52:46 [INFO ] (1683, 3000, 1, 1)
2026-04-23 21:52:46 [INFO ] (2662, 3000, 1, 1)
2026-04-23 21:52:46 [INFO ] (1325, 3000, 1, 1)
2026-04-23 21:52:46 [INFO ] (1324, 3000, 1, 1)
2026-04-23 21:52:46 [INFO ] (1241, 3000, 1, 1)
2026-04-23 21:52:46 [INFO ] (1229, 3000, 1, 1)
2026-04-23 21:52:46 [INFO ] (1293, 3000, 1, 1)
2026-04-23 21:52:46 [INFO ] (1183, 3000, 1, 1)
2026-04-23 21:52:46 [INFO ] (1704, 3000, 1, 1)
2026-04-23 21:52:46 [INFO ] (1366, 3000, 1, 1)
2026-04-23 21:52:46 [INFO ] W: 56516
2026-04-23 21:52:46 [INFO ] N1: 17252
2026-04-23 21:52:46 [INFO ] N2: 55155
2026-04-23 21:52:46 [INFO ] N3: 10524
2026-04-23 21:52:46 [INFO ] REM: 20261
2026-04-23 21:52:46 [INFO ] Validation set (n_night_sleeps=14)
2026-04-23 21:52:46 [INFO ] (841, 3000, 1, 1)
2026-04-23 21:52:46 [INFO ] (1127, 3000, 1, 1)
2026-04-23 21:52:46 [INFO ] (2026, 3000, 1, 1)
2026-04-23 21:52:46 [INFO ] (1994, 3000, 1, 1)
2026-04-23 21:52:46 [INFO ] (2667, 3000, 1, 1)
2026-04-23 21:52:46 [INFO ] (2318, 3000, 1, 1)
2026-04-23 21:52:46 [INFO ] (1287, 3000, 1, 1)
2026-04-23 21:52:46 [INFO ] (1095, 3000, 1, 1)
2026-04-23 21:52:46 [INFO ] (1063, 3000, 1, 1)
2026-04-23 21:52:46 [INFO ] (1107, 3000, 1, 1)
2026-04-23 21:52:46 [INFO ] (1096, 3000, 1, 1)
2026-04-23 21:52:46 [INFO ] (1056, 3000, 1, 1)
2026-04-23 21:52:46 [INFO ] (1501, 3000, 1, 1)
2026-04-23 21:52:46 [INFO ] (1582, 3000, 1, 1)
2026-04-23 21:52:46 [INFO ] W: 8404
2026-04-23 21:52:46 [INFO ] N1: 2554
2026-04-23 21:52:46 [INFO ] N2: 6578
2026-04-23 21:52:46 [INFO ] N3: 837
2026-04-23 21:52:46 [INFO ] REM: 2387
2026-04-23 21:52:46 [INFO ] Test set (n_night_sleeps=16)
2026-04-23 21:52:46 [INFO ] (1144, 3000, 1, 1)
2026-04-23 21:52:46 [INFO ] (1003, 3000, 1, 1)
2026-04-23 21:52:46 [INFO ] (1002, 3000, 1, 1)
2026-04-23 21:52:46 [INFO ] (1773, 3000, 1, 1)
2026-04-23 21:52:46 [INFO ] (964, 3000, 1, 1)
2026-04-23 21:52:46 [INFO ] (920, 3000, 1, 1)
2026-04-23 21:52:46 [INFO ] (1535, 3000, 1, 1)
2026-04-23 21:52:46 [INFO ] (1274, 3000, 1, 1)
2026-04-23 21:52:46 [INFO ] (1022, 3000, 1, 1)
2026-04-23 21:52:46 [INFO ] (1021, 3000, 1, 1)
2026-04-23 21:52:46 [INFO ] (1578, 3000, 1, 1)
2026-04-23 21:52:46 [INFO ] (808, 3000, 1, 1)
2026-04-23 21:52:46 [INFO ] (1099, 3000, 1, 1)
2026-04-23 21:52:46 [INFO ] (1108, 3000, 1, 1)
2026-04-23 21:52:46 [INFO ] (904, 3000, 1, 1)
2026-04-23 21:52:46 [INFO ] (1729, 3000, 1, 1)
2026-04-23 21:52:46 [INFO ] W: 4904
2026-04-23 21:52:46 [INFO ] N1: 1716
2026-04-23 21:52:46 [INFO ] N2: 7399
2026-04-23 21:52:46 [INFO ] N3: 1678
2026-04-23 21:52:46 [INFO ] REM: 3187
2026-04-23 21:52:46 [INFO ]   Weighted cross entropy: True
2026-04-23 21:52:46 [INFO ]   Weighted cross entropy: [1.  1.5 1.  1.  1. ]
2026-04-23 21:52:46 [INFO ] using device 0
2026-04-23 21:52:47 [INFO ] Data Augmentation
2026-04-23 21:52:47 [INFO ]   Sequence: True
2026-04-23 21:52:47 [INFO ]   Signal full: True
2026-04-23 21:52:57 [INFO ] [e1/200 s940] TR (n=159338) l=1.3093 a=49.4 f1=27.2 (8.9s)| VA (n=20760) l=1.8690 a=40.5, f1=11.5 (0.5s) | TE (n=18884) l=2.5727 a=26.0, f1=8.2 (0.6s)
2026-04-23 21:52:57 [INFO ] Saved best checkpoint to out_sleepedfx/train/2/best_ckpt/best_model.ckpt
2026-04-23 21:53:08 [INFO ] [e2/200 s1923] TR (n=159346) l=1.1136 a=62.3 f1=42.0 (9.5s)| VA (n=20760) l=2.8285 a=32.1, f1=11.9 (0.5s) | TE (n=18884) l=2.3467 a=39.3, f1=11.5 (0.6s)
2026-04-23 21:53:19 [INFO ] [e3/200 s2851] TR (n=159301) l=1.0126 a=65.7 f1=50.9 (9.0s)| VA (n=20760) l=1.4283 a=43.6, f1=17.0 (0.5s) | TE (n=18884) l=1.6428 a=35.5, f1=21.9 (0.6s)
2026-04-23 21:53:19 [INFO ] Saved best checkpoint to out_sleepedfx/train/2/best_ckpt/best_model.ckpt
2026-04-23 21:53:30 [INFO ] [e4/200 s3824] TR (n=159349) l=0.9305 a=67.6 f1=55.1 (9.5s)| VA (n=20760) l=1.0959 a=56.5, f1=34.6 (0.4s) | TE (n=18884) l=1.6145 a=32.5, f1=19.6 (0.6s)
2026-04-23 21:53:30 [INFO ] Saved best checkpoint to out_sleepedfx/train/2/best_ckpt/best_model.ckpt
2026-04-23 21:53:41 [INFO ] [e5/200 s4763] TR (n=159331) l=0.9127 a=69.8 f1=59.6 (9.0s)| VA (n=20760) l=0.6739 a=72.2, f1=46.1 (0.4s) | TE (n=18884) l=1.0853 a=60.6, f1=41.3 (0.6s)
2026-04-23 21:53:41 [INFO ] Saved best checkpoint to out_sleepedfx/train/2/best_ckpt/best_model.ckpt
2026-04-23 21:53:51 [INFO ] [e6/200 s5679] TR (n=159336) l=0.8861 a=71.1 f1=62.1 (8.7s)| VA (n=20760) l=2.2098 a=36.1, f1=24.5 (0.5s) | TE (n=18884) l=1.8379 a=42.6, f1=24.7 (0.6s)
2026-04-23 21:54:02 [INFO ] [e7/200 s6633] TR (n=159328) l=0.8840 a=71.7 f1=62.7 (9.1s)| VA (n=20760) l=0.8983 a=68.2, f1=64.6 (0.5s) | TE (n=18884) l=1.1198 a=68.4, f1=64.9 (0.6s)
2026-04-23 21:54:13 [INFO ] [e8/200 s7592] TR (n=159350) l=0.8012 a=74.8 f1=66.8 (9.0s)| VA (n=20760) l=1.4451 a=47.7, f1=36.7 (0.5s) | TE (n=18884) l=1.9060 a=43.1, f1=33.6 (0.6s)
2026-04-23 21:54:23 [INFO ] [e9/200 s8536] TR (n=159356) l=0.8569 a=74.3 f1=66.3 (8.9s)| VA (n=20760) l=1.4443 a=52.5, f1=26.3 (0.4s) | TE (n=18884) l=1.9697 a=43.1, f1=23.1 (0.5s)
2026-04-23 21:54:33 [INFO ] [e10/200 s9491] TR (n=159325) l=0.8129 a=74.5 f1=66.5 (9.1s)| VA (n=20760) l=0.8923 a=62.1, f1=46.1 (0.4s) | TE (n=18884) l=1.2094 a=57.9, f1=46.8 (0.5s)
2026-04-23 21:54:43 [INFO ] [e11/200 s10413] TR (n=159323) l=0.7350 a=76.2 f1=68.4 (8.6s)| VA (n=20760) l=1.2445 a=58.2, f1=43.9 (0.4s) | TE (n=18884) l=1.3682 a=57.2, f1=43.3 (0.5s)
2026-04-23 21:54:54 [INFO ] [e12/200 s11344] TR (n=159364) l=0.7568 a=76.7 f1=69.4 (8.9s)| VA (n=20760) l=1.1226 a=66.8, f1=50.9 (0.4s) | TE (n=18884) l=1.3090 a=62.2, f1=47.6 (0.5s)
2026-04-23 21:55:05 [INFO ] [e13/200 s12302] TR (n=159335) l=0.7536 a=77.7 f1=70.6 (9.0s)| VA (n=20760) l=1.5413 a=42.2, f1=16.3 (0.4s) | TE (n=18884) l=2.0483 a=26.6, f1=10.4 (0.5s)
2026-04-23 21:55:16 [INFO ] [e14/200 s13249] TR (n=159345) l=0.7447 a=77.5 f1=70.5 (9.0s)| VA (n=20760) l=1.2720 a=48.4, f1=26.6 (0.5s) | TE (n=18884) l=1.6604 a=36.9, f1=22.2 (0.6s)
2026-04-23 21:55:26 [INFO ] [e15/200 s14204] TR (n=159330) l=0.6914 a=78.3 f1=71.1 (8.8s)| VA (n=20760) l=0.9986 a=69.2, f1=53.0 (0.5s) | TE (n=18884) l=1.4659 a=62.8, f1=48.5 (0.6s)
2026-04-23 21:55:37 [INFO ] [e16/200 s15170] TR (n=159355) l=0.7117 a=78.2 f1=71.2 (9.1s)| VA (n=20760) l=0.6605 a=74.1, f1=57.0 (0.4s) | TE (n=18884) l=1.0071 a=70.4, f1=58.2 (0.5s)
2026-04-23 21:55:37 [INFO ] Saved best checkpoint to out_sleepedfx/train/2/best_ckpt/best_model.ckpt
2026-04-23 21:55:47 [INFO ] [e17/200 s16089] TR (n=159326) l=0.6696 a=78.8 f1=71.7 (9.2s)| VA (n=20760) l=0.5383 a=77.3, f1=68.1 (0.5s) | TE (n=18884) l=0.8649 a=74.2, f1=69.1 (0.6s)
2026-04-23 21:55:47 [INFO ] Saved best checkpoint to out_sleepedfx/train/2/best_ckpt/best_model.ckpt
2026-04-23 21:55:58 [INFO ] [e18/200 s17040] TR (n=159343) l=0.6984 a=78.8 f1=72.2 (9.4s)| VA (n=20760) l=4.6418 a=34.1, f1=20.5 (0.5s) | TE (n=18884) l=3.8360 a=42.9, f1=22.6 (0.6s)
2026-04-23 21:56:09 [INFO ] [e19/200 s17994] TR (n=159361) l=0.7173 a=79.1 f1=72.4 (9.2s)| VA (n=20760) l=0.7511 a=74.0, f1=48.3 (0.5s) | TE (n=18884) l=1.2640 a=62.6, f1=42.6 (0.6s)
2026-04-23 21:56:20 [INFO ] [e20/200 s18925] TR (n=159317) l=0.6638 a=79.6 f1=73.0 (9.1s)| VA (n=20760) l=2.0267 a=51.5, f1=43.7 (0.4s) | TE (n=18884) l=2.1267 a=56.8, f1=42.6 (0.6s)
2026-04-23 21:56:31 [INFO ] [e21/200 s19862] TR (n=159364) l=0.6438 a=80.5 f1=74.1 (8.8s)| VA (n=20760) l=1.2100 a=49.1, f1=30.6 (0.5s) | TE (n=18884) l=1.4589 a=41.7, f1=31.0 (0.5s)
2026-04-23 21:56:42 [INFO ] [e22/200 s20807] TR (n=159347) l=0.6829 a=79.3 f1=72.5 (9.1s)| VA (n=20760) l=0.8941 a=70.9, f1=54.1 (0.5s) | TE (n=18884) l=1.1568 a=65.1, f1=51.9 (0.6s)
2026-04-23 21:56:52 [INFO ] [e23/200 s21721] TR (n=159326) l=0.6337 a=80.6 f1=74.0 (8.6s)| VA (n=20760) l=0.6669 a=72.4, f1=63.1 (0.4s) | TE (n=18884) l=0.8573 a=70.5, f1=66.1 (0.5s)
2026-04-23 21:57:02 [INFO ] [e24/200 s22698] TR (n=159321) l=0.6391 a=80.2 f1=73.6 (9.2s)| VA (n=20760) l=0.6704 a=70.8, f1=63.7 (0.4s) | TE (n=18884) l=0.7189 a=69.1, f1=62.3 (0.6s)
2026-04-23 21:57:12 [INFO ] [e25/200 s23618] TR (n=159323) l=0.6407 a=80.0 f1=73.2 (8.6s)| VA (n=20760) l=0.9934 a=70.6, f1=47.5 (0.4s) | TE (n=18884) l=1.3661 a=66.0, f1=45.7 (0.5s)
2026-04-23 21:57:23 [INFO ] [e26/200 s24570] TR (n=159335) l=0.6416 a=81.0 f1=74.5 (8.8s)| VA (n=20760) l=1.9998 a=50.2, f1=38.3 (0.4s) | TE (n=18884) l=2.1364 a=51.7, f1=37.1 (0.6s)
2026-04-23 21:57:34 [INFO ] [e27/200 s25529] TR (n=159328) l=0.6212 a=80.8 f1=74.5 (9.0s)| VA (n=20760) l=1.3123 a=53.7, f1=53.8 (0.5s) | TE (n=18884) l=1.6257 a=50.6, f1=50.7 (0.5s)
2026-04-23 21:57:44 [INFO ] [e28/200 s26478] TR (n=159329) l=0.6656 a=80.6 f1=74.5 (8.8s)| VA (n=20760) l=0.8718 a=71.8, f1=51.8 (0.5s) | TE (n=18884) l=1.1959 a=65.8, f1=51.7 (0.6s)
2026-04-23 21:57:55 [INFO ] [e29/200 s27420] TR (n=159334) l=0.6033 a=81.5 f1=75.2 (9.0s)| VA (n=20760) l=0.6623 a=74.6, f1=66.8 (0.5s) | TE (n=18884) l=0.8866 a=70.5, f1=65.3 (0.6s)
2026-04-23 21:58:06 [INFO ] [e30/200 s28403] TR (n=159328) l=0.6615 a=80.7 f1=74.2 (9.4s)| VA (n=20760) l=0.7557 a=75.8, f1=54.4 (0.5s) | TE (n=18884) l=1.0442 a=67.0, f1=50.4 (0.6s)
2026-04-23 21:58:17 [INFO ] [e31/200 s29362] TR (n=159328) l=0.6397 a=80.9 f1=74.6 (9.6s)| VA (n=20760) l=0.8397 a=70.5, f1=42.5 (0.5s) | TE (n=18884) l=1.2663 a=63.2, f1=45.4 (0.6s)
2026-04-23 21:58:28 [INFO ] [e32/200 s30331] TR (n=159343) l=0.6126 a=80.5 f1=74.1 (9.6s)| VA (n=20760) l=2.2774 a=51.2, f1=36.2 (0.5s) | TE (n=18884) l=2.2613 a=54.2, f1=33.7 (0.6s)
2026-04-23 21:58:40 [INFO ] [e33/200 s31297] TR (n=159330) l=0.6035 a=81.5 f1=75.3 (9.7s)| VA (n=20760) l=1.1905 a=61.5, f1=55.5 (0.5s) | TE (n=18884) l=1.4183 a=60.0, f1=51.4 (0.6s)
2026-04-23 21:58:52 [INFO ] [e34/200 s32256] TR (n=159328) l=0.5973 a=81.3 f1=75.3 (9.5s)| VA (n=20760) l=0.7666 a=75.1, f1=66.9 (0.5s) | TE (n=18884) l=1.2423 a=66.4, f1=60.5 (0.6s)
2026-04-23 21:59:02 [INFO ] [e35/200 s33222] TR (n=159339) l=0.5868 a=81.4 f1=75.1 (9.0s)| VA (n=20760) l=1.3363 a=62.8, f1=54.4 (0.4s) | TE (n=18884) l=1.5682 a=58.8, f1=49.9 (0.5s)
2026-04-23 21:59:13 [INFO ] [e36/200 s34165] TR (n=159326) l=0.5772 a=81.4 f1=75.1 (9.3s)| VA (n=20760) l=0.5102 a=78.7, f1=66.5 (0.4s) | TE (n=18884) l=0.6968 a=73.2, f1=64.8 (0.6s)
2026-04-23 21:59:24 [INFO ] [e37/200 s35112] TR (n=159334) l=0.6047 a=81.5 f1=75.5 (8.8s)| VA (n=20760) l=0.6447 a=74.4, f1=62.0 (0.5s) | TE (n=18884) l=0.8059 a=70.6, f1=61.2 (0.6s)
2026-04-23 21:59:35 [INFO ] [e38/200 s36089] TR (n=159327) l=0.6086 a=81.4 f1=75.4 (9.6s)| VA (n=20760) l=0.8123 a=69.1, f1=63.8 (0.5s) | TE (n=18884) l=1.0382 a=67.9, f1=65.5 (0.6s)
2026-04-23 21:59:45 [INFO ] [e39/200 s37029] TR (n=159322) l=0.6739 a=81.0 f1=74.9 (8.7s)| VA (n=20760) l=0.9026 a=65.7, f1=48.1 (0.4s) | TE (n=18884) l=1.0678 a=58.9, f1=46.4 (0.5s)
2026-04-23 21:59:56 [INFO ] [e40/200 s37991] TR (n=159335) l=0.6005 a=81.5 f1=75.5 (9.2s)| VA (n=20760) l=1.1642 a=56.1, f1=51.4 (0.5s) | TE (n=18884) l=1.5415 a=54.4, f1=52.6 (0.6s)
2026-04-23 22:00:07 [INFO ] [e41/200 s38931] TR (n=159360) l=0.6028 a=81.9 f1=75.8 (8.7s)| VA (n=20760) l=1.4516 a=63.8, f1=52.5 (0.4s) | TE (n=18884) l=1.6237 a=60.9, f1=50.2 (0.5s)
2026-04-23 22:00:18 [INFO ] [e42/200 s39875] TR (n=159340) l=0.5906 a=82.4 f1=76.4 (9.1s)| VA (n=20760) l=0.5567 a=74.6, f1=65.4 (0.5s) | TE (n=18884) l=0.7998 a=68.6, f1=65.5 (0.6s)
2026-04-23 22:00:29 [INFO ] [e43/200 s40864] TR (n=159327) l=0.5860 a=82.2 f1=76.5 (9.2s)| VA (n=20760) l=1.6352 a=56.3, f1=36.3 (0.4s) | TE (n=18884) l=2.0962 a=33.8, f1=23.0 (0.6s)
2026-04-23 22:00:40 [INFO ] [e44/200 s41821] TR (n=159343) l=0.6071 a=81.9 f1=75.8 (9.5s)| VA (n=20760) l=0.9105 a=63.7, f1=62.2 (0.5s) | TE (n=18884) l=1.0898 a=61.3, f1=59.8 (0.6s)
2026-04-23 22:00:51 [INFO ] [e45/200 s42780] TR (n=159325) l=0.6277 a=82.0 f1=76.1 (9.5s)| VA (n=20760) l=1.0012 a=55.2, f1=43.1 (0.5s) | TE (n=18884) l=1.0920 a=51.4, f1=47.7 (0.6s)
2026-04-23 22:01:02 [INFO ] [e46/200 s43746] TR (n=159346) l=0.6039 a=81.7 f1=75.9 (9.2s)| VA (n=20760) l=0.7476 a=73.9, f1=65.9 (0.5s) | TE (n=18884) l=1.1485 a=67.1, f1=61.3 (0.6s)
2026-04-23 22:01:14 [INFO ] [e47/200 s44721] TR (n=159330) l=0.6083 a=81.8 f1=75.8 (9.6s)| VA (n=20760) l=0.5282 a=80.4, f1=71.1 (0.5s) | TE (n=18884) l=0.7554 a=76.5, f1=70.3 (0.6s)
2026-04-23 22:01:14 [INFO ] Saved best checkpoint to out_sleepedfx/train/2/best_ckpt/best_model.ckpt
2026-04-23 22:01:25 [INFO ] [e48/200 s45700] TR (n=159331) l=0.5821 a=82.0 f1=76.0 (9.4s)| VA (n=20760) l=1.1437 a=65.3, f1=59.5 (0.5s) | TE (n=18884) l=1.5201 a=59.5, f1=56.2 (0.6s)
2026-04-23 22:01:35 [INFO ] [e49/200 s46646] TR (n=159350) l=0.6137 a=82.0 f1=76.4 (8.7s)| VA (n=20760) l=2.3849 a=48.8, f1=34.9 (0.4s) | TE (n=18884) l=2.3868 a=49.2, f1=33.8 (0.5s)
2026-04-23 22:01:46 [INFO ] [e50/200 s47652] TR (n=159329) l=0.5461 a=81.7 f1=75.8 (9.2s)| VA (n=20760) l=1.3329 a=62.3, f1=48.8 (0.4s) | TE (n=18884) l=1.3715 a=59.7, f1=48.8 (0.5s)
2026-04-23 22:01:46 [INFO ] >> Confusion Matrix
2026-04-23 22:01:46 [INFO ] [[2469  369  151    1 1914]
 [ 139  667  163    0  747]
 [  19  438 5047    0 1895]
 [   0    2 1395  110  171]
 [  41   78   83    0 2985]]
2026-04-23 22:01:56 [INFO ] [e51/200 s48612] TR (n=159324) l=0.5394 a=82.4 f1=76.5 (8.9s)| VA (n=20760) l=1.1210 a=57.7, f1=49.0 (0.4s) | TE (n=18884) l=1.2524 a=57.4, f1=50.8 (0.6s)
2026-04-23 22:02:07 [INFO ] [e52/200 s49585] TR (n=159349) l=0.5680 a=82.6 f1=76.9 (9.3s)| VA (n=20760) l=1.1603 a=54.4, f1=34.6 (0.4s) | TE (n=18884) l=1.6013 a=46.9, f1=37.3 (0.6s)
2026-04-23 22:02:19 [INFO ] [e53/200 s50574] TR (n=159339) l=0.5340 a=82.6 f1=77.1 (9.3s)| VA (n=20760) l=0.5646 a=75.3, f1=67.2 (0.5s) | TE (n=18884) l=0.7640 a=74.1, f1=70.0 (0.6s)
2026-04-23 22:02:29 [INFO ] [e54/200 s51481] TR (n=159354) l=0.5807 a=83.0 f1=77.5 (8.8s)| VA (n=20760) l=2.0014 a=53.1, f1=48.4 (0.5s) | TE (n=18884) l=1.8425 a=59.1, f1=50.3 (0.6s)
2026-04-23 22:02:39 [INFO ] [e55/200 s52478] TR (n=159354) l=0.5676 a=82.5 f1=76.9 (8.8s)| VA (n=20760) l=0.7816 a=70.4, f1=55.5 (0.4s) | TE (n=18884) l=1.6497 a=56.9, f1=49.1 (0.5s)
2026-04-23 22:02:49 [INFO ] [e56/200 s53379] TR (n=159370) l=0.5510 a=82.5 f1=76.5 (8.3s)| VA (n=20760) l=1.7584 a=63.4, f1=46.3 (0.4s) | TE (n=18884) l=1.7982 a=60.5, f1=44.2 (0.5s)
2026-04-23 22:02:59 [INFO ] [e57/200 s54327] TR (n=159338) l=0.5208 a=82.8 f1=77.0 (8.7s)| VA (n=20760) l=0.5690 a=80.0, f1=71.1 (0.4s) | TE (n=18884) l=0.8853 a=76.0, f1=69.0 (0.5s)
2026-04-23 22:03:10 [INFO ] [e58/200 s55242] TR (n=159298) l=0.5404 a=82.5 f1=76.8 (9.2s)| VA (n=20760) l=0.8031 a=74.7, f1=62.8 (0.5s) | TE (n=18884) l=1.1108 a=66.7, f1=55.3 (0.6s)
2026-04-23 22:03:21 [INFO ] [e59/200 s56191] TR (n=159318) l=0.5573 a=83.1 f1=77.6 (9.2s)| VA (n=20760) l=0.6757 a=74.6, f1=64.2 (0.4s) | TE (n=18884) l=1.0912 a=64.3, f1=57.1 (0.6s)
2026-04-23 22:03:32 [INFO ] [e60/200 s57115] TR (n=159380) l=0.5418 a=83.0 f1=77.3 (9.3s)| VA (n=20760) l=1.1269 a=67.0, f1=59.2 (0.5s) | TE (n=18884) l=1.4247 a=64.8, f1=58.3 (0.6s)
2026-04-23 22:03:44 [INFO ] [e61/200 s58088] TR (n=159315) l=0.5577 a=82.7 f1=76.9 (9.7s)| VA (n=20760) l=0.6824 a=68.9, f1=52.2 (0.5s) | TE (n=18884) l=0.9884 a=62.4, f1=50.2 (0.6s)
2026-04-23 22:03:54 [INFO ] [e62/200 s59013] TR (n=159331) l=0.5564 a=82.7 f1=77.1 (9.0s)| VA (n=20760) l=0.9211 a=71.6, f1=58.8 (0.4s) | TE (n=18884) l=1.1590 a=66.2, f1=55.8 (0.5s)
2026-04-23 22:04:06 [INFO ] [e63/200 s59972] TR (n=159344) l=0.5539 a=82.3 f1=76.6 (9.0s)| VA (n=20760) l=0.6505 a=74.1, f1=68.2 (0.4s) | TE (n=18884) l=0.9325 a=68.3, f1=64.6 (0.6s)
2026-04-23 22:04:17 [INFO ] [e64/200 s60954] TR (n=159323) l=0.5422 a=83.2 f1=77.6 (9.2s)| VA (n=20760) l=0.5703 a=79.7, f1=59.8 (0.4s) | TE (n=18884) l=0.9504 a=71.7, f1=56.7 (0.6s)
2026-04-23 22:04:27 [INFO ] [e65/200 s61848] TR (n=159355) l=0.5703 a=83.2 f1=77.8 (8.5s)| VA (n=20760) l=0.5740 a=79.7, f1=68.2 (0.4s) | TE (n=18884) l=0.9823 a=71.7, f1=65.0 (0.5s)
2026-04-23 22:04:38 [INFO ] [e66/200 s62763] TR (n=159330) l=0.5058 a=83.6 f1=78.1 (8.9s)| VA (n=20760) l=0.7240 a=76.6, f1=65.3 (0.4s) | TE (n=18884) l=1.0576 a=71.8, f1=64.0 (0.6s)
2026-04-23 22:04:48 [INFO ] [e67/200 s63727] TR (n=159322) l=0.5127 a=82.9 f1=77.1 (8.9s)| VA (n=20760) l=2.5042 a=33.7, f1=26.4 (0.5s) | TE (n=18884) l=2.5234 a=40.0, f1=33.6 (0.6s)
2026-04-23 22:04:59 [INFO ] [e68/200 s64663] TR (n=159356) l=0.5266 a=83.4 f1=78.1 (9.3s)| VA (n=20760) l=1.3503 a=70.2, f1=64.9 (0.5s) | TE (n=18884) l=1.3870 a=64.8, f1=58.9 (0.6s)
2026-04-23 22:05:09 [INFO ] [e69/200 s65609] TR (n=159346) l=0.4987 a=83.4 f1=78.0 (9.0s)| VA (n=20760) l=1.5364 a=63.2, f1=51.8 (0.4s) | TE (n=18884) l=1.8305 a=60.1, f1=49.5 (0.5s)
2026-04-23 22:05:20 [INFO ] [e70/200 s66530] TR (n=159350) l=0.5541 a=83.1 f1=77.4 (9.0s)| VA (n=20760) l=0.7133 a=72.1, f1=59.6 (0.5s) | TE (n=18884) l=0.9485 a=66.0, f1=53.3 (0.5s)
2026-04-23 22:05:31 [INFO ] [e71/200 s67493] TR (n=159335) l=0.5267 a=83.5 f1=78.3 (9.1s)| VA (n=20760) l=0.8894 a=72.7, f1=50.3 (0.4s) | TE (n=18884) l=1.0545 a=71.0, f1=51.9 (0.6s)
2026-04-23 22:05:42 [INFO ] [e72/200 s68430] TR (n=159342) l=0.5529 a=83.2 f1=77.5 (9.3s)| VA (n=20760) l=0.7657 a=71.5, f1=65.0 (0.5s) | TE (n=18884) l=0.8205 a=71.7, f1=67.4 (0.6s)
2026-04-23 22:05:53 [INFO ] [e73/200 s69374] TR (n=159345) l=0.5196 a=83.2 f1=77.5 (9.2s)| VA (n=20760) l=0.5294 a=80.6, f1=66.9 (0.5s) | TE (n=18884) l=0.9364 a=71.9, f1=61.5 (0.6s)
2026-04-23 22:06:03 [INFO ] [e74/200 s70297] TR (n=159373) l=0.5259 a=83.6 f1=78.1 (8.9s)| VA (n=20760) l=0.5377 a=79.6, f1=70.8 (0.5s) | TE (n=18884) l=0.6502 a=78.9, f1=72.4 (0.6s)
2026-04-23 22:06:15 [INFO ] [e75/200 s71255] TR (n=159356) l=0.5588 a=83.7 f1=78.4 (9.5s)| VA (n=20760) l=0.6504 a=76.1, f1=64.7 (0.5s) | TE (n=18884) l=0.9757 a=69.5, f1=59.6 (0.6s)
2026-04-23 22:06:24 [INFO ] [e76/200 s72156] TR (n=159343) l=0.5143 a=83.4 f1=78.1 (8.3s)| VA (n=20760) l=0.6357 a=76.3, f1=62.4 (0.4s) | TE (n=18884) l=0.9911 a=69.3, f1=59.6 (0.5s)
2026-04-23 22:06:34 [INFO ] [e77/200 s73062] TR (n=159309) l=0.5216 a=83.5 f1=78.1 (8.2s)| VA (n=20760) l=0.8078 a=71.8, f1=59.8 (0.4s) | TE (n=18884) l=0.9163 a=68.8, f1=59.8 (0.5s)
2026-04-23 22:06:45 [INFO ] [e78/200 s74052] TR (n=159353) l=0.4939 a=83.7 f1=78.4 (9.5s)| VA (n=20760) l=0.5390 a=80.4, f1=71.8 (0.5s) | TE (n=18884) l=0.7423 a=78.7, f1=73.5 (0.6s)
2026-04-23 22:06:45 [INFO ] Saved best checkpoint to out_sleepedfx/train/2/best_ckpt/best_model.ckpt
2026-04-23 22:06:56 [INFO ] [e79/200 s75000] TR (n=159326) l=0.5128 a=83.8 f1=78.6 (9.1s)| VA (n=20760) l=0.5337 a=79.4, f1=72.8 (0.4s) | TE (n=18884) l=0.7640 a=76.7, f1=72.5 (0.6s)
2026-04-23 22:07:07 [INFO ] [e80/200 s75988] TR (n=159310) l=0.5223 a=84.0 f1=78.8 (9.2s)| VA (n=20760) l=0.8052 a=71.4, f1=62.3 (0.5s) | TE (n=18884) l=0.9329 a=70.9, f1=63.6 (0.6s)
2026-04-23 22:07:18 [INFO ] [e81/200 s76954] TR (n=159357) l=0.5643 a=83.2 f1=77.6 (9.0s)| VA (n=20760) l=0.5779 a=77.6, f1=64.2 (0.5s) | TE (n=18884) l=0.7759 a=73.6, f1=63.1 (0.6s)
2026-04-23 22:07:29 [INFO ] [e82/200 s77944] TR (n=159332) l=0.5074 a=83.9 f1=78.5 (9.5s)| VA (n=20760) l=0.4982 a=80.4, f1=70.0 (0.5s) | TE (n=18884) l=0.7443 a=75.6, f1=67.6 (0.6s)
2026-04-23 22:07:39 [INFO ] [e83/200 s78898] TR (n=159317) l=0.5082 a=83.8 f1=78.5 (8.8s)| VA (n=20760) l=0.9955 a=72.6, f1=62.7 (0.4s) | TE (n=18884) l=1.2230 a=63.8, f1=55.0 (0.6s)
2026-04-23 22:07:49 [INFO ] [e84/200 s79822] TR (n=159345) l=0.5329 a=84.1 f1=78.9 (8.8s)| VA (n=20760) l=1.0129 a=71.8, f1=68.4 (0.4s) | TE (n=18884) l=1.1494 a=70.6, f1=66.5 (0.5s)
2026-04-23 22:08:00 [INFO ] [e85/200 s80782] TR (n=159351) l=0.5042 a=83.9 f1=78.6 (9.2s)| VA (n=20760) l=0.6115 a=76.9, f1=70.8 (0.5s) | TE (n=18884) l=0.7127 a=75.7, f1=71.5 (0.5s)
2026-04-23 22:08:12 [INFO ] [e86/200 s81771] TR (n=159314) l=0.4996 a=83.8 f1=78.6 (9.9s)| VA (n=20760) l=0.5821 a=77.6, f1=66.5 (0.5s) | TE (n=18884) l=0.6933 a=74.2, f1=64.4 (0.6s)
2026-04-23 22:08:23 [INFO ] [e87/200 s82678] TR (n=159352) l=0.5145 a=84.0 f1=78.7 (9.1s)| VA (n=20760) l=0.4660 a=82.5, f1=73.9 (0.5s) | TE (n=18884) l=0.6783 a=79.0, f1=72.2 (0.6s)
2026-04-23 22:08:23 [INFO ] Saved best checkpoint to out_sleepedfx/train/2/best_ckpt/best_model.ckpt
2026-04-23 22:08:34 [INFO ] [e88/200 s83640] TR (n=159356) l=0.5245 a=84.2 f1=79.1 (9.3s)| VA (n=20760) l=0.6768 a=76.5, f1=62.4 (0.5s) | TE (n=18884) l=1.2331 a=65.7, f1=52.4 (0.6s)
2026-04-23 22:08:45 [INFO ] [e89/200 s84593] TR (n=159320) l=0.5222 a=84.0 f1=78.7 (9.3s)| VA (n=20760) l=0.5088 a=82.2, f1=72.4 (0.5s) | TE (n=18884) l=0.7386 a=78.1, f1=70.2 (0.6s)
2026-04-23 22:08:55 [INFO ] [e90/200 s85509] TR (n=159316) l=0.5153 a=84.2 f1=79.0 (8.6s)| VA (n=20760) l=0.7033 a=74.5, f1=59.4 (0.5s) | TE (n=18884) l=0.9272 a=67.7, f1=53.9 (0.5s)
2026-04-23 22:09:06 [INFO ] [e91/200 s86459] TR (n=159335) l=0.4952 a=84.1 f1=78.8 (9.2s)| VA (n=20760) l=0.7359 a=76.5, f1=57.1 (0.5s) | TE (n=18884) l=1.2204 a=68.7, f1=55.2 (0.6s)
2026-04-23 22:09:16 [INFO ] [e92/200 s87455] TR (n=159348) l=0.5192 a=84.0 f1=79.0 (9.1s)| VA (n=20760) l=0.5975 a=79.5, f1=65.2 (0.4s) | TE (n=18884) l=0.8729 a=74.6, f1=62.9 (0.5s)
2026-04-23 22:09:26 [INFO ] [e93/200 s88376] TR (n=159328) l=0.5016 a=84.3 f1=79.3 (8.5s)| VA (n=20760) l=0.6105 a=78.6, f1=60.8 (0.5s) | TE (n=18884) l=1.2368 a=69.4, f1=55.0 (0.6s)
2026-04-23 22:09:37 [INFO ] [e94/200 s89303] TR (n=159356) l=0.4950 a=84.2 f1=79.1 (8.8s)| VA (n=20760) l=0.5333 a=77.8, f1=70.1 (0.4s) | TE (n=18884) l=0.6925 a=75.4, f1=70.7 (0.5s)
2026-04-23 22:09:48 [INFO ] [e95/200 s90272] TR (n=159309) l=0.5145 a=83.6 f1=78.4 (9.2s)| VA (n=20760) l=0.9217 a=72.0, f1=61.9 (0.4s) | TE (n=18884) l=1.1580 a=68.1, f1=57.4 (0.5s)
2026-04-23 22:09:58 [INFO ] [e96/200 s91240] TR (n=159330) l=0.5147 a=84.3 f1=79.1 (8.9s)| VA (n=20760) l=0.6530 a=76.6, f1=69.1 (0.5s) | TE (n=18884) l=0.9851 a=70.5, f1=66.5 (0.6s)
2026-04-23 22:10:10 [INFO ] [e97/200 s92239] TR (n=159303) l=0.5265 a=83.9 f1=78.8 (9.5s)| VA (n=20760) l=0.5556 a=79.4, f1=59.9 (0.5s) | TE (n=18884) l=0.9404 a=73.4, f1=58.0 (0.6s)
2026-04-23 22:10:20 [INFO ] [e98/200 s93234] TR (n=159342) l=0.4962 a=84.3 f1=79.3 (9.1s)| VA (n=20760) l=1.0466 a=71.0, f1=65.1 (0.4s) | TE (n=18884) l=1.0761 a=68.5, f1=64.3 (0.5s)
2026-04-23 22:10:31 [INFO ] [e99/200 s94191] TR (n=159381) l=0.4789 a=84.1 f1=78.8 (9.1s)| VA (n=20760) l=0.5363 a=79.5, f1=63.4 (0.5s) | TE (n=18884) l=0.8563 a=71.0, f1=57.4 (0.6s)
2026-04-23 22:10:42 [INFO ] [e100/200 s95156] TR (n=159313) l=0.5489 a=84.4 f1=79.3 (9.5s)| VA (n=20760) l=1.3077 a=59.6, f1=56.6 (0.5s) | TE (n=18884) l=1.3010 a=59.5, f1=58.3 (0.6s)
2026-04-23 22:10:42 [INFO ] >> Confusion Matrix
2026-04-23 22:10:42 [INFO ] [[2352  833   37    5 1677]
 [  43  879  223    2  569]
 [  13  475 4140  236 2535]
 [   0    4  149  896  629]
 [   7  137   72    0 2971]]
2026-04-23 22:10:53 [INFO ] [e101/200 s96135] TR (n=159349) l=0.5499 a=84.3 f1=79.2 (9.8s)| VA (n=20760) l=1.7579 a=44.8, f1=45.8 (0.5s) | TE (n=18884) l=1.9226 a=48.1, f1=47.4 (0.6s)
2026-04-23 22:11:04 [INFO ] [e102/200 s97083] TR (n=159334) l=0.5016 a=84.0 f1=78.7 (9.2s)| VA (n=20760) l=0.8695 a=73.4, f1=68.2 (0.5s) | TE (n=18884) l=0.9457 a=69.7, f1=66.5 (0.6s)
2026-04-23 22:11:16 [INFO ] [e103/200 s98058] TR (n=159301) l=0.4816 a=84.1 f1=78.9 (9.7s)| VA (n=20760) l=0.5798 a=79.3, f1=57.3 (0.5s) | TE (n=18884) l=0.8668 a=75.3, f1=58.2 (0.6s)
2026-04-23 22:11:26 [INFO ] [e104/200 s99029] TR (n=159351) l=0.4936 a=84.4 f1=79.2 (8.8s)| VA (n=20760) l=0.6348 a=75.4, f1=67.0 (0.5s) | TE (n=18884) l=0.9052 a=76.0, f1=70.2 (0.6s)
2026-04-23 22:11:36 [INFO ] [e105/200 s99975] TR (n=159349) l=0.4936 a=84.0 f1=78.8 (8.8s)| VA (n=20760) l=0.6179 a=74.7, f1=65.4 (0.4s) | TE (n=18884) l=0.7329 a=75.3, f1=71.2 (0.5s)
2026-04-23 22:11:47 [INFO ] [e106/200 s100919] TR (n=159304) l=0.5145 a=84.0 f1=79.0 (8.8s)| VA (n=20760) l=0.5969 a=76.5, f1=56.0 (0.4s) | TE (n=18884) l=0.8085 a=69.7, f1=54.2 (0.5s)
2026-04-23 22:11:57 [INFO ] [e107/200 s101881] TR (n=159349) l=0.5288 a=84.4 f1=79.5 (9.1s)| VA (n=20760) l=0.6478 a=76.9, f1=60.2 (0.5s) | TE (n=18884) l=1.1299 a=67.6, f1=54.0 (0.6s)
2026-04-23 22:12:08 [INFO ] [e108/200 s102872] TR (n=159347) l=0.5107 a=84.2 f1=79.2 (9.1s)| VA (n=20760) l=0.5599 a=79.7, f1=65.4 (0.4s) | TE (n=18884) l=0.8347 a=77.0, f1=66.6 (0.5s)
2026-04-23 22:12:19 [INFO ] [e109/200 s103844] TR (n=159331) l=0.4965 a=84.5 f1=79.3 (9.2s)| VA (n=20760) l=1.4403 a=63.6, f1=48.5 (0.5s) | TE (n=18884) l=1.9840 a=61.9, f1=46.6 (0.5s)
2026-04-23 22:12:30 [INFO ] [e110/200 s104811] TR (n=159345) l=0.5198 a=84.4 f1=79.2 (9.0s)| VA (n=20760) l=0.5857 a=79.6, f1=72.9 (0.5s) | TE (n=18884) l=0.8976 a=73.5, f1=68.9 (0.6s)
2026-04-23 22:12:41 [INFO ] [e111/200 s105759] TR (n=159341) l=0.5101 a=84.7 f1=79.6 (9.2s)| VA (n=20760) l=0.6441 a=73.8, f1=65.4 (0.5s) | TE (n=18884) l=0.8945 a=68.3, f1=64.9 (0.6s)
2026-04-23 22:12:52 [INFO ] [e112/200 s106750] TR (n=159332) l=0.4975 a=84.3 f1=79.2 (9.4s)| VA (n=20760) l=0.6245 a=76.9, f1=68.8 (0.4s) | TE (n=18884) l=0.7539 a=74.0, f1=68.4 (0.6s)
2026-04-23 22:13:02 [INFO ] [e113/200 s107692] TR (n=159335) l=0.4851 a=84.8 f1=79.8 (9.2s)| VA (n=20760) l=0.4883 a=82.2, f1=67.2 (0.5s) | TE (n=18884) l=0.8725 a=73.2, f1=58.8 (0.6s)
2026-04-23 22:13:14 [INFO ] [e114/200 s108687] TR (n=159309) l=0.5266 a=84.4 f1=79.3 (9.6s)| VA (n=20760) l=0.7519 a=74.7, f1=52.4 (0.5s) | TE (n=18884) l=1.1863 a=69.3, f1=53.1 (0.6s)
2026-04-23 22:13:24 [INFO ] [e115/200 s109621] TR (n=159309) l=0.4713 a=84.5 f1=79.6 (9.1s)| VA (n=20760) l=0.7187 a=78.3, f1=66.3 (0.5s) | TE (n=18884) l=0.9093 a=72.6, f1=62.7 (0.6s)
2026-04-23 22:13:36 [INFO ] [e116/200 s110592] TR (n=159335) l=0.5357 a=84.8 f1=79.9 (9.3s)| VA (n=20760) l=1.3344 a=63.2, f1=47.1 (0.5s) | TE (n=18884) l=1.6211 a=61.2, f1=46.6 (0.6s)
2026-04-23 22:13:46 [INFO ] [e117/200 s111530] TR (n=159333) l=0.4454 a=84.5 f1=79.3 (9.0s)| VA (n=20760) l=0.5875 a=80.2, f1=63.4 (0.5s) | TE (n=18884) l=0.9233 a=71.1, f1=58.9 (0.6s)
2026-04-23 22:13:57 [INFO ] [e118/200 s112504] TR (n=159350) l=0.4839 a=84.3 f1=79.3 (9.3s)| VA (n=20760) l=1.3951 a=64.5, f1=47.6 (0.5s) | TE (n=18884) l=1.7598 a=61.7, f1=49.2 (0.6s)
2026-04-23 22:14:08 [INFO ] [e119/200 s113417] TR (n=159354) l=0.4899 a=84.7 f1=79.9 (9.1s)| VA (n=20760) l=1.0371 a=70.1, f1=50.1 (0.4s) | TE (n=18884) l=1.5631 a=63.0, f1=48.8 (0.5s)
2026-04-23 22:14:18 [INFO ] [e120/200 s114348] TR (n=159338) l=0.4701 a=84.7 f1=79.6 (8.9s)| VA (n=20760) l=0.5816 a=78.7, f1=69.7 (0.4s) | TE (n=18884) l=0.8050 a=73.2, f1=66.7 (0.5s)
2026-04-23 22:14:29 [INFO ] [e121/200 s115279] TR (n=159337) l=0.4706 a=84.6 f1=79.5 (9.2s)| VA (n=20760) l=0.5468 a=79.5, f1=71.2 (0.4s) | TE (n=18884) l=0.7461 a=77.3, f1=71.3 (0.5s)
2026-04-23 22:14:40 [INFO ] [e122/200 s116244] TR (n=159340) l=0.5275 a=84.4 f1=79.4 (9.2s)| VA (n=20760) l=0.7456 a=72.4, f1=66.3 (0.4s) | TE (n=18884) l=0.9323 a=68.0, f1=64.9 (0.6s)
2026-04-23 22:14:50 [INFO ] [e123/200 s117170] TR (n=159302) l=0.4889 a=84.8 f1=79.8 (8.9s)| VA (n=20760) l=0.5176 a=79.4, f1=68.8 (0.5s) | TE (n=18884) l=0.6744 a=77.6, f1=68.9 (0.5s)
2026-04-23 22:15:01 [INFO ] [e124/200 s118121] TR (n=159335) l=0.4651 a=84.7 f1=79.8 (8.8s)| VA (n=20760) l=0.9232 a=73.8, f1=48.0 (0.5s) | TE (n=18884) l=1.1781 a=66.1, f1=44.0 (0.5s)
2026-04-23 22:15:12 [INFO ] [e125/200 s119077] TR (n=159315) l=0.5023 a=84.4 f1=79.6 (9.6s)| VA (n=20760) l=0.5438 a=79.9, f1=72.9 (0.5s) | TE (n=18884) l=0.7576 a=78.8, f1=73.0 (0.6s)
2026-04-23 22:15:23 [INFO ] [e126/200 s120059] TR (n=159332) l=0.5116 a=84.8 f1=79.8 (9.4s)| VA (n=20760) l=1.1602 a=58.8, f1=42.9 (0.5s) | TE (n=18884) l=1.7542 a=55.3, f1=42.1 (0.6s)
2026-04-23 22:15:34 [INFO ] [e127/200 s120985] TR (n=159353) l=0.4732 a=84.8 f1=79.9 (9.2s)| VA (n=20760) l=0.6158 a=78.6, f1=71.4 (0.5s) | TE (n=18884) l=1.0262 a=73.3, f1=67.5 (0.6s)
2026-04-23 22:15:44 [INFO ] [e128/200 s121913] TR (n=159343) l=0.4758 a=85.1 f1=80.3 (9.0s)| VA (n=20760) l=0.4733 a=80.7, f1=72.2 (0.4s) | TE (n=18884) l=0.7387 a=76.7, f1=71.2 (0.6s)
2026-04-23 22:15:55 [INFO ] [e129/200 s122839] TR (n=159324) l=0.4501 a=85.2 f1=80.3 (9.0s)| VA (n=20760) l=0.5208 a=80.2, f1=72.0 (0.5s) | TE (n=18884) l=0.9991 a=71.3, f1=66.1 (0.6s)
2026-04-23 22:16:06 [INFO ] [e130/200 s123785] TR (n=159352) l=0.4778 a=84.9 f1=80.1 (9.4s)| VA (n=20760) l=0.7778 a=70.3, f1=61.7 (0.5s) | TE (n=18884) l=1.1474 a=67.2, f1=61.3 (0.6s)
2026-04-23 22:16:17 [INFO ] [e131/200 s124722] TR (n=159333) l=0.4726 a=84.8 f1=80.1 (8.7s)| VA (n=20760) l=0.4604 a=82.1, f1=71.8 (0.4s) | TE (n=18884) l=0.6827 a=76.6, f1=67.8 (0.5s)
2026-04-23 22:16:27 [INFO ] [e132/200 s125665] TR (n=159361) l=0.4901 a=84.9 f1=79.9 (9.1s)| VA (n=20760) l=0.9793 a=73.7, f1=56.6 (0.5s) | TE (n=18884) l=1.5169 a=64.3, f1=50.5 (0.6s)
2026-04-23 22:16:38 [INFO ] [e133/200 s126638] TR (n=159344) l=0.4924 a=85.4 f1=80.7 (9.0s)| VA (n=20760) l=0.5385 a=80.0, f1=64.6 (0.5s) | TE (n=18884) l=0.9256 a=73.8, f1=62.8 (0.6s)
2026-04-23 22:16:49 [INFO ] [e134/200 s127604] TR (n=159332) l=0.5011 a=84.7 f1=79.7 (9.1s)| VA (n=20760) l=1.3158 a=63.8, f1=61.8 (0.4s) | TE (n=18884) l=1.3298 a=64.0, f1=62.1 (0.5s)
2026-04-23 22:16:59 [INFO ] [e135/200 s128568] TR (n=159305) l=0.4887 a=84.9 f1=80.2 (8.9s)| VA (n=20760) l=0.8741 a=71.0, f1=52.4 (0.5s) | TE (n=18884) l=0.9861 a=68.2, f1=55.0 (0.6s)
2026-04-23 22:17:10 [INFO ] [e136/200 s129540] TR (n=159352) l=0.4643 a=85.2 f1=80.5 (9.2s)| VA (n=20760) l=0.6965 a=75.3, f1=61.2 (0.5s) | TE (n=18884) l=1.1672 a=67.9, f1=56.4 (0.6s)
2026-04-23 22:17:21 [INFO ] [e137/200 s130509] TR (n=159339) l=0.4614 a=85.0 f1=80.2 (9.4s)| VA (n=20760) l=0.6539 a=77.6, f1=56.2 (0.4s) | TE (n=18884) l=1.1072 a=70.3, f1=54.1 (0.6s)
2026-04-23 22:17:31 [INFO ] [e138/200 s131440] TR (n=159355) l=0.4795 a=85.2 f1=80.4 (8.6s)| VA (n=20760) l=0.9222 a=68.5, f1=48.9 (0.4s) | TE (n=18884) l=1.0918 a=66.8, f1=52.7 (0.5s)
2026-04-23 22:17:42 [INFO ] [e139/200 s132362] TR (n=159352) l=0.4735 a=85.1 f1=80.2 (8.8s)| VA (n=20760) l=0.5984 a=79.9, f1=71.1 (0.5s) | TE (n=18884) l=0.8777 a=74.5, f1=69.6 (0.6s)
2026-04-23 22:17:53 [INFO ] [e140/200 s133281] TR (n=159362) l=0.4866 a=84.9 f1=79.9 (9.1s)| VA (n=20760) l=0.5780 a=80.6, f1=59.0 (0.5s) | TE (n=18884) l=1.1036 a=74.0, f1=58.5 (0.6s)
2026-04-23 22:18:04 [INFO ] [e141/200 s134213] TR (n=159361) l=0.4675 a=85.4 f1=80.6 (9.3s)| VA (n=20760) l=0.5464 a=82.2, f1=74.6 (0.5s) | TE (n=18884) l=0.9382 a=74.5, f1=70.3 (0.6s)
2026-04-23 22:18:15 [INFO ] [e142/200 s135150] TR (n=159349) l=0.5133 a=84.8 f1=79.9 (9.6s)| VA (n=20760) l=0.5165 a=80.1, f1=73.3 (0.4s) | TE (n=18884) l=0.8250 a=76.9, f1=72.9 (0.6s)
2026-04-23 22:18:26 [INFO ] [e143/200 s136053] TR (n=159312) l=0.4884 a=85.1 f1=80.3 (9.1s)| VA (n=20760) l=0.5810 a=75.4, f1=67.2 (0.5s) | TE (n=18884) l=0.7649 a=73.5, f1=70.4 (0.6s)
2026-04-23 22:18:37 [INFO ] [e144/200 s137005] TR (n=159352) l=0.4700 a=85.0 f1=80.1 (9.5s)| VA (n=20760) l=1.2856 a=61.8, f1=59.1 (0.5s) | TE (n=18884) l=1.7658 a=59.2, f1=57.9 (0.6s)
2026-04-23 22:18:47 [INFO ] [e145/200 s137935] TR (n=159342) l=0.4606 a=85.1 f1=80.3 (8.4s)| VA (n=20760) l=0.4997 a=81.5, f1=65.9 (0.4s) | TE (n=18884) l=0.7310 a=77.1, f1=65.5 (0.6s)
2026-04-23 22:18:58 [INFO ] [e146/200 s138925] TR (n=159342) l=0.4816 a=84.9 f1=80.1 (9.5s)| VA (n=20760) l=1.3732 a=68.6, f1=49.2 (0.5s) | TE (n=18884) l=1.7158 a=60.4, f1=44.4 (0.6s)
2026-04-23 22:19:09 [INFO ] [e147/200 s139903] TR (n=159370) l=0.4743 a=85.1 f1=80.1 (9.3s)| VA (n=20760) l=0.4984 a=79.8, f1=73.1 (0.5s) | TE (n=18884) l=0.7144 a=78.7, f1=75.0 (0.6s)
2026-04-23 22:19:20 [INFO ] [e148/200 s140902] TR (n=159351) l=0.4867 a=84.5 f1=79.6 (9.6s)| VA (n=20760) l=0.4832 a=82.2, f1=72.7 (0.5s) | TE (n=18884) l=0.8901 a=80.9, f1=73.1 (0.5s)
2026-04-23 22:19:31 [INFO ] [e149/200 s141838] TR (n=159352) l=0.4801 a=85.3 f1=80.5 (8.9s)| VA (n=20760) l=0.5864 a=79.9, f1=58.1 (0.4s) | TE (n=18884) l=0.9908 a=75.0, f1=58.6 (0.5s)
2026-04-23 22:19:42 [INFO ] [e150/200 s142800] TR (n=159330) l=0.4406 a=85.7 f1=81.0 (9.5s)| VA (n=20760) l=0.5159 a=82.1, f1=73.2 (0.4s) | TE (n=18884) l=0.6984 a=79.9, f1=72.8 (0.5s)
2026-04-23 22:19:42 [INFO ] >> Confusion Matrix
2026-04-23 22:19:42 [INFO ] [[4466  329   45    1   63]
 [ 206  855  452    1  202]
 [  52  433 6402   52  460]
 [   7    5  874  787    5]
 [ 163  244  201    0 2579]]
2026-04-23 22:19:52 [INFO ] [e151/200 s143756] TR (n=159373) l=0.5165 a=85.2 f1=80.6 (8.7s)| VA (n=20760) l=1.1503 a=56.6, f1=41.7 (0.4s) | TE (n=18884) l=1.3476 a=53.5, f1=46.2 (0.6s)
2026-04-23 22:20:03 [INFO ] [e152/200 s144716] TR (n=159308) l=0.4685 a=84.8 f1=80.1 (9.2s)| VA (n=20760) l=0.5353 a=83.6, f1=77.2 (0.5s) | TE (n=18884) l=0.5924 a=80.4, f1=75.9 (0.6s)
2026-04-23 22:20:03 [INFO ] Saved best checkpoint to out_sleepedfx/train/2/best_ckpt/best_model.ckpt
2026-04-23 22:20:14 [INFO ] [e153/200 s145702] TR (n=159327) l=0.4708 a=85.2 f1=80.4 (9.3s)| VA (n=20760) l=0.9716 a=75.8, f1=68.7 (0.4s) | TE (n=18884) l=1.0619 a=71.9, f1=67.6 (0.5s)
2026-04-23 22:20:26 [INFO ] [e154/200 s146669] TR (n=159347) l=0.4428 a=85.3 f1=80.6 (10.0s)| VA (n=20760) l=0.5718 a=81.5, f1=69.8 (0.5s) | TE (n=18884) l=0.9736 a=74.1, f1=65.1 (0.7s)
2026-04-23 22:20:37 [INFO ] [e155/200 s147625] TR (n=159337) l=0.4598 a=85.3 f1=80.6 (9.5s)| VA (n=20760) l=0.8898 a=68.0, f1=49.8 (0.5s) | TE (n=18884) l=1.0547 a=62.6, f1=49.0 (0.6s)
2026-04-23 22:20:48 [INFO ] [e156/200 s148534] TR (n=159340) l=0.4666 a=85.4 f1=80.6 (9.0s)| VA (n=20760) l=0.5988 a=79.9, f1=70.8 (0.4s) | TE (n=18884) l=1.0069 a=74.3, f1=69.6 (0.6s)
2026-04-23 22:20:58 [INFO ] [e157/200 s149464] TR (n=159315) l=0.4262 a=85.4 f1=80.6 (9.0s)| VA (n=20760) l=0.5234 a=82.1, f1=74.9 (0.5s) | TE (n=18884) l=0.8579 a=81.0, f1=76.4 (0.6s)
2026-04-23 22:21:08 [INFO ] [e158/200 s150405] TR (n=159349) l=0.4550 a=85.7 f1=81.2 (8.8s)| VA (n=20760) l=0.5181 a=80.5, f1=64.8 (0.4s) | TE (n=18884) l=1.0010 a=74.6, f1=63.0 (0.6s)
2026-04-23 22:21:20 [INFO ] [e159/200 s151356] TR (n=159343) l=0.5069 a=85.3 f1=80.6 (9.2s)| VA (n=20760) l=0.9520 a=72.5, f1=61.4 (0.5s) | TE (n=18884) l=1.0746 a=68.6, f1=56.6 (0.6s)
2026-04-23 22:21:31 [INFO ] [e160/200 s152326] TR (n=159307) l=0.4588 a=85.1 f1=80.4 (9.3s)| VA (n=20760) l=0.5359 a=78.7, f1=72.8 (0.4s) | TE (n=18884) l=0.7940 a=76.8, f1=73.1 (0.6s)
2026-04-23 22:21:41 [INFO ] [e161/200 s153290] TR (n=159321) l=0.4527 a=85.5 f1=80.9 (9.2s)| VA (n=20760) l=0.4785 a=81.4, f1=70.6 (0.5s) | TE (n=18884) l=1.0393 a=74.6, f1=65.8 (0.6s)
2026-04-23 22:21:53 [INFO ] [e162/200 s154275] TR (n=159329) l=0.4498 a=85.5 f1=80.7 (9.4s)| VA (n=20760) l=0.9778 a=68.4, f1=50.9 (0.5s) | TE (n=18884) l=1.2534 a=62.3, f1=46.0 (0.6s)
2026-04-23 22:22:03 [INFO ] [e163/200 s155219] TR (n=159337) l=0.4759 a=85.1 f1=80.3 (8.9s)| VA (n=20760) l=0.6113 a=76.1, f1=70.0 (0.4s) | TE (n=18884) l=0.7407 a=77.5, f1=73.3 (0.5s)
2026-04-23 22:22:13 [INFO ] [e164/200 s156144] TR (n=159347) l=0.4742 a=85.4 f1=80.7 (8.9s)| VA (n=20760) l=1.5955 a=59.0, f1=47.7 (0.4s) | TE (n=18884) l=2.2175 a=53.9, f1=46.2 (0.5s)
2026-04-23 22:22:24 [INFO ] [e165/200 s157124] TR (n=159356) l=0.4896 a=85.5 f1=80.8 (9.3s)| VA (n=20760) l=0.5487 a=79.6, f1=71.2 (0.4s) | TE (n=18884) l=0.8172 a=78.4, f1=73.4 (0.5s)
2026-04-23 22:22:35 [INFO ] [e166/200 s158089] TR (n=159325) l=0.4502 a=85.6 f1=80.9 (9.3s)| VA (n=20760) l=0.5581 a=80.2, f1=62.8 (0.4s) | TE (n=18884) l=1.0230 a=76.5, f1=63.5 (0.5s)
2026-04-23 22:22:45 [INFO ] [e167/200 s159027] TR (n=159348) l=0.5026 a=85.3 f1=80.6 (8.7s)| VA (n=20760) l=0.6934 a=78.2, f1=70.7 (0.4s) | TE (n=18884) l=0.8866 a=74.6, f1=67.6 (0.6s)
2026-04-23 22:22:57 [INFO ] [e168/200 s160019] TR (n=159339) l=0.4614 a=85.3 f1=80.6 (10.0s)| VA (n=20760) l=0.6664 a=76.0, f1=65.2 (0.5s) | TE (n=18884) l=1.1553 a=67.3, f1=59.3 (0.6s)
2026-04-23 22:23:08 [INFO ] [e169/200 s160959] TR (n=159339) l=0.4438 a=85.8 f1=81.3 (9.2s)| VA (n=20760) l=0.5853 a=77.5, f1=62.4 (0.5s) | TE (n=18884) l=0.8611 a=72.0, f1=59.5 (0.6s)
2026-04-23 22:23:19 [INFO ] [e170/200 s161921] TR (n=159331) l=0.4619 a=85.4 f1=80.6 (9.4s)| VA (n=20760) l=0.4770 a=82.1, f1=72.4 (0.4s) | TE (n=18884) l=1.0205 a=76.6, f1=70.3 (0.5s)
2026-04-23 22:23:30 [INFO ] [e171/200 s162906] TR (n=159327) l=0.4125 a=85.5 f1=80.9 (9.6s)| VA (n=20760) l=0.5277 a=82.4, f1=71.3 (0.5s) | TE (n=18884) l=0.8377 a=78.7, f1=69.3 (0.6s)
2026-04-23 22:23:40 [INFO ] [e172/200 s163856] TR (n=159360) l=0.4356 a=85.9 f1=81.2 (8.5s)| VA (n=20760) l=0.7833 a=72.4, f1=60.9 (0.4s) | TE (n=18884) l=1.1805 a=67.4, f1=61.7 (0.5s)
2026-04-23 22:23:51 [INFO ] [e173/200 s164822] TR (n=159338) l=0.4313 a=85.5 f1=80.8 (9.1s)| VA (n=20760) l=0.6825 a=73.6, f1=67.1 (0.5s) | TE (n=18884) l=0.7294 a=74.3, f1=69.7 (0.6s)
2026-04-23 22:24:02 [INFO ] [e174/200 s165809] TR (n=159347) l=0.4644 a=85.7 f1=81.0 (9.3s)| VA (n=20760) l=0.8004 a=75.0, f1=64.6 (0.4s) | TE (n=18884) l=1.3579 a=68.5, f1=61.1 (0.5s)
2026-04-23 22:24:13 [INFO ] [e175/200 s166735] TR (n=159327) l=0.4392 a=85.7 f1=81.1 (8.8s)| VA (n=20760) l=0.7037 a=78.3, f1=61.1 (0.5s) | TE (n=18884) l=1.2857 a=71.2, f1=57.9 (0.6s)
2026-04-23 22:24:24 [INFO ] [e176/200 s167718] TR (n=159352) l=0.4929 a=85.6 f1=81.0 (9.6s)| VA (n=20760) l=1.2689 a=59.1, f1=53.2 (0.5s) | TE (n=18884) l=1.2375 a=57.5, f1=56.9 (0.6s)
2026-04-23 22:24:34 [INFO ] [e177/200 s168672] TR (n=159319) l=0.4347 a=85.7 f1=81.3 (8.9s)| VA (n=20760) l=0.6183 a=80.0, f1=60.4 (0.4s) | TE (n=18884) l=1.0174 a=74.3, f1=58.9 (0.5s)
2026-04-23 22:24:45 [INFO ] [e178/200 s169630] TR (n=159308) l=0.4595 a=85.9 f1=81.3 (9.2s)| VA (n=20760) l=1.3248 a=64.0, f1=61.0 (0.4s) | TE (n=18884) l=1.5627 a=63.1, f1=61.6 (0.5s)
2026-04-23 22:24:56 [INFO ] [e179/200 s170581] TR (n=159345) l=0.4606 a=85.7 f1=81.2 (9.3s)| VA (n=20760) l=0.5036 a=81.1, f1=75.2 (0.5s) | TE (n=18884) l=1.0074 a=74.7, f1=70.9 (0.6s)
2026-04-23 22:25:06 [INFO ] [e180/200 s171544] TR (n=159314) l=0.4410 a=85.9 f1=81.4 (8.9s)| VA (n=20760) l=0.5620 a=82.4, f1=75.0 (0.4s) | TE (n=18884) l=1.0118 a=79.0, f1=73.7 (0.6s)
2026-04-23 22:25:18 [INFO ] [e181/200 s172517] TR (n=159335) l=0.4680 a=85.6 f1=80.9 (9.4s)| VA (n=20760) l=0.6277 a=80.8, f1=72.4 (0.5s) | TE (n=18884) l=0.8720 a=79.1, f1=73.2 (0.6s)
2026-04-23 22:25:29 [INFO ] [e182/200 s173489] TR (n=159318) l=0.4753 a=85.9 f1=81.4 (9.6s)| VA (n=20760) l=0.5862 a=78.8, f1=62.7 (0.5s) | TE (n=18884) l=1.0572 a=73.2, f1=60.2 (0.6s)
2026-04-23 22:25:40 [INFO ] [e183/200 s174452] TR (n=159343) l=0.4530 a=86.1 f1=81.8 (9.4s)| VA (n=20760) l=0.6864 a=72.3, f1=60.3 (0.5s) | TE (n=18884) l=0.9519 a=69.7, f1=60.7 (0.6s)
2026-04-23 22:25:51 [INFO ] [e184/200 s175409] TR (n=159353) l=0.4700 a=85.9 f1=81.4 (9.3s)| VA (n=20760) l=0.7222 a=75.7, f1=56.1 (0.4s) | TE (n=18884) l=0.8497 a=69.5, f1=54.5 (0.6s)
2026-04-23 22:26:01 [INFO ] [e185/200 s176349] TR (n=159337) l=0.4923 a=85.6 f1=80.8 (9.0s)| VA (n=20760) l=0.8191 a=77.8, f1=55.5 (0.4s) | TE (n=18884) l=1.3167 a=67.4, f1=51.2 (0.5s)
2026-04-23 22:26:12 [INFO ] [e186/200 s177303] TR (n=159320) l=0.4273 a=85.8 f1=81.3 (9.1s)| VA (n=20760) l=0.6461 a=78.4, f1=59.0 (0.4s) | TE (n=18884) l=1.1971 a=69.3, f1=56.2 (0.6s)
2026-04-23 22:26:23 [INFO ] [e187/200 s178296] TR (n=159318) l=0.4460 a=86.0 f1=81.5 (9.6s)| VA (n=20760) l=0.5219 a=82.0, f1=72.8 (0.4s) | TE (n=18884) l=0.8618 a=76.0, f1=68.3 (0.5s)
2026-04-23 22:26:34 [INFO ] [e188/200 s179229] TR (n=159346) l=0.4553 a=85.7 f1=81.2 (8.7s)| VA (n=20760) l=0.4739 a=81.2, f1=74.0 (0.5s) | TE (n=18884) l=0.7473 a=78.3, f1=73.3 (0.6s)
2026-04-23 22:26:45 [INFO ] [e189/200 s180176] TR (n=159346) l=0.4301 a=86.0 f1=81.6 (9.2s)| VA (n=20760) l=0.9369 a=73.0, f1=57.5 (0.5s) | TE (n=18884) l=1.4471 a=63.8, f1=49.6 (0.6s)
2026-04-23 22:26:56 [INFO ] [e190/200 s181103] TR (n=159354) l=0.4462 a=86.2 f1=81.9 (9.3s)| VA (n=20760) l=0.5392 a=82.0, f1=75.5 (0.5s) | TE (n=18884) l=0.9990 a=75.6, f1=71.0 (0.6s)
2026-04-23 22:27:07 [INFO ] [e191/200 s182091] TR (n=159363) l=0.4285 a=86.1 f1=81.9 (9.7s)| VA (n=20760) l=0.7164 a=78.8, f1=64.8 (0.5s) | TE (n=18884) l=1.0485 a=69.9, f1=57.1 (0.6s)
2026-04-23 22:27:18 [INFO ] [e192/200 s183075] TR (n=159329) l=0.4454 a=85.9 f1=81.3 (9.4s)| VA (n=20760) l=0.5885 a=79.0, f1=69.8 (0.4s) | TE (n=18884) l=0.8929 a=75.1, f1=70.0 (0.5s)
2026-04-23 22:27:29 [INFO ] [e193/200 s184078] TR (n=159352) l=0.4256 a=85.8 f1=81.2 (9.5s)| VA (n=20760) l=0.4860 a=81.9, f1=76.0 (0.4s) | TE (n=18884) l=0.8785 a=79.1, f1=74.9 (0.5s)
2026-04-23 22:27:39 [INFO ] [e194/200 s184977] TR (n=159333) l=0.4214 a=86.4 f1=82.1 (8.7s)| VA (n=20760) l=0.5937 a=79.6, f1=72.1 (0.5s) | TE (n=18884) l=0.7832 a=72.6, f1=67.3 (0.6s)
2026-04-23 22:27:50 [INFO ] [e195/200 s185885] TR (n=159331) l=0.4389 a=85.8 f1=81.2 (9.2s)| VA (n=20760) l=0.5120 a=81.7, f1=74.2 (0.5s) | TE (n=18884) l=0.6718 a=82.0, f1=75.5 (0.6s)
2026-04-23 22:28:01 [INFO ] [e196/200 s186815] TR (n=159344) l=0.4874 a=86.0 f1=81.5 (9.5s)| VA (n=20760) l=0.8066 a=66.2, f1=64.7 (0.5s) | TE (n=18884) l=1.0089 a=67.6, f1=65.9 (0.6s)
2026-04-23 22:28:13 [INFO ] [e197/200 s187786] TR (n=159358) l=0.4252 a=86.1 f1=81.7 (9.8s)| VA (n=20760) l=0.8885 a=71.1, f1=50.6 (0.5s) | TE (n=18884) l=1.4600 a=60.7, f1=49.2 (0.6s)
2026-04-23 22:28:24 [INFO ] [e198/200 s188758] TR (n=159325) l=0.4455 a=86.0 f1=81.3 (9.3s)| VA (n=20760) l=0.8072 a=74.7, f1=58.9 (0.5s) | TE (n=18884) l=1.2042 a=66.8, f1=52.8 (0.6s)
2026-04-23 22:28:35 [INFO ] [e199/200 s189709] TR (n=159369) l=0.4506 a=86.1 f1=81.8 (9.1s)| VA (n=20760) l=0.5618 a=80.3, f1=74.0 (0.4s) | TE (n=18884) l=0.8469 a=77.8, f1=73.4 (0.5s)
2026-04-23 22:28:45 [INFO ] [e200/200 s190659] TR (n=159353) l=0.4414 a=86.1 f1=81.6 (9.1s)| VA (n=20760) l=0.5854 a=80.9, f1=72.5 (0.4s) | TE (n=18884) l=1.0476 a=74.9, f1=69.3 (0.5s)
2026-04-23 22:28:45 [INFO ] >> Confusion Matrix
2026-04-23 22:28:45 [INFO ] [[3578  376   70   11  869]
 [ 150  829  460    5  272]
 [  16  544 6176   99  564]
 [   0    4  637  942   95]
 [  40  326  209    0 2612]]
2026-04-23 22:28:45 [INFO ] Load generated SIDs from sleepedfx.txt
2026-04-23 22:28:45 [INFO ] SIDs (78): [ 0  1  2  3  4  5  6  7  8  9 10 11 12 13 14 15 16 17 18 19 20 21 22 23
 24 25 26 27 28 29 30 31 32 33 34 35 36 37 38 40 41 42 43 44 45 46 47 48
 49 50 51 52 53 54 55 56 57 58 59 60 61 62 63 64 65 66 67 70 71 72 73 74
 75 76 77 80 81 82]
2026-04-23 22:28:45 [INFO ] Train SIDs: (63) [ 0  1  2  3  4  6  7  8  9 10 11 12 13 14 15 16 17 18 19 20 21 22 23 32
 33 36 37 38 40 41 42 43 44 45 47 48 49 50 51 52 53 54 55 57 58 59 60 61
 62 63 64 65 66 67 70 71 72 73 75 76 77 80 82]
2026-04-23 22:28:45 [INFO ] Valid SIDs: (7) [ 5 34 46 74 35 56 81]
2026-04-23 22:28:45 [INFO ] Test SIDs: (8) [24 25 26 27 28 29 30 31]
2026-04-23 22:28:48 [INFO ] Training set (n_night_sleeps=123)
2026-04-23 22:28:48 [INFO ] (841, 3000, 1, 1)
2026-04-23 22:28:48 [INFO ] (1127, 3000, 1, 1)
2026-04-23 22:28:48 [INFO ] (1103, 3000, 1, 1)
2026-04-23 22:28:48 [INFO ] (2265, 3000, 1, 1)
2026-04-23 22:28:48 [INFO ] (1025, 3000, 1, 1)
2026-04-23 22:28:48 [INFO ] (1009, 3000, 1, 1)
2026-04-23 22:28:48 [INFO ] (952, 3000, 1, 1)
2026-04-23 22:28:48 [INFO ] (911, 3000, 1, 1)
2026-04-23 22:28:48 [INFO ] (1235, 3000, 1, 1)
2026-04-23 22:28:48 [INFO ] (1200, 3000, 1, 1)
2026-04-23 22:28:48 [INFO ] (843, 3000, 1, 1)
2026-04-23 22:28:48 [INFO ] (1016, 3000, 1, 1)
2026-04-23 22:28:48 [INFO ] (976, 3000, 1, 1)
2026-04-23 22:28:48 [INFO ] (1273, 3000, 1, 1)
2026-04-23 22:28:48 [INFO ] (1134, 3000, 1, 1)
2026-04-23 22:28:48 [INFO ] (1054, 3000, 1, 1)
2026-04-23 22:28:48 [INFO ] (1132, 3000, 1, 1)
2026-04-23 22:28:48 [INFO ] (1207, 3000, 1, 1)
2026-04-23 22:28:48 [INFO ] (1104, 3000, 1, 1)
2026-04-23 22:28:48 [INFO ] (1092, 3000, 1, 1)
2026-04-23 22:28:48 [INFO ] (928, 3000, 1, 1)
2026-04-23 22:28:48 [INFO ] (802, 3000, 1, 1)
2026-04-23 22:28:48 [INFO ] (1783, 3000, 1, 1)
2026-04-23 22:28:48 [INFO ] (977, 3000, 1, 1)
2026-04-23 22:28:48 [INFO ] (1028, 3000, 1, 1)
2026-04-23 22:28:48 [INFO ] (1004, 3000, 1, 1)
2026-04-23 22:28:48 [INFO ] (952, 3000, 1, 1)
2026-04-23 22:28:48 [INFO ] (952, 3000, 1, 1)
2026-04-23 22:28:48 [INFO ] (1762, 3000, 1, 1)
2026-04-23 22:28:48 [INFO ] (1144, 3000, 1, 1)
2026-04-23 22:28:48 [INFO ] (1003, 3000, 1, 1)
2026-04-23 22:28:48 [INFO ] (1002, 3000, 1, 1)
2026-04-23 22:28:48 [INFO ] (1773, 3000, 1, 1)
2026-04-23 22:28:48 [INFO ] (964, 3000, 1, 1)
2026-04-23 22:28:48 [INFO ] (920, 3000, 1, 1)
2026-04-23 22:28:48 [INFO ] (1535, 3000, 1, 1)
2026-04-23 22:28:48 [INFO ] (1274, 3000, 1, 1)
2026-04-23 22:28:48 [INFO ] (1022, 3000, 1, 1)
2026-04-23 22:28:48 [INFO ] (1021, 3000, 1, 1)
2026-04-23 22:28:48 [INFO ] (1578, 3000, 1, 1)
2026-04-23 22:28:48 [INFO ] (808, 3000, 1, 1)
2026-04-23 22:28:48 [INFO ] (1099, 3000, 1, 1)
2026-04-23 22:28:48 [INFO ] (1108, 3000, 1, 1)
2026-04-23 22:28:48 [INFO ] (904, 3000, 1, 1)
2026-04-23 22:28:48 [INFO ] (1729, 3000, 1, 1)
2026-04-23 22:28:48 [INFO ] (1560, 3000, 1, 1)
2026-04-23 22:28:48 [INFO ] (1021, 3000, 1, 1)
2026-04-23 22:28:48 [INFO ] (1888, 3000, 1, 1)
2026-04-23 22:28:48 [INFO ] (1312, 3000, 1, 1)
2026-04-23 22:28:48 [INFO ] (824, 3000, 1, 1)
2026-04-23 22:28:48 [INFO ] (918, 3000, 1, 1)
2026-04-23 22:28:48 [INFO ] (1509, 3000, 1, 1)
2026-04-23 22:28:48 [INFO ] (1776, 3000, 1, 1)
2026-04-23 22:28:48 [INFO ] (1871, 3000, 1, 1)
2026-04-23 22:28:48 [INFO ] (1064, 3000, 1, 1)
2026-04-23 22:28:48 [INFO ] (1072, 3000, 1, 1)
2026-04-23 22:28:48 [INFO ] (1078, 3000, 1, 1)
2026-04-23 22:28:48 [INFO ] (1939, 3000, 1, 1)
2026-04-23 22:28:48 [INFO ] (785, 3000, 1, 1)
2026-04-23 22:28:48 [INFO ] (884, 3000, 1, 1)
2026-04-23 22:28:48 [INFO ] (1594, 3000, 1, 1)
2026-04-23 22:28:48 [INFO ] (962, 3000, 1, 1)
2026-04-23 22:28:48 [INFO ] (1195, 3000, 1, 1)
2026-04-23 22:28:48 [INFO ] (1092, 3000, 1, 1)
2026-04-23 22:28:48 [INFO ] (1208, 3000, 1, 1)
2026-04-23 22:28:48 [INFO ] (1166, 3000, 1, 1)
2026-04-23 22:28:48 [INFO ] (1187, 3000, 1, 1)
2026-04-23 22:28:48 [INFO ] (2161, 3000, 1, 1)
2026-04-23 22:28:48 [INFO ] (2027, 3000, 1, 1)
2026-04-23 22:28:48 [INFO ] (1910, 3000, 1, 1)
2026-04-23 22:28:48 [INFO ] (1101, 3000, 1, 1)
2026-04-23 22:28:48 [INFO ] (1040, 3000, 1, 1)
2026-04-23 22:28:48 [INFO ] (1326, 3000, 1, 1)
2026-04-23 22:28:48 [INFO ] (1103, 3000, 1, 1)
2026-04-23 22:28:48 [INFO ] (1087, 3000, 1, 1)
2026-04-23 22:28:48 [INFO ] (954, 3000, 1, 1)
2026-04-23 22:28:48 [INFO ] (997, 3000, 1, 1)
2026-04-23 22:28:48 [INFO ] (1096, 3000, 1, 1)
2026-04-23 22:28:48 [INFO ] (1056, 3000, 1, 1)
2026-04-23 22:28:48 [INFO ] (1716, 3000, 1, 1)
2026-04-23 22:28:48 [INFO ] (1148, 3000, 1, 1)
2026-04-23 22:28:48 [INFO ] (1047, 3000, 1, 1)
2026-04-23 22:28:48 [INFO ] (1090, 3000, 1, 1)
2026-04-23 22:28:48 [INFO ] (1287, 3000, 1, 1)
2026-04-23 22:28:48 [INFO ] (1095, 3000, 1, 1)
2026-04-23 22:28:48 [INFO ] (1095, 3000, 1, 1)
2026-04-23 22:28:48 [INFO ] (1175, 3000, 1, 1)
2026-04-23 22:28:48 [INFO ] (1840, 3000, 1, 1)
2026-04-23 22:28:48 [INFO ] (1231, 3000, 1, 1)
2026-04-23 22:28:48 [INFO ] (1349, 3000, 1, 1)
2026-04-23 22:28:48 [INFO ] (2043, 3000, 1, 1)
2026-04-23 22:28:48 [INFO ] (1652, 3000, 1, 1)
2026-04-23 22:28:48 [INFO ] (1062, 3000, 1, 1)
2026-04-23 22:28:48 [INFO ] (1445, 3000, 1, 1)
2026-04-23 22:28:48 [INFO ] (1823, 3000, 1, 1)
2026-04-23 22:28:48 [INFO ] (1063, 3000, 1, 1)
2026-04-23 22:28:48 [INFO ] (1107, 3000, 1, 1)
2026-04-23 22:28:48 [INFO ] (1271, 3000, 1, 1)
2026-04-23 22:28:48 [INFO ] (2049, 3000, 1, 1)
2026-04-23 22:28:48 [INFO ] (2644, 3000, 1, 1)
2026-04-23 22:28:48 [INFO ] (1929, 3000, 1, 1)
2026-04-23 22:28:48 [INFO ] (2026, 3000, 1, 1)
2026-04-23 22:28:48 [INFO ] (1994, 3000, 1, 1)
2026-04-23 22:28:48 [INFO ] (1968, 3000, 1, 1)
2026-04-23 22:28:48 [INFO ] (1021, 3000, 1, 1)
2026-04-23 22:28:48 [INFO ] (1717, 3000, 1, 1)
2026-04-23 22:28:48 [INFO ] (1515, 3000, 1, 1)
2026-04-23 22:28:48 [INFO ] (1413, 3000, 1, 1)
2026-04-23 22:28:48 [INFO ] (1241, 3000, 1, 1)
2026-04-23 22:28:48 [INFO ] (1031, 3000, 1, 1)
2026-04-23 22:28:48 [INFO ] (1130, 3000, 1, 1)
2026-04-23 22:28:48 [INFO ] (2667, 3000, 1, 1)
2026-04-23 22:28:48 [INFO ] (2318, 3000, 1, 1)
2026-04-23 22:28:48 [INFO ] (2044, 3000, 1, 1)
2026-04-23 22:28:48 [INFO ] (1049, 3000, 1, 1)
2026-04-23 22:28:48 [INFO ] (1683, 3000, 1, 1)
2026-04-23 22:28:48 [INFO ] (2662, 3000, 1, 1)
2026-04-23 22:28:48 [INFO ] (1325, 3000, 1, 1)
2026-04-23 22:28:48 [INFO ] (1324, 3000, 1, 1)
2026-04-23 22:28:48 [INFO ] (1241, 3000, 1, 1)
2026-04-23 22:28:48 [INFO ] (1229, 3000, 1, 1)
2026-04-23 22:28:48 [INFO ] (1704, 3000, 1, 1)
2026-04-23 22:28:48 [INFO ] (1366, 3000, 1, 1)
2026-04-23 22:28:48 [INFO ] W: 58510
2026-04-23 22:28:48 [INFO ] N1: 17443
2026-04-23 22:28:48 [INFO ] N2: 55591
2026-04-23 22:28:48 [INFO ] N3: 10649
2026-04-23 22:28:48 [INFO ] REM: 20970
2026-04-23 22:28:48 [INFO ] Validation set (n_night_sleeps=14)
2026-04-23 22:28:48 [INFO ] (672, 3000, 1, 1)
2026-04-23 22:28:48 [INFO ] (1246, 3000, 1, 1)
2026-04-23 22:28:48 [INFO ] (1501, 3000, 1, 1)
2026-04-23 22:28:48 [INFO ] (1582, 3000, 1, 1)
2026-04-23 22:28:48 [INFO ] (983, 3000, 1, 1)
2026-04-23 22:28:48 [INFO ] (1022, 3000, 1, 1)
2026-04-23 22:28:48 [INFO ] (2210, 3000, 1, 1)
2026-04-23 22:28:48 [INFO ] (1063, 3000, 1, 1)
2026-04-23 22:28:48 [INFO ] (976, 3000, 1, 1)
2026-04-23 22:28:48 [INFO ] (963, 3000, 1, 1)
2026-04-23 22:28:48 [INFO ] (1237, 3000, 1, 1)
2026-04-23 22:28:48 [INFO ] (1148, 3000, 1, 1)
2026-04-23 22:28:48 [INFO ] (1293, 3000, 1, 1)
2026-04-23 22:28:48 [INFO ] (1183, 3000, 1, 1)
2026-04-23 22:28:48 [INFO ] W: 5567
2026-04-23 22:28:48 [INFO ] N1: 2381
2026-04-23 22:28:48 [INFO ] N2: 6295
2026-04-23 22:28:48 [INFO ] N3: 787
2026-04-23 22:28:48 [INFO ] REM: 2049
2026-04-23 22:28:48 [INFO ] Test set (n_night_sleeps=16)
2026-04-23 22:28:48 [INFO ] (1673, 3000, 1, 1)
2026-04-23 22:28:48 [INFO ] (1775, 3000, 1, 1)
2026-04-23 22:28:48 [INFO ] (972, 3000, 1, 1)
2026-04-23 22:28:48 [INFO ] (1020, 3000, 1, 1)
2026-04-23 22:28:48 [INFO ] (1597, 3000, 1, 1)
2026-04-23 22:28:48 [INFO ] (980, 3000, 1, 1)
2026-04-23 22:28:48 [INFO ] (1052, 3000, 1, 1)
2026-04-23 22:28:48 [INFO ] (1090, 3000, 1, 1)
2026-04-23 22:28:48 [INFO ] (1127, 3000, 1, 1)
2026-04-23 22:28:48 [INFO ] (1070, 3000, 1, 1)
2026-04-23 22:28:48 [INFO ] (1131, 3000, 1, 1)
2026-04-23 22:28:48 [INFO ] (1605, 3000, 1, 1)
2026-04-23 22:28:48 [INFO ] (929, 3000, 1, 1)
2026-04-23 22:28:48 [INFO ] (854, 3000, 1, 1)
2026-04-23 22:28:48 [INFO ] (1054, 3000, 1, 1)
2026-04-23 22:28:48 [INFO ] (1181, 3000, 1, 1)
2026-04-23 22:28:48 [INFO ] W: 5747
2026-04-23 22:28:48 [INFO ] N1: 1698
2026-04-23 22:28:48 [INFO ] N2: 7246
2026-04-23 22:28:48 [INFO ] N3: 1603
2026-04-23 22:28:48 [INFO ] REM: 2816
2026-04-23 22:28:48 [INFO ]   Weighted cross entropy: True
2026-04-23 22:28:48 [INFO ]   Weighted cross entropy: [1.  1.5 1.  1.  1. ]
2026-04-23 22:28:48 [INFO ] using device 0
2026-04-23 22:28:48 [INFO ] Data Augmentation
2026-04-23 22:28:48 [INFO ]   Sequence: True
2026-04-23 22:28:48 [INFO ]   Signal full: True
2026-04-23 22:28:59 [INFO ] [e1/200 s999] TR (n=162787) l=1.2355 a=53.3 f1=29.5 (9.4s)| VA (n=17079) l=1.6852 a=36.2, f1=15.9 (0.4s) | TE (n=19110) l=3.1387 a=30.1, f1=9.5 (0.5s)
2026-04-23 22:28:59 [INFO ] Saved best checkpoint to out_sleepedfx/train/3/best_ckpt/best_model.ckpt
2026-04-23 22:29:11 [INFO ] [e2/200 s2004] TR (n=162798) l=1.0243 a=64.3 f1=46.8 (9.7s)| VA (n=17079) l=1.8243 a=35.2, f1=14.6 (0.4s) | TE (n=19110) l=3.0412 a=30.2, f1=9.7 (0.5s)
2026-04-23 22:29:22 [INFO ] [e3/200 s2988] TR (n=162774) l=1.0322 a=66.3 f1=53.3 (9.3s)| VA (n=17079) l=1.4469 a=16.3, f1=12.8 (0.4s) | TE (n=19110) l=1.4879 a=16.7, f1=18.1 (0.5s)
2026-04-23 22:29:33 [INFO ] [e4/200 s3917] TR (n=162800) l=0.9584 a=67.6 f1=56.0 (9.4s)| VA (n=17079) l=2.2297 a=33.7, f1=18.5 (0.4s) | TE (n=19110) l=1.9989 a=37.8, f1=22.6 (0.5s)
2026-04-23 22:29:44 [INFO ] [e5/200 s4943] TR (n=162807) l=0.8618 a=68.8 f1=58.4 (9.8s)| VA (n=17079) l=0.7753 a=70.4, f1=42.3 (0.4s) | TE (n=19110) l=1.3516 a=65.7, f1=39.5 (0.5s)
2026-04-23 22:29:44 [INFO ] Saved best checkpoint to out_sleepedfx/train/3/best_ckpt/best_model.ckpt
2026-04-23 22:29:54 [INFO ] [e6/200 s5881] TR (n=162799) l=0.9000 a=69.4 f1=59.0 (9.3s)| VA (n=17079) l=0.6708 a=71.7, f1=64.4 (0.4s) | TE (n=19110) l=0.9131 a=71.9, f1=62.0 (0.5s)
2026-04-23 22:29:54 [INFO ] Saved best checkpoint to out_sleepedfx/train/3/best_ckpt/best_model.ckpt
2026-04-23 22:30:05 [INFO ] [e7/200 s6865] TR (n=162814) l=0.8458 a=70.7 f1=60.9 (9.3s)| VA (n=17079) l=0.6358 a=71.4, f1=50.6 (0.4s) | TE (n=19110) l=0.9634 a=68.3, f1=50.4 (0.5s)
2026-04-23 22:30:17 [INFO ] [e8/200 s7897] TR (n=162799) l=0.8267 a=71.7 f1=62.5 (10.0s)| VA (n=17079) l=1.6435 a=55.6, f1=39.3 (0.4s) | TE (n=19110) l=2.0402 a=53.1, f1=37.2 (0.5s)
2026-04-23 22:30:29 [INFO ] [e9/200 s8901] TR (n=162769) l=0.8161 a=72.8 f1=64.0 (10.2s)| VA (n=17079) l=1.0578 a=43.7, f1=32.5 (0.4s) | TE (n=19110) l=1.3994 a=42.7, f1=32.8 (0.5s)
2026-04-23 22:30:40 [INFO ] [e10/200 s9887] TR (n=162791) l=0.7862 a=73.6 f1=65.3 (9.6s)| VA (n=17079) l=2.3123 a=26.7, f1=17.9 (0.4s) | TE (n=19110) l=2.1903 a=24.5, f1=16.1 (0.5s)
2026-04-23 22:30:51 [INFO ] [e11/200 s10834] TR (n=162779) l=0.8023 a=75.5 f1=67.9 (9.3s)| VA (n=17079) l=0.9131 a=66.7, f1=50.2 (0.4s) | TE (n=19110) l=1.4134 a=59.2, f1=45.1 (0.5s)
2026-04-23 22:31:02 [INFO ] [e12/200 s11836] TR (n=162756) l=0.7241 a=76.1 f1=68.1 (9.4s)| VA (n=17079) l=1.6488 a=33.1, f1=21.3 (0.4s) | TE (n=19110) l=2.2824 a=37.3, f1=24.8 (0.5s)
2026-04-23 22:31:12 [INFO ] [e13/200 s12798] TR (n=162779) l=0.7219 a=76.5 f1=68.7 (8.9s)| VA (n=17079) l=1.8423 a=48.4, f1=36.0 (0.4s) | TE (n=19110) l=1.7622 a=56.4, f1=41.6 (0.5s)
2026-04-23 22:31:22 [INFO ] [e14/200 s13756] TR (n=162775) l=0.6940 a=77.7 f1=70.1 (9.3s)| VA (n=17079) l=0.9356 a=53.0, f1=43.8 (0.4s) | TE (n=19110) l=1.2082 a=49.8, f1=41.7 (0.5s)
2026-04-23 22:31:34 [INFO ] [e15/200 s14767] TR (n=162774) l=0.7027 a=77.7 f1=70.2 (9.8s)| VA (n=17079) l=0.5642 a=74.0, f1=54.8 (0.4s) | TE (n=19110) l=1.0205 a=70.5, f1=53.3 (0.5s)
2026-04-23 22:31:46 [INFO ] [e16/200 s15785] TR (n=162791) l=0.6629 a=78.0 f1=70.8 (9.9s)| VA (n=17079) l=0.6979 a=75.0, f1=54.4 (0.4s) | TE (n=19110) l=1.1479 a=72.6, f1=54.0 (0.5s)
2026-04-23 22:31:58 [INFO ] [e17/200 s16727] TR (n=162808) l=0.7201 a=78.2 f1=70.7 (9.3s)| VA (n=17079) l=2.1420 a=22.7, f1=15.5 (0.4s) | TE (n=19110) l=2.4487 a=21.8, f1=14.1 (0.5s)
2026-04-23 22:32:09 [INFO ] [e18/200 s17704] TR (n=162791) l=0.6953 a=78.7 f1=71.7 (9.2s)| VA (n=17079) l=0.8542 a=63.9, f1=49.3 (0.4s) | TE (n=19110) l=1.5213 a=54.6, f1=45.3 (0.5s)
2026-04-23 22:32:19 [INFO ] [e19/200 s18616] TR (n=162777) l=0.6296 a=79.1 f1=72.1 (8.9s)| VA (n=17079) l=0.7135 a=68.1, f1=64.8 (0.4s) | TE (n=19110) l=0.7716 a=75.4, f1=70.2 (0.5s)
2026-04-23 22:32:29 [INFO ] [e20/200 s19602] TR (n=162780) l=0.6445 a=79.3 f1=72.1 (9.0s)| VA (n=17079) l=0.5934 a=74.0, f1=70.5 (0.4s) | TE (n=19110) l=0.7658 a=70.8, f1=66.7 (0.5s)
2026-04-23 22:32:29 [INFO ] Saved best checkpoint to out_sleepedfx/train/3/best_ckpt/best_model.ckpt
2026-04-23 22:32:40 [INFO ] [e21/200 s20605] TR (n=162784) l=0.6004 a=79.7 f1=73.2 (9.7s)| VA (n=17079) l=0.5722 a=76.2, f1=58.9 (0.4s) | TE (n=19110) l=1.0644 a=72.1, f1=56.7 (0.5s)
2026-04-23 22:32:52 [INFO ] [e22/200 s21590] TR (n=162786) l=0.6152 a=80.1 f1=73.5 (9.8s)| VA (n=17079) l=0.8744 a=60.7, f1=54.9 (0.4s) | TE (n=19110) l=0.9678 a=67.0, f1=59.6 (0.5s)
2026-04-23 22:33:04 [INFO ] [e23/200 s22597] TR (n=162814) l=0.6495 a=80.2 f1=73.5 (10.1s)| VA (n=17079) l=2.9418 a=44.5, f1=24.2 (0.4s) | TE (n=19110) l=2.6559 a=50.1, f1=29.7 (0.5s)
2026-04-23 22:33:16 [INFO ] [e24/200 s23612] TR (n=162785) l=0.6653 a=80.3 f1=73.4 (10.0s)| VA (n=17079) l=0.6485 a=72.6, f1=54.2 (0.4s) | TE (n=19110) l=1.0179 a=69.9, f1=54.5 (0.6s)
2026-04-23 22:33:27 [INFO ] [e25/200 s24641] TR (n=162806) l=0.6250 a=80.5 f1=74.0 (9.6s)| VA (n=17079) l=0.9763 a=57.1, f1=51.1 (0.4s) | TE (n=19110) l=1.0473 a=55.6, f1=52.1 (0.5s)
2026-04-23 22:33:38 [INFO ] [e26/200 s25607] TR (n=162790) l=0.5774 a=80.4 f1=74.0 (9.4s)| VA (n=17079) l=1.0650 a=60.4, f1=46.8 (0.4s) | TE (n=19110) l=1.3987 a=63.4, f1=50.8 (0.5s)
2026-04-23 22:33:49 [INFO ] [e27/200 s26637] TR (n=162810) l=0.5961 a=80.8 f1=74.5 (10.1s)| VA (n=17079) l=0.4495 a=80.3, f1=63.2 (0.4s) | TE (n=19110) l=0.7785 a=78.1, f1=64.1 (0.5s)
2026-04-23 22:34:01 [INFO ] [e28/200 s27591] TR (n=162761) l=0.5930 a=81.2 f1=74.8 (9.4s)| VA (n=17079) l=1.3960 a=43.1, f1=27.8 (0.4s) | TE (n=19110) l=1.6307 a=42.9, f1=31.6 (0.5s)
2026-04-23 22:34:11 [INFO ] [e29/200 s28538] TR (n=162812) l=0.6036 a=80.9 f1=74.5 (9.1s)| VA (n=17079) l=0.6110 a=75.6, f1=60.7 (0.4s) | TE (n=19110) l=0.7796 a=72.6, f1=61.8 (0.5s)
2026-04-23 22:34:22 [INFO ] [e30/200 s29525] TR (n=162786) l=0.6097 a=81.0 f1=74.4 (9.4s)| VA (n=17079) l=0.4962 a=78.5, f1=63.4 (0.4s) | TE (n=19110) l=0.7830 a=74.0, f1=60.8 (0.5s)
2026-04-23 22:34:33 [INFO ] [e31/200 s30488] TR (n=162809) l=0.5876 a=80.8 f1=74.4 (9.1s)| VA (n=17079) l=0.6161 a=72.1, f1=55.2 (0.4s) | TE (n=19110) l=0.8594 a=65.7, f1=55.0 (0.5s)
2026-04-23 22:34:45 [INFO ] [e32/200 s31488] TR (n=162819) l=0.6096 a=81.6 f1=75.3 (10.0s)| VA (n=17079) l=0.6842 a=71.8, f1=55.6 (0.4s) | TE (n=19110) l=0.8284 a=77.0, f1=64.6 (0.5s)
2026-04-23 22:34:57 [INFO ] [e33/200 s32509] TR (n=162794) l=0.5613 a=81.4 f1=75.1 (10.1s)| VA (n=17079) l=0.5229 a=78.5, f1=72.1 (0.4s) | TE (n=19110) l=0.7132 a=78.8, f1=72.8 (0.5s)
2026-04-23 22:34:57 [INFO ] Saved best checkpoint to out_sleepedfx/train/3/best_ckpt/best_model.ckpt
2026-04-23 22:35:07 [INFO ] [e34/200 s33473] TR (n=162799) l=0.5986 a=81.3 f1=75.1 (9.1s)| VA (n=17079) l=1.7543 a=44.6, f1=34.1 (0.4s) | TE (n=19110) l=2.1137 a=43.9, f1=32.3 (0.5s)
2026-04-23 22:35:18 [INFO ] [e35/200 s34403] TR (n=162801) l=0.6144 a=81.4 f1=74.8 (9.4s)| VA (n=17079) l=0.8468 a=68.1, f1=42.2 (0.4s) | TE (n=19110) l=1.6421 a=59.8, f1=38.2 (0.5s)
2026-04-23 22:35:29 [INFO ] [e36/200 s35372] TR (n=162801) l=0.5703 a=81.3 f1=75.0 (9.7s)| VA (n=17079) l=0.6691 a=73.6, f1=65.5 (0.4s) | TE (n=19110) l=0.7094 a=73.1, f1=67.0 (0.5s)
2026-04-23 22:35:42 [INFO ] [e37/200 s36371] TR (n=162818) l=0.5770 a=81.7 f1=75.5 (10.0s)| VA (n=17079) l=0.9680 a=67.0, f1=47.7 (0.4s) | TE (n=19110) l=1.1946 a=66.3, f1=48.4 (0.6s)
2026-04-23 22:35:55 [INFO ] [e38/200 s37373] TR (n=162784) l=0.6043 a=81.2 f1=75.1 (10.0s)| VA (n=17079) l=0.5760 a=74.9, f1=54.3 (0.4s) | TE (n=19110) l=1.1271 a=71.6, f1=51.9 (0.5s)
2026-04-23 22:36:09 [INFO ] [e39/200 s38382] TR (n=162809) l=0.5704 a=81.7 f1=75.9 (10.3s)| VA (n=17079) l=0.5367 a=77.6, f1=59.2 (0.5s) | TE (n=19110) l=0.7990 a=74.6, f1=58.0 (0.6s)
2026-04-23 22:36:21 [INFO ] [e40/200 s39381] TR (n=162778) l=0.5799 a=81.6 f1=75.6 (9.6s)| VA (n=17079) l=0.5603 a=77.0, f1=59.4 (0.4s) | TE (n=19110) l=1.1157 a=72.2, f1=56.9 (0.5s)
2026-04-23 22:36:33 [INFO ] [e41/200 s40384] TR (n=162794) l=0.5705 a=81.4 f1=75.2 (9.6s)| VA (n=17079) l=0.4867 a=80.2, f1=69.6 (0.4s) | TE (n=19110) l=0.6175 a=79.3, f1=70.4 (0.5s)
2026-04-23 22:36:45 [INFO ] [e42/200 s41419] TR (n=162780) l=0.5413 a=81.9 f1=75.7 (9.7s)| VA (n=17079) l=0.4584 a=81.1, f1=70.5 (0.4s) | TE (n=19110) l=0.6711 a=80.6, f1=70.4 (0.5s)
2026-04-23 22:36:57 [INFO ] [e43/200 s42419] TR (n=162774) l=0.5457 a=81.8 f1=75.5 (9.6s)| VA (n=17079) l=0.5104 a=77.2, f1=69.8 (0.4s) | TE (n=19110) l=0.7089 a=72.8, f1=67.6 (0.5s)
2026-04-23 22:37:09 [INFO ] [e44/200 s43434] TR (n=162789) l=0.5258 a=82.0 f1=76.0 (9.8s)| VA (n=17079) l=0.5996 a=77.1, f1=68.8 (0.4s) | TE (n=19110) l=0.7068 a=74.1, f1=66.7 (0.5s)
2026-04-23 22:37:21 [INFO ] [e45/200 s44441] TR (n=162801) l=0.5932 a=82.2 f1=76.0 (9.9s)| VA (n=17079) l=0.5337 a=79.3, f1=71.9 (0.4s) | TE (n=19110) l=0.5899 a=80.3, f1=72.4 (0.5s)
2026-04-23 22:37:32 [INFO ] [e46/200 s45403] TR (n=162789) l=0.5994 a=82.4 f1=76.4 (9.3s)| VA (n=17079) l=0.4122 a=82.5, f1=71.5 (0.4s) | TE (n=19110) l=0.6534 a=80.5, f1=71.4 (0.5s)
2026-04-23 22:37:44 [INFO ] [e47/200 s46403] TR (n=162796) l=0.6041 a=82.2 f1=76.2 (10.4s)| VA (n=17079) l=0.5460 a=75.7, f1=54.7 (0.4s) | TE (n=19110) l=0.8891 a=73.2, f1=56.7 (0.5s)
2026-04-23 22:37:56 [INFO ] [e48/200 s47387] TR (n=162769) l=0.5551 a=81.8 f1=75.3 (9.7s)| VA (n=17079) l=0.4666 a=79.0, f1=60.6 (0.4s) | TE (n=19110) l=0.8081 a=74.6, f1=58.5 (0.5s)
2026-04-23 22:38:08 [INFO ] [e49/200 s48400] TR (n=162803) l=0.5389 a=82.5 f1=76.5 (10.1s)| VA (n=17079) l=0.6924 a=68.7, f1=64.7 (0.4s) | TE (n=19110) l=0.7786 a=69.5, f1=65.9 (0.5s)
2026-04-23 22:38:19 [INFO ] [e50/200 s49365] TR (n=162829) l=0.6453 a=81.9 f1=75.7 (9.3s)| VA (n=17079) l=0.5898 a=73.9, f1=63.4 (0.4s) | TE (n=19110) l=0.8299 a=64.5, f1=57.3 (0.5s)
2026-04-23 22:38:19 [INFO ] >> Confusion Matrix
2026-04-23 22:38:19 [INFO ] [[5323  348   33    2   41]
 [ 483 1025   49    0  141]
 [ 223 2472 3519   14 1018]
 [   2  134  817  402  248]
 [ 188  571    9    0 2048]]
2026-04-23 22:38:30 [INFO ] [e51/200 s50329] TR (n=162817) l=0.5692 a=82.2 f1=76.3 (9.1s)| VA (n=17079) l=0.6034 a=76.5, f1=62.4 (0.4s) | TE (n=19110) l=0.7002 a=75.7, f1=63.9 (0.5s)
2026-04-23 22:38:41 [INFO ] [e52/200 s51352] TR (n=162793) l=0.5532 a=82.6 f1=76.6 (9.9s)| VA (n=17079) l=0.7107 a=70.4, f1=51.3 (0.4s) | TE (n=19110) l=1.0468 a=73.2, f1=56.9 (0.5s)
2026-04-23 22:38:52 [INFO ] [e53/200 s52328] TR (n=162784) l=0.5502 a=82.7 f1=77.0 (9.4s)| VA (n=17079) l=0.4773 a=79.9, f1=70.9 (0.4s) | TE (n=19110) l=0.6818 a=75.6, f1=68.4 (0.5s)
2026-04-23 22:39:04 [INFO ] [e54/200 s53304] TR (n=162808) l=0.5167 a=82.6 f1=76.7 (9.7s)| VA (n=17079) l=0.5562 a=76.6, f1=71.1 (0.4s) | TE (n=19110) l=0.5783 a=76.0, f1=71.6 (0.5s)
2026-04-23 22:39:15 [INFO ] [e55/200 s54248] TR (n=162795) l=0.5705 a=82.5 f1=76.7 (9.1s)| VA (n=17079) l=0.8423 a=72.8, f1=56.5 (0.4s) | TE (n=19110) l=1.4538 a=61.8, f1=49.0 (0.5s)
2026-04-23 22:39:25 [INFO ] [e56/200 s55232] TR (n=162779) l=0.5387 a=82.6 f1=76.8 (9.3s)| VA (n=17079) l=0.7496 a=71.0, f1=51.5 (0.4s) | TE (n=19110) l=1.1447 a=72.2, f1=53.7 (0.5s)
2026-04-23 22:39:37 [INFO ] [e57/200 s56241] TR (n=162801) l=0.5275 a=82.3 f1=76.3 (9.7s)| VA (n=17079) l=0.4192 a=81.3, f1=63.7 (0.4s) | TE (n=19110) l=0.7127 a=76.6, f1=61.8 (0.5s)
2026-04-23 22:39:48 [INFO ] [e58/200 s57225] TR (n=162809) l=0.5291 a=83.0 f1=77.5 (9.6s)| VA (n=17079) l=0.5478 a=77.0, f1=61.3 (0.4s) | TE (n=19110) l=0.6933 a=80.0, f1=67.4 (0.5s)
2026-04-23 22:39:59 [INFO ] [e59/200 s58158] TR (n=162795) l=0.5702 a=82.8 f1=77.0 (9.0s)| VA (n=17079) l=0.4524 a=80.8, f1=71.5 (0.4s) | TE (n=19110) l=0.6861 a=80.4, f1=72.1 (0.5s)
2026-04-23 22:40:11 [INFO ] [e60/200 s59163] TR (n=162780) l=0.5213 a=83.2 f1=77.7 (10.0s)| VA (n=17079) l=0.4972 a=77.8, f1=71.5 (0.4s) | TE (n=19110) l=0.7195 a=70.4, f1=66.8 (0.5s)
2026-04-23 22:40:22 [INFO ] [e61/200 s60158] TR (n=162797) l=0.5646 a=83.0 f1=77.4 (9.8s)| VA (n=17079) l=0.7063 a=72.6, f1=54.7 (0.4s) | TE (n=19110) l=1.0405 a=66.9, f1=52.3 (0.5s)
2026-04-23 22:40:33 [INFO ] [e62/200 s61153] TR (n=162794) l=0.5290 a=82.8 f1=77.3 (10.0s)| VA (n=17079) l=0.5442 a=80.6, f1=61.9 (0.4s) | TE (n=19110) l=1.1167 a=76.7, f1=59.4 (0.5s)
2026-04-23 22:40:44 [INFO ] [e63/200 s62102] TR (n=162781) l=0.5214 a=83.0 f1=77.3 (9.3s)| VA (n=17079) l=0.5113 a=79.8, f1=67.8 (0.4s) | TE (n=19110) l=0.9012 a=77.7, f1=65.6 (0.5s)
2026-04-23 22:40:55 [INFO ] [e64/200 s63057] TR (n=162800) l=0.5587 a=82.9 f1=77.1 (8.9s)| VA (n=17079) l=0.4856 a=80.1, f1=73.4 (0.4s) | TE (n=19110) l=0.6061 a=82.8, f1=76.0 (0.5s)
2026-04-23 22:40:55 [INFO ] Saved best checkpoint to out_sleepedfx/train/3/best_ckpt/best_model.ckpt
2026-04-23 22:41:06 [INFO ] [e65/200 s64006] TR (n=162803) l=0.5424 a=82.8 f1=77.0 (9.0s)| VA (n=17079) l=0.5638 a=78.2, f1=57.8 (0.4s) | TE (n=19110) l=1.0675 a=75.9, f1=57.8 (0.5s)
2026-04-23 22:41:16 [INFO ] [e66/200 s64926] TR (n=162796) l=0.5076 a=83.3 f1=77.8 (8.6s)| VA (n=17079) l=0.7642 a=71.7, f1=62.3 (0.4s) | TE (n=19110) l=0.7925 a=77.2, f1=70.0 (0.5s)
2026-04-23 22:41:26 [INFO ] [e67/200 s65935] TR (n=162784) l=0.5514 a=83.0 f1=77.1 (9.5s)| VA (n=17079) l=0.5311 a=74.2, f1=58.2 (0.4s) | TE (n=19110) l=0.8811 a=72.1, f1=57.3 (0.5s)
2026-04-23 22:41:38 [INFO ] [e68/200 s66914] TR (n=162792) l=0.5618 a=82.8 f1=77.3 (9.5s)| VA (n=17079) l=1.0652 a=55.3, f1=45.0 (0.4s) | TE (n=19110) l=1.8829 a=43.9, f1=35.0 (0.5s)
2026-04-23 22:41:49 [INFO ] [e69/200 s67900] TR (n=162796) l=0.5172 a=83.0 f1=77.2 (9.6s)| VA (n=17079) l=0.4777 a=78.3, f1=60.8 (0.4s) | TE (n=19110) l=0.8848 a=79.9, f1=68.2 (0.5s)
2026-04-23 22:42:00 [INFO ] [e70/200 s68883] TR (n=162812) l=0.5038 a=83.0 f1=77.1 (9.4s)| VA (n=17079) l=0.4524 a=81.0, f1=64.9 (0.4s) | TE (n=19110) l=0.7021 a=79.4, f1=68.0 (0.5s)
2026-04-23 22:42:11 [INFO ] [e71/200 s69903] TR (n=162784) l=0.5354 a=83.1 f1=77.1 (9.8s)| VA (n=17079) l=0.7427 a=70.4, f1=52.3 (0.4s) | TE (n=19110) l=1.2887 a=62.7, f1=49.9 (0.5s)
2026-04-23 22:42:22 [INFO ] [e72/200 s70865] TR (n=162795) l=0.5229 a=83.3 f1=77.6 (9.0s)| VA (n=17079) l=0.4885 a=79.6, f1=60.9 (0.4s) | TE (n=19110) l=0.8048 a=78.6, f1=62.0 (0.5s)
2026-04-23 22:42:33 [INFO ] [e73/200 s71876] TR (n=162791) l=0.5117 a=83.3 f1=77.7 (9.9s)| VA (n=17079) l=0.4526 a=81.0, f1=71.0 (0.4s) | TE (n=19110) l=0.7436 a=79.0, f1=69.7 (0.5s)
2026-04-23 22:42:44 [INFO ] [e74/200 s72865] TR (n=162795) l=0.5283 a=83.4 f1=77.8 (9.7s)| VA (n=17079) l=0.5931 a=74.9, f1=57.6 (0.4s) | TE (n=19110) l=1.1188 a=73.0, f1=58.7 (0.5s)
2026-04-23 22:42:55 [INFO ] [e75/200 s73834] TR (n=162792) l=0.5120 a=83.4 f1=77.9 (9.4s)| VA (n=17079) l=0.5151 a=79.3, f1=71.3 (0.4s) | TE (n=19110) l=0.6298 a=83.1, f1=75.8 (0.5s)
2026-04-23 22:43:07 [INFO ] [e76/200 s74856] TR (n=162775) l=0.5512 a=83.3 f1=78.1 (10.3s)| VA (n=17079) l=0.4930 a=79.4, f1=62.0 (0.4s) | TE (n=19110) l=0.8551 a=78.4, f1=63.1 (0.5s)
2026-04-23 22:43:19 [INFO ] [e77/200 s75847] TR (n=162788) l=0.5786 a=83.5 f1=78.0 (9.8s)| VA (n=17079) l=0.6041 a=69.7, f1=60.6 (0.4s) | TE (n=19110) l=0.8435 a=70.5, f1=62.4 (0.5s)
2026-04-23 22:43:30 [INFO ] [e78/200 s76847] TR (n=162783) l=0.5275 a=83.2 f1=77.5 (9.8s)| VA (n=17079) l=0.5332 a=79.1, f1=60.0 (0.4s) | TE (n=19110) l=0.9040 a=77.1, f1=60.2 (0.5s)
2026-04-23 22:43:41 [INFO ] [e79/200 s77833] TR (n=162778) l=0.4911 a=83.5 f1=78.1 (9.5s)| VA (n=17079) l=0.6974 a=75.5, f1=57.5 (0.4s) | TE (n=19110) l=0.9638 a=73.4, f1=56.5 (0.5s)
2026-04-23 22:43:51 [INFO ] [e80/200 s78803] TR (n=162782) l=0.5473 a=83.3 f1=77.6 (9.1s)| VA (n=17079) l=0.9426 a=67.2, f1=51.4 (0.4s) | TE (n=19110) l=1.2736 a=56.2, f1=44.2 (0.5s)
2026-04-23 22:44:02 [INFO ] [e81/200 s79781] TR (n=162801) l=0.5006 a=83.6 f1=78.3 (9.3s)| VA (n=17079) l=0.5421 a=79.3, f1=60.5 (0.4s) | TE (n=19110) l=1.1193 a=72.0, f1=56.2 (0.5s)
2026-04-23 22:44:13 [INFO ] [e82/200 s80766] TR (n=162799) l=0.5289 a=83.4 f1=77.8 (9.6s)| VA (n=17079) l=1.1366 a=56.8, f1=56.5 (0.4s) | TE (n=19110) l=1.4857 a=50.2, f1=51.4 (0.5s)
2026-04-23 22:44:24 [INFO ] [e83/200 s81761] TR (n=162792) l=0.5059 a=83.1 f1=77.5 (9.2s)| VA (n=17079) l=0.4646 a=80.4, f1=74.3 (0.4s) | TE (n=19110) l=0.5416 a=83.2, f1=77.8 (0.5s)
2026-04-23 22:44:24 [INFO ] Saved best checkpoint to out_sleepedfx/train/3/best_ckpt/best_model.ckpt
2026-04-23 22:44:35 [INFO ] [e84/200 s82748] TR (n=162787) l=0.5194 a=83.2 f1=77.4 (9.7s)| VA (n=17079) l=0.4594 a=80.5, f1=73.3 (0.4s) | TE (n=19110) l=0.6471 a=82.4, f1=74.6 (0.5s)
2026-04-23 22:44:46 [INFO ] [e85/200 s83734] TR (n=162795) l=0.5390 a=83.4 f1=77.9 (9.5s)| VA (n=17079) l=0.4251 a=81.1, f1=67.5 (0.4s) | TE (n=19110) l=0.7654 a=79.4, f1=70.0 (0.5s)
2026-04-23 22:44:57 [INFO ] [e86/200 s84726] TR (n=162820) l=0.5358 a=83.5 f1=78.0 (9.5s)| VA (n=17079) l=0.9152 a=62.9, f1=47.9 (0.4s) | TE (n=19110) l=0.8994 a=69.0, f1=52.5 (0.5s)
2026-04-23 22:45:08 [INFO ] [e87/200 s85681] TR (n=162782) l=0.5708 a=83.2 f1=77.4 (9.5s)| VA (n=17079) l=1.0026 a=53.1, f1=39.4 (0.4s) | TE (n=19110) l=1.5809 a=45.7, f1=34.8 (0.5s)
2026-04-23 22:45:19 [INFO ] [e88/200 s86664] TR (n=162794) l=0.5194 a=83.6 f1=78.0 (9.9s)| VA (n=17079) l=0.6508 a=67.3, f1=57.1 (0.4s) | TE (n=19110) l=1.1349 a=65.9, f1=58.5 (0.5s)
2026-04-23 22:45:31 [INFO ] [e89/200 s87651] TR (n=162758) l=0.5149 a=83.6 f1=78.2 (10.0s)| VA (n=17079) l=0.4059 a=82.1, f1=67.8 (0.4s) | TE (n=19110) l=0.6941 a=80.0, f1=66.6 (0.5s)
2026-04-23 22:45:43 [INFO ] [e90/200 s88680] TR (n=162792) l=0.5258 a=83.6 f1=78.0 (10.3s)| VA (n=17079) l=0.5760 a=73.4, f1=62.4 (0.4s) | TE (n=19110) l=0.9967 a=67.1, f1=58.9 (0.5s)
2026-04-23 22:45:54 [INFO ] [e91/200 s89643] TR (n=162792) l=0.5104 a=83.5 f1=78.1 (8.8s)| VA (n=17079) l=1.2403 a=53.0, f1=41.9 (0.4s) | TE (n=19110) l=1.4783 a=47.9, f1=42.0 (0.5s)
2026-04-23 22:46:05 [INFO ] [e92/200 s90584] TR (n=162806) l=0.5275 a=83.7 f1=78.4 (9.6s)| VA (n=17079) l=0.5244 a=78.7, f1=72.2 (0.4s) | TE (n=19110) l=0.6388 a=77.2, f1=70.8 (0.5s)
2026-04-23 22:46:16 [INFO ] [e93/200 s91576] TR (n=162791) l=0.4949 a=83.7 f1=78.3 (9.6s)| VA (n=17079) l=0.5119 a=79.5, f1=61.4 (0.4s) | TE (n=19110) l=0.8537 a=75.6, f1=59.1 (0.5s)
2026-04-23 22:46:27 [INFO ] [e94/200 s92553] TR (n=162774) l=0.4753 a=83.8 f1=78.1 (9.6s)| VA (n=17079) l=0.7294 a=65.3, f1=51.7 (0.4s) | TE (n=19110) l=1.1299 a=62.4, f1=50.7 (0.5s)
2026-04-23 22:46:39 [INFO ] [e95/200 s93571] TR (n=162788) l=0.4617 a=83.9 f1=78.5 (10.1s)| VA (n=17079) l=0.6265 a=75.3, f1=66.1 (0.4s) | TE (n=19110) l=0.8296 a=68.2, f1=60.2 (0.5s)
2026-04-23 22:46:50 [INFO ] [e96/200 s94557] TR (n=162801) l=0.5120 a=84.0 f1=78.6 (9.7s)| VA (n=17079) l=0.6462 a=71.5, f1=55.6 (0.4s) | TE (n=19110) l=1.3786 a=57.7, f1=47.6 (0.5s)
2026-04-23 22:47:02 [INFO ] [e97/200 s95597] TR (n=162786) l=0.5260 a=83.8 f1=78.3 (10.0s)| VA (n=17079) l=0.4567 a=80.3, f1=68.6 (0.4s) | TE (n=19110) l=0.6588 a=78.0, f1=69.3 (0.5s)
2026-04-23 22:47:13 [INFO ] [e98/200 s96591] TR (n=162799) l=0.4842 a=83.9 f1=78.6 (9.6s)| VA (n=17079) l=0.4210 a=82.8, f1=77.5 (0.4s) | TE (n=19110) l=0.5083 a=81.4, f1=76.3 (0.5s)
2026-04-23 22:47:13 [INFO ] Saved best checkpoint to out_sleepedfx/train/3/best_ckpt/best_model.ckpt
2026-04-23 22:47:24 [INFO ] [e99/200 s97556] TR (n=162761) l=0.5033 a=84.2 f1=79.0 (9.3s)| VA (n=17079) l=0.5444 a=76.5, f1=64.3 (0.4s) | TE (n=19110) l=0.9805 a=78.0, f1=68.5 (0.5s)
2026-04-23 22:47:36 [INFO ] [e100/200 s98522] TR (n=162793) l=0.4736 a=84.1 f1=78.8 (9.6s)| VA (n=17079) l=0.4615 a=80.1, f1=71.7 (0.4s) | TE (n=19110) l=0.7054 a=82.3, f1=74.5 (0.5s)
2026-04-23 22:47:36 [INFO ] >> Confusion Matrix
2026-04-23 22:47:36 [INFO ] [[5012  412  258    9   56]
 [  94  797  586    1  220]
 [   9  238 6745   19  235]
 [   0    0  879  724    0]
 [  13   92  254    0 2457]]
2026-04-23 22:47:48 [INFO ] [e101/200 s99538] TR (n=162804) l=0.4751 a=83.5 f1=77.7 (10.3s)| VA (n=17079) l=0.4378 a=80.8, f1=69.0 (0.4s) | TE (n=19110) l=0.6845 a=80.7, f1=70.9 (0.5s)
2026-04-23 22:47:59 [INFO ] [e102/200 s100535] TR (n=162793) l=0.4948 a=83.8 f1=78.4 (10.0s)| VA (n=17079) l=0.5414 a=77.2, f1=71.0 (0.4s) | TE (n=19110) l=0.6267 a=77.0, f1=71.1 (0.5s)
2026-04-23 22:48:11 [INFO ] [e103/200 s101548] TR (n=162799) l=0.4807 a=84.2 f1=78.9 (10.2s)| VA (n=17079) l=0.5487 a=79.0, f1=61.7 (0.4s) | TE (n=19110) l=0.9843 a=73.4, f1=59.9 (0.5s)
2026-04-23 22:48:22 [INFO ] [e104/200 s102502] TR (n=162787) l=0.5145 a=84.2 f1=78.9 (9.2s)| VA (n=17079) l=0.6498 a=75.4, f1=56.4 (0.4s) | TE (n=19110) l=1.0579 a=76.3, f1=59.2 (0.5s)
2026-04-23 22:48:33 [INFO ] [e105/200 s103446] TR (n=162811) l=0.5362 a=83.7 f1=78.2 (9.6s)| VA (n=17079) l=0.5194 a=76.0, f1=72.8 (0.4s) | TE (n=19110) l=0.6003 a=80.4, f1=76.0 (0.5s)
2026-04-23 22:48:44 [INFO ] [e106/200 s104446] TR (n=162775) l=0.5062 a=84.1 f1=78.9 (9.2s)| VA (n=17079) l=0.5409 a=77.9, f1=60.9 (0.4s) | TE (n=19110) l=0.8139 a=73.3, f1=59.5 (0.5s)
2026-04-23 22:48:55 [INFO ] [e107/200 s105436] TR (n=162817) l=0.4869 a=84.0 f1=78.8 (9.6s)| VA (n=17079) l=0.8860 a=63.2, f1=48.0 (0.4s) | TE (n=19110) l=1.1230 a=68.0, f1=52.8 (0.5s)
2026-04-23 22:49:05 [INFO ] [e108/200 s106346] TR (n=162820) l=0.5388 a=83.8 f1=78.4 (8.7s)| VA (n=17079) l=0.4248 a=82.7, f1=76.9 (0.4s) | TE (n=19110) l=0.4914 a=83.9, f1=77.4 (0.5s)
2026-04-23 22:49:16 [INFO ] [e109/200 s107267] TR (n=162788) l=0.5107 a=84.1 f1=78.8 (8.9s)| VA (n=17079) l=0.7285 a=70.3, f1=56.7 (0.4s) | TE (n=19110) l=1.1064 a=68.7, f1=61.1 (0.5s)
2026-04-23 22:49:27 [INFO ] [e110/200 s108270] TR (n=162802) l=0.5036 a=84.1 f1=78.7 (9.5s)| VA (n=17079) l=0.3994 a=84.0, f1=78.5 (0.4s) | TE (n=19110) l=0.5517 a=83.1, f1=77.1 (0.5s)
2026-04-23 22:49:27 [INFO ] Saved best checkpoint to out_sleepedfx/train/3/best_ckpt/best_model.ckpt
2026-04-23 22:49:38 [INFO ] [e111/200 s109283] TR (n=162791) l=0.4885 a=84.2 f1=78.9 (9.6s)| VA (n=17079) l=1.5405 a=60.9, f1=47.0 (0.4s) | TE (n=19110) l=1.5243 a=56.3, f1=45.8 (0.5s)
2026-04-23 22:49:49 [INFO ] [e112/200 s110303] TR (n=162780) l=0.5515 a=84.0 f1=78.8 (9.7s)| VA (n=17079) l=0.4364 a=81.1, f1=75.6 (0.4s) | TE (n=19110) l=0.6584 a=81.1, f1=75.3 (0.5s)
2026-04-23 22:50:01 [INFO ] [e113/200 s111291] TR (n=162785) l=0.4651 a=84.5 f1=79.3 (9.9s)| VA (n=17079) l=0.5514 a=78.3, f1=74.3 (0.4s) | TE (n=19110) l=0.7515 a=80.7, f1=75.3 (0.5s)
2026-04-23 22:50:12 [INFO ] [e114/200 s112269] TR (n=162816) l=0.5084 a=84.3 f1=79.2 (9.7s)| VA (n=17079) l=1.0728 a=62.5, f1=42.8 (0.4s) | TE (n=19110) l=1.9563 a=54.5, f1=39.0 (0.5s)
2026-04-23 22:50:23 [INFO ] [e115/200 s113235] TR (n=162761) l=0.4578 a=84.5 f1=79.4 (9.5s)| VA (n=17079) l=0.4596 a=80.6, f1=62.1 (0.4s) | TE (n=19110) l=0.6474 a=77.9, f1=61.8 (0.5s)
2026-04-23 22:50:34 [INFO ] [e116/200 s114121] TR (n=162792) l=0.5063 a=84.3 f1=79.0 (8.8s)| VA (n=17079) l=0.7487 a=69.3, f1=64.6 (0.4s) | TE (n=19110) l=0.6504 a=74.0, f1=69.8 (0.5s)
2026-04-23 22:50:44 [INFO ] [e117/200 s115063] TR (n=162796) l=0.4609 a=84.3 f1=78.9 (8.9s)| VA (n=17079) l=0.4433 a=81.7, f1=71.5 (0.4s) | TE (n=19110) l=0.7167 a=81.6, f1=72.9 (0.5s)
2026-04-23 22:50:55 [INFO ] [e118/200 s116076] TR (n=162778) l=0.4898 a=84.6 f1=79.5 (9.6s)| VA (n=17079) l=0.4358 a=81.7, f1=71.4 (0.4s) | TE (n=19110) l=0.5870 a=83.3, f1=75.3 (0.5s)
2026-04-23 22:51:06 [INFO ] [e119/200 s117037] TR (n=162797) l=0.4369 a=84.8 f1=79.5 (9.8s)| VA (n=17079) l=0.4943 a=78.9, f1=61.8 (0.4s) | TE (n=19110) l=0.9169 a=77.2, f1=61.3 (0.5s)
2026-04-23 22:51:18 [INFO ] [e120/200 s118002] TR (n=162795) l=0.4925 a=84.5 f1=79.4 (9.8s)| VA (n=17079) l=0.5074 a=78.3, f1=72.9 (0.4s) | TE (n=19110) l=0.6116 a=81.6, f1=76.7 (0.5s)
2026-04-23 22:51:28 [INFO ] [e121/200 s118922] TR (n=162825) l=0.5173 a=84.7 f1=79.6 (8.8s)| VA (n=17079) l=0.5068 a=78.0, f1=57.6 (0.4s) | TE (n=19110) l=0.8951 a=72.1, f1=55.4 (0.5s)
2026-04-23 22:51:39 [INFO ] [e122/200 s119905] TR (n=162797) l=0.5076 a=84.5 f1=79.2 (9.3s)| VA (n=17079) l=0.6316 a=72.1, f1=57.3 (0.4s) | TE (n=19110) l=0.6710 a=74.8, f1=64.6 (0.5s)
2026-04-23 22:51:50 [INFO ] [e123/200 s120877] TR (n=162793) l=0.4695 a=84.1 f1=78.8 (9.4s)| VA (n=17079) l=0.4387 a=81.0, f1=69.7 (0.4s) | TE (n=19110) l=0.6807 a=80.3, f1=70.0 (0.5s)
2026-04-23 22:52:01 [INFO ] [e124/200 s121879] TR (n=162798) l=0.4804 a=84.5 f1=79.2 (9.9s)| VA (n=17079) l=0.7524 a=70.1, f1=62.8 (0.4s) | TE (n=19110) l=0.8398 a=66.1, f1=60.8 (0.5s)
2026-04-23 22:52:12 [INFO ] [e125/200 s122849] TR (n=162774) l=0.4889 a=84.7 f1=79.8 (9.4s)| VA (n=17079) l=0.4893 a=80.3, f1=61.4 (0.4s) | TE (n=19110) l=0.8211 a=78.5, f1=61.0 (0.5s)
2026-04-23 22:52:23 [INFO ] [e126/200 s123788] TR (n=162801) l=0.4780 a=84.4 f1=79.2 (9.9s)| VA (n=17079) l=0.7755 a=63.6, f1=50.1 (0.4s) | TE (n=19110) l=1.1347 a=65.8, f1=55.6 (0.5s)
2026-04-23 22:52:35 [INFO ] [e127/200 s124758] TR (n=162768) l=0.4993 a=84.4 f1=79.2 (10.0s)| VA (n=17079) l=0.4174 a=82.7, f1=76.5 (0.4s) | TE (n=19110) l=0.5276 a=82.3, f1=75.3 (0.5s)
2026-04-23 22:52:46 [INFO ] [e128/200 s125747] TR (n=162769) l=0.5256 a=84.4 f1=79.2 (9.5s)| VA (n=17079) l=0.6439 a=75.4, f1=67.4 (0.4s) | TE (n=19110) l=0.8006 a=73.6, f1=65.2 (0.5s)
2026-04-23 22:52:58 [INFO ] [e129/200 s126749] TR (n=162802) l=0.4711 a=84.5 f1=79.5 (10.0s)| VA (n=17079) l=0.5433 a=78.2, f1=61.1 (0.4s) | TE (n=19110) l=0.9202 a=78.0, f1=64.5 (0.5s)
2026-04-23 22:53:09 [INFO ] [e130/200 s127710] TR (n=162783) l=0.4761 a=84.5 f1=79.4 (9.7s)| VA (n=17079) l=0.5709 a=76.5, f1=57.9 (0.4s) | TE (n=19110) l=1.0634 a=73.3, f1=57.6 (0.5s)
2026-04-23 22:53:20 [INFO ] [e131/200 s128725] TR (n=162785) l=0.4393 a=84.6 f1=79.5 (9.8s)| VA (n=17079) l=0.5405 a=78.3, f1=59.8 (0.4s) | TE (n=19110) l=1.0759 a=76.8, f1=60.5 (0.5s)
2026-04-23 22:53:31 [INFO ] [e132/200 s129676] TR (n=162817) l=0.4408 a=84.8 f1=79.7 (9.2s)| VA (n=17079) l=0.4436 a=81.2, f1=64.1 (0.4s) | TE (n=19110) l=0.7078 a=77.5, f1=63.7 (0.5s)
2026-04-23 22:53:41 [INFO ] [e133/200 s130588] TR (n=162797) l=0.5083 a=84.6 f1=79.2 (8.4s)| VA (n=17079) l=0.5360 a=79.0, f1=64.0 (0.4s) | TE (n=19110) l=0.7193 a=76.6, f1=61.9 (0.5s)
2026-04-23 22:53:52 [INFO ] [e134/200 s131605] TR (n=162775) l=0.4546 a=85.0 f1=80.0 (10.1s)| VA (n=17079) l=0.4602 a=80.3, f1=71.7 (0.4s) | TE (n=19110) l=0.8215 a=75.9, f1=67.0 (0.5s)
2026-04-23 22:54:04 [INFO ] [e135/200 s132635] TR (n=162808) l=0.4450 a=84.8 f1=79.9 (10.1s)| VA (n=17079) l=0.4568 a=79.0, f1=62.7 (0.4s) | TE (n=19110) l=0.7452 a=77.5, f1=65.2 (0.5s)
2026-04-23 22:54:15 [INFO ] [e136/200 s133615] TR (n=162806) l=0.5481 a=84.3 f1=79.3 (9.6s)| VA (n=17079) l=0.7748 a=70.4, f1=63.6 (0.4s) | TE (n=19110) l=0.7661 a=76.6, f1=70.1 (0.5s)
2026-04-23 22:54:26 [INFO ] [e137/200 s134563] TR (n=162791) l=0.4760 a=84.9 f1=79.8 (9.3s)| VA (n=17079) l=0.7447 a=68.5, f1=48.0 (0.4s) | TE (n=19110) l=1.1927 a=67.6, f1=51.2 (0.6s)
2026-04-23 22:54:37 [INFO ] [e138/200 s135524] TR (n=162788) l=0.4923 a=84.3 f1=79.2 (9.1s)| VA (n=17079) l=0.4490 a=81.6, f1=72.8 (0.4s) | TE (n=19110) l=0.7284 a=80.5, f1=71.8 (0.5s)
2026-04-23 22:54:48 [INFO ] [e139/200 s136484] TR (n=162784) l=0.4798 a=85.1 f1=80.1 (9.4s)| VA (n=17079) l=0.4923 a=79.8, f1=74.3 (0.4s) | TE (n=19110) l=0.5437 a=78.8, f1=73.8 (0.5s)
2026-04-23 22:54:59 [INFO ] [e140/200 s137464] TR (n=162773) l=0.4830 a=84.5 f1=79.3 (10.3s)| VA (n=17079) l=0.5922 a=75.2, f1=66.3 (0.4s) | TE (n=19110) l=0.7641 a=70.3, f1=64.0 (0.5s)
2026-04-23 22:55:11 [INFO ] [e141/200 s138461] TR (n=162788) l=0.4819 a=84.2 f1=78.9 (10.1s)| VA (n=17079) l=0.5800 a=76.0, f1=67.5 (0.4s) | TE (n=19110) l=0.7570 a=72.0, f1=65.7 (0.5s)
2026-04-23 22:55:23 [INFO ] [e142/200 s139469] TR (n=162829) l=0.4554 a=85.1 f1=80.1 (10.1s)| VA (n=17079) l=0.5331 a=78.5, f1=59.6 (0.4s) | TE (n=19110) l=0.7935 a=76.5, f1=61.0 (0.5s)
2026-04-23 22:55:34 [INFO ] [e143/200 s140475] TR (n=162802) l=0.4646 a=84.8 f1=79.6 (9.7s)| VA (n=17079) l=0.5148 a=79.3, f1=68.8 (0.4s) | TE (n=19110) l=0.7620 a=78.1, f1=70.0 (0.5s)
2026-04-23 22:55:46 [INFO ] [e144/200 s141493] TR (n=162786) l=0.5354 a=84.5 f1=79.5 (9.8s)| VA (n=17079) l=0.6454 a=73.3, f1=67.5 (0.4s) | TE (n=19110) l=0.8285 a=67.7, f1=62.4 (0.5s)
2026-04-23 22:55:57 [INFO ] [e145/200 s142494] TR (n=162803) l=0.4650 a=84.9 f1=79.9 (10.2s)| VA (n=17079) l=0.5863 a=78.6, f1=58.6 (0.4s) | TE (n=19110) l=0.7889 a=78.1, f1=60.8 (0.5s)
2026-04-23 22:56:08 [INFO ] [e146/200 s143452] TR (n=162777) l=0.4608 a=85.4 f1=80.4 (9.7s)| VA (n=17079) l=0.4706 a=80.9, f1=78.0 (0.4s) | TE (n=19110) l=0.5450 a=82.5, f1=78.5 (0.5s)
2026-04-23 22:56:20 [INFO ] [e147/200 s144468] TR (n=162786) l=0.4820 a=85.0 f1=79.9 (10.0s)| VA (n=17079) l=0.4621 a=80.4, f1=71.3 (0.4s) | TE (n=19110) l=0.6173 a=77.8, f1=69.0 (0.5s)
2026-04-23 22:56:31 [INFO ] [e148/200 s145460] TR (n=162768) l=0.4920 a=84.7 f1=79.7 (9.3s)| VA (n=17079) l=1.0140 a=64.6, f1=43.4 (0.4s) | TE (n=19110) l=1.4131 a=62.2, f1=47.4 (0.5s)
2026-04-23 22:56:42 [INFO ] [e149/200 s146441] TR (n=162792) l=0.4395 a=85.1 f1=80.1 (9.9s)| VA (n=17079) l=0.5642 a=76.5, f1=58.5 (0.4s) | TE (n=19110) l=1.0429 a=74.8, f1=58.6 (0.5s)
2026-04-23 22:56:54 [INFO ] [e150/200 s147432] TR (n=162796) l=0.5079 a=84.9 f1=80.0 (10.1s)| VA (n=17079) l=0.8445 a=66.9, f1=51.3 (0.4s) | TE (n=19110) l=1.0990 a=73.8, f1=61.2 (0.5s)
2026-04-23 22:56:54 [INFO ] >> Confusion Matrix
2026-04-23 22:56:54 [INFO ] [[4122  225  750   10  640]
 [  91  401  711    1  494]
 [   1   60 6855   11  319]
 [   0    0 1199  404    0]
 [   0   23  475    0 2318]]
2026-04-23 22:57:05 [INFO ] [e151/200 s148410] TR (n=162803) l=0.4683 a=85.1 f1=80.0 (9.7s)| VA (n=17079) l=0.4937 a=81.0, f1=74.5 (0.4s) | TE (n=19110) l=0.5608 a=82.5, f1=75.7 (0.5s)
2026-04-23 22:57:17 [INFO ] [e152/200 s149413] TR (n=162774) l=0.4872 a=84.9 f1=79.9 (9.8s)| VA (n=17079) l=0.6988 a=71.8, f1=57.0 (0.4s) | TE (n=19110) l=1.0596 a=73.8, f1=63.6 (0.5s)
2026-04-23 22:57:28 [INFO ] [e153/200 s150418] TR (n=162809) l=0.4769 a=85.2 f1=80.2 (10.2s)| VA (n=17079) l=0.5855 a=74.5, f1=61.6 (0.4s) | TE (n=19110) l=0.8152 a=71.0, f1=60.5 (0.5s)
2026-04-23 22:57:39 [INFO ] [e154/200 s151405] TR (n=162771) l=0.5180 a=84.8 f1=79.6 (9.9s)| VA (n=17079) l=0.4595 a=82.1, f1=78.0 (0.4s) | TE (n=19110) l=0.5307 a=81.5, f1=76.0 (0.5s)
2026-04-23 22:57:51 [INFO ] [e155/200 s152432] TR (n=162818) l=0.4813 a=85.0 f1=80.1 (10.3s)| VA (n=17079) l=0.6268 a=77.3, f1=59.3 (0.4s) | TE (n=19110) l=0.9384 a=76.0, f1=59.2 (0.5s)
2026-04-23 22:58:03 [INFO ] [e156/200 s153418] TR (n=162797) l=0.4406 a=85.4 f1=80.4 (9.6s)| VA (n=17079) l=0.5164 a=78.8, f1=67.8 (0.4s) | TE (n=19110) l=0.7201 a=75.3, f1=66.5 (0.5s)
2026-04-23 22:58:13 [INFO ] [e157/200 s154390] TR (n=162809) l=0.4493 a=85.4 f1=80.4 (9.4s)| VA (n=17079) l=0.4470 a=81.0, f1=69.7 (0.4s) | TE (n=19110) l=0.6469 a=78.0, f1=68.7 (0.5s)
2026-04-23 22:58:25 [INFO ] [e158/200 s155373] TR (n=162784) l=0.4654 a=84.8 f1=79.9 (9.5s)| VA (n=17079) l=0.4979 a=78.1, f1=68.5 (0.4s) | TE (n=19110) l=0.6955 a=78.5, f1=69.2 (0.5s)
2026-04-23 22:58:36 [INFO ] [e159/200 s156382] TR (n=162796) l=0.4871 a=85.0 f1=80.1 (9.6s)| VA (n=17079) l=0.7316 a=70.2, f1=54.2 (0.4s) | TE (n=19110) l=1.0273 a=64.1, f1=51.2 (0.5s)
2026-04-23 22:58:46 [INFO ] [e160/200 s157350] TR (n=162794) l=0.4607 a=85.4 f1=80.6 (9.5s)| VA (n=17079) l=0.6044 a=76.4, f1=69.9 (0.4s) | TE (n=19110) l=0.5387 a=78.9, f1=73.7 (0.5s)
2026-04-23 22:58:58 [INFO ] [e161/200 s158381] TR (n=162809) l=0.4490 a=85.2 f1=80.3 (9.9s)| VA (n=17079) l=0.4874 a=80.2, f1=72.9 (0.4s) | TE (n=19110) l=0.6846 a=79.2, f1=71.6 (0.5s)
2026-04-23 22:59:10 [INFO ] [e162/200 s159402] TR (n=162808) l=0.4515 a=85.4 f1=80.6 (10.4s)| VA (n=17079) l=1.0928 a=61.0, f1=49.3 (0.4s) | TE (n=19110) l=1.6329 a=51.1, f1=42.7 (0.5s)
2026-04-23 22:59:21 [INFO ] [e163/200 s160401] TR (n=162801) l=0.4791 a=85.2 f1=80.3 (9.9s)| VA (n=17079) l=0.5820 a=75.6, f1=67.5 (0.4s) | TE (n=19110) l=0.6301 a=74.2, f1=67.9 (0.5s)
2026-04-23 22:59:32 [INFO ] [e164/200 s161384] TR (n=162786) l=0.4615 a=85.1 f1=80.0 (9.6s)| VA (n=17079) l=0.5160 a=79.6, f1=74.1 (0.4s) | TE (n=19110) l=0.5850 a=81.1, f1=74.6 (0.5s)
2026-04-23 22:59:44 [INFO ] [e165/200 s162372] TR (n=162857) l=0.4520 a=85.3 f1=80.3 (9.6s)| VA (n=17079) l=0.4707 a=81.8, f1=77.7 (0.4s) | TE (n=19110) l=0.5076 a=83.7, f1=78.7 (0.5s)
2026-04-23 22:59:55 [INFO ] [e166/200 s163387] TR (n=162791) l=0.4445 a=85.3 f1=80.5 (9.8s)| VA (n=17079) l=0.4990 a=80.1, f1=75.4 (0.4s) | TE (n=19110) l=0.5533 a=82.2, f1=77.6 (0.5s)
2026-04-23 23:00:06 [INFO ] [e167/200 s164373] TR (n=162795) l=0.4529 a=85.3 f1=80.3 (9.6s)| VA (n=17079) l=0.4312 a=81.4, f1=70.5 (0.4s) | TE (n=19110) l=0.5507 a=80.0, f1=72.0 (0.5s)
2026-04-23 23:00:17 [INFO ] [e168/200 s165401] TR (n=162775) l=0.4450 a=85.1 f1=80.2 (10.1s)| VA (n=17079) l=0.8810 a=70.9, f1=52.9 (0.4s) | TE (n=19110) l=1.6416 a=71.7, f1=55.5 (0.5s)
2026-04-23 23:00:29 [INFO ] [e169/200 s166401] TR (n=162789) l=0.4452 a=85.2 f1=80.2 (10.2s)| VA (n=17079) l=0.6714 a=74.3, f1=57.1 (0.4s) | TE (n=19110) l=1.1189 a=70.8, f1=58.5 (0.5s)
2026-04-23 23:00:40 [INFO ] [e170/200 s167393] TR (n=162790) l=0.4475 a=85.4 f1=80.7 (9.3s)| VA (n=17079) l=0.8183 a=66.8, f1=51.4 (0.4s) | TE (n=19110) l=1.2024 a=66.5, f1=53.3 (0.5s)
2026-04-23 23:00:52 [INFO ] [e171/200 s168426] TR (n=162800) l=0.4487 a=85.3 f1=80.3 (10.2s)| VA (n=17079) l=0.5652 a=78.9, f1=68.9 (0.4s) | TE (n=19110) l=0.6713 a=75.2, f1=68.2 (0.5s)
2026-04-23 23:01:03 [INFO ] [e172/200 s169398] TR (n=162763) l=0.4732 a=85.3 f1=80.6 (9.0s)| VA (n=17079) l=0.6370 a=73.3, f1=54.9 (0.4s) | TE (n=19110) l=1.4035 a=66.2, f1=52.5 (0.5s)
2026-04-23 23:01:13 [INFO ] [e173/200 s170370] TR (n=162826) l=0.4575 a=85.4 f1=80.6 (9.4s)| VA (n=17079) l=0.5335 a=79.9, f1=74.1 (0.4s) | TE (n=19110) l=0.5537 a=81.5, f1=75.9 (0.5s)
2026-04-23 23:01:24 [INFO ] [e174/200 s171345] TR (n=162773) l=0.4246 a=85.3 f1=80.5 (9.1s)| VA (n=17079) l=0.4885 a=80.9, f1=66.1 (0.4s) | TE (n=19110) l=0.9804 a=79.9, f1=67.6 (0.5s)
2026-04-23 23:01:35 [INFO ] [e175/200 s172339] TR (n=162798) l=0.4198 a=85.7 f1=81.1 (9.4s)| VA (n=17079) l=0.4578 a=82.4, f1=77.3 (0.4s) | TE (n=19110) l=0.5660 a=83.0, f1=77.4 (0.5s)
2026-04-23 23:01:45 [INFO ] [e176/200 s173282] TR (n=162792) l=0.4566 a=85.7 f1=80.9 (9.2s)| VA (n=17079) l=0.4819 a=81.2, f1=71.1 (0.4s) | TE (n=19110) l=0.6195 a=78.9, f1=70.1 (0.5s)
2026-04-23 23:01:57 [INFO ] [e177/200 s174309] TR (n=162774) l=0.4586 a=85.1 f1=80.1 (10.4s)| VA (n=17079) l=0.5453 a=79.3, f1=74.7 (0.4s) | TE (n=19110) l=0.6893 a=80.6, f1=74.9 (0.5s)
2026-04-23 23:02:09 [INFO ] [e178/200 s175334] TR (n=162779) l=0.4507 a=85.4 f1=80.6 (9.7s)| VA (n=17079) l=0.5787 a=76.7, f1=59.3 (0.4s) | TE (n=19110) l=0.8799 a=70.6, f1=57.4 (0.5s)
2026-04-23 23:02:20 [INFO ] [e179/200 s176273] TR (n=162800) l=0.4595 a=85.5 f1=80.9 (9.7s)| VA (n=17079) l=0.5424 a=79.7, f1=63.2 (0.4s) | TE (n=19110) l=1.0530 a=79.3, f1=65.8 (0.5s)
2026-04-23 23:02:31 [INFO ] [e180/200 s177211] TR (n=162767) l=0.4382 a=85.8 f1=81.0 (9.8s)| VA (n=17079) l=0.5957 a=78.4, f1=71.7 (0.4s) | TE (n=19110) l=0.6516 a=80.2, f1=74.1 (0.5s)
2026-04-23 23:02:43 [INFO ] [e181/200 s178200] TR (n=162781) l=0.4662 a=85.6 f1=80.9 (9.9s)| VA (n=17079) l=0.7437 a=72.3, f1=65.7 (0.4s) | TE (n=19110) l=1.0965 a=64.1, f1=56.9 (0.5s)
2026-04-23 23:02:54 [INFO ] [e182/200 s179189] TR (n=162784) l=0.4605 a=85.6 f1=80.8 (9.8s)| VA (n=17079) l=0.4832 a=79.5, f1=64.8 (0.4s) | TE (n=19110) l=0.6403 a=76.8, f1=65.0 (0.5s)
2026-04-23 23:03:05 [INFO ] [e183/200 s180213] TR (n=162790) l=0.4705 a=85.5 f1=80.7 (9.7s)| VA (n=17079) l=0.4357 a=81.8, f1=77.0 (0.4s) | TE (n=19110) l=0.6193 a=78.1, f1=73.6 (0.5s)
2026-04-23 23:03:18 [INFO ] [e184/200 s181199] TR (n=162798) l=0.5017 a=85.7 f1=80.9 (9.4s)| VA (n=17079) l=0.7012 a=69.6, f1=58.7 (0.4s) | TE (n=19110) l=0.8673 a=68.1, f1=58.3 (0.5s)
2026-04-23 23:03:29 [INFO ] [e185/200 s182130] TR (n=162806) l=0.4309 a=85.7 f1=81.1 (9.5s)| VA (n=17079) l=0.5018 a=79.8, f1=62.8 (0.4s) | TE (n=19110) l=0.8468 a=79.0, f1=66.8 (0.5s)
2026-04-23 23:03:39 [INFO ] [e186/200 s183099] TR (n=162799) l=0.4460 a=85.7 f1=81.0 (9.1s)| VA (n=17079) l=0.6060 a=76.9, f1=69.5 (0.4s) | TE (n=19110) l=0.5690 a=78.0, f1=71.6 (0.5s)
2026-04-23 23:03:50 [INFO ] [e187/200 s184083] TR (n=162797) l=0.4292 a=85.7 f1=81.0 (9.0s)| VA (n=17079) l=0.5561 a=80.6, f1=73.6 (0.4s) | TE (n=19110) l=0.6505 a=81.2, f1=73.9 (0.5s)
2026-04-23 23:04:00 [INFO ] [e188/200 s185057] TR (n=162806) l=0.4650 a=85.5 f1=80.6 (9.4s)| VA (n=17079) l=0.4850 a=78.3, f1=64.5 (0.4s) | TE (n=19110) l=0.7044 a=73.2, f1=64.8 (0.5s)
2026-04-23 23:04:12 [INFO ] [e189/200 s186063] TR (n=162780) l=0.4229 a=85.7 f1=81.0 (9.6s)| VA (n=17079) l=0.5203 a=78.6, f1=61.6 (0.4s) | TE (n=19110) l=0.7527 a=76.0, f1=62.8 (0.5s)
2026-04-23 23:04:23 [INFO ] [e190/200 s187077] TR (n=162778) l=0.4432 a=85.5 f1=80.8 (9.6s)| VA (n=17079) l=0.4897 a=80.0, f1=61.7 (0.4s) | TE (n=19110) l=0.8004 a=75.7, f1=60.0 (0.5s)
2026-04-23 23:04:34 [INFO ] [e191/200 s188072] TR (n=162776) l=0.4382 a=85.7 f1=80.9 (9.6s)| VA (n=17079) l=0.6341 a=76.2, f1=71.5 (0.4s) | TE (n=19110) l=0.7832 a=75.3, f1=70.4 (0.5s)
2026-04-23 23:04:45 [INFO ] [e192/200 s189037] TR (n=162811) l=0.4452 a=85.7 f1=81.0 (9.9s)| VA (n=17079) l=0.5452 a=79.9, f1=73.5 (0.4s) | TE (n=19110) l=0.5991 a=81.8, f1=75.0 (0.6s)
2026-04-23 23:04:57 [INFO ] [e193/200 s190069] TR (n=162757) l=0.4285 a=85.6 f1=80.8 (10.0s)| VA (n=17079) l=0.5399 a=79.3, f1=70.1 (0.4s) | TE (n=19110) l=0.6794 a=80.8, f1=72.5 (0.5s)
2026-04-23 23:05:08 [INFO ] [e194/200 s191058] TR (n=162787) l=0.4576 a=85.7 f1=80.9 (10.0s)| VA (n=17079) l=0.4341 a=81.5, f1=73.7 (0.4s) | TE (n=19110) l=0.6094 a=80.0, f1=73.1 (0.5s)
2026-04-23 23:05:19 [INFO ] [e195/200 s192007] TR (n=162796) l=0.4356 a=85.6 f1=80.9 (9.5s)| VA (n=17079) l=0.6440 a=74.0, f1=60.8 (0.4s) | TE (n=19110) l=0.7201 a=76.8, f1=65.9 (0.5s)
2026-04-23 23:05:31 [INFO ] [e196/200 s192996] TR (n=162786) l=0.4298 a=85.6 f1=80.9 (9.8s)| VA (n=17079) l=0.5115 a=79.9, f1=69.8 (0.4s) | TE (n=19110) l=0.7736 a=78.5, f1=69.2 (0.5s)
2026-04-23 23:05:42 [INFO ] [e197/200 s193976] TR (n=162801) l=0.4441 a=85.9 f1=81.3 (9.4s)| VA (n=17079) l=0.4592 a=81.8, f1=76.3 (0.4s) | TE (n=19110) l=0.6056 a=80.2, f1=74.5 (0.5s)
2026-04-23 23:05:52 [INFO ] [e198/200 s194910] TR (n=162809) l=0.4193 a=86.2 f1=81.7 (9.0s)| VA (n=17079) l=0.9433 a=63.4, f1=48.7 (0.4s) | TE (n=19110) l=1.5199 a=59.6, f1=47.8 (0.5s)
2026-04-23 23:06:03 [INFO ] [e199/200 s195892] TR (n=162818) l=0.4266 a=85.8 f1=81.2 (9.3s)| VA (n=17079) l=0.4889 a=79.8, f1=62.0 (0.4s) | TE (n=19110) l=0.7814 a=77.8, f1=63.7 (0.5s)
2026-04-23 23:06:14 [INFO ] [e200/200 s196848] TR (n=162791) l=0.4179 a=85.6 f1=80.9 (9.3s)| VA (n=17079) l=0.5670 a=76.6, f1=60.7 (0.4s) | TE (n=19110) l=0.8100 a=73.4, f1=62.5 (0.5s)
2026-04-23 23:06:14 [INFO ] >> Confusion Matrix
2026-04-23 23:06:14 [INFO ] [[5412  289   10    0   36]
 [ 390 1055   91    0  162]
 [ 115 1584 4923    0  624]
 [  10   57 1124  256  156]
 [  44  296   88    0 2388]]
2026-04-23 23:06:14 [INFO ] Load generated SIDs from sleepedfx.txt
2026-04-23 23:06:14 [INFO ] SIDs (78): [ 0  1  2  3  4  5  6  7  8  9 10 11 12 13 14 15 16 17 18 19 20 21 22 23
 24 25 26 27 28 29 30 31 32 33 34 35 36 37 38 40 41 42 43 44 45 46 47 48
 49 50 51 52 53 54 55 56 57 58 59 60 61 62 63 64 65 66 67 70 71 72 73 74
 75 76 77 80 81 82]
2026-04-23 23:06:14 [INFO ] Train SIDs: (63) [ 0  1  2  3  4  5  6  7  8  9 11 12 14 15 16 17 18 19 21 22 23 24 25 26
 27 28 29 30 31 41 42 43 44 45 46 48 49 50 52 53 54 55 56 57 58 59 60 61
 62 63 64 65 66 67 70 71 72 73 75 76 80 81 82]
2026-04-23 23:06:14 [INFO ] Valid SIDs: (7) [10 20 13 74 47 51 77]
2026-04-23 23:06:14 [INFO ] Test SIDs: (8) [32 33 34 35 36 37 38 40]
2026-04-23 23:06:16 [INFO ] Training set (n_night_sleeps=125)
2026-04-23 23:06:16 [INFO ] (841, 3000, 1, 1)
2026-04-23 23:06:16 [INFO ] (1127, 3000, 1, 1)
2026-04-23 23:06:16 [INFO ] (1103, 3000, 1, 1)
2026-04-23 23:06:16 [INFO ] (2265, 3000, 1, 1)
2026-04-23 23:06:16 [INFO ] (1025, 3000, 1, 1)
2026-04-23 23:06:16 [INFO ] (1009, 3000, 1, 1)
2026-04-23 23:06:16 [INFO ] (952, 3000, 1, 1)
2026-04-23 23:06:16 [INFO ] (911, 3000, 1, 1)
2026-04-23 23:06:16 [INFO ] (1235, 3000, 1, 1)
2026-04-23 23:06:16 [INFO ] (1200, 3000, 1, 1)
2026-04-23 23:06:16 [INFO ] (672, 3000, 1, 1)
2026-04-23 23:06:16 [INFO ] (1246, 3000, 1, 1)
2026-04-23 23:06:16 [INFO ] (843, 3000, 1, 1)
2026-04-23 23:06:16 [INFO ] (1016, 3000, 1, 1)
2026-04-23 23:06:16 [INFO ] (976, 3000, 1, 1)
2026-04-23 23:06:16 [INFO ] (1273, 3000, 1, 1)
2026-04-23 23:06:16 [INFO ] (1134, 3000, 1, 1)
2026-04-23 23:06:16 [INFO ] (1054, 3000, 1, 1)
2026-04-23 23:06:16 [INFO ] (1132, 3000, 1, 1)
2026-04-23 23:06:16 [INFO ] (1207, 3000, 1, 1)
2026-04-23 23:06:16 [INFO ] (928, 3000, 1, 1)
2026-04-23 23:06:16 [INFO ] (802, 3000, 1, 1)
2026-04-23 23:06:16 [INFO ] (1783, 3000, 1, 1)
2026-04-23 23:06:16 [INFO ] (977, 3000, 1, 1)
2026-04-23 23:06:16 [INFO ] (1004, 3000, 1, 1)
2026-04-23 23:06:16 [INFO ] (952, 3000, 1, 1)
2026-04-23 23:06:16 [INFO ] (952, 3000, 1, 1)
2026-04-23 23:06:16 [INFO ] (1762, 3000, 1, 1)
2026-04-23 23:06:16 [INFO ] (1144, 3000, 1, 1)
2026-04-23 23:06:16 [INFO ] (1003, 3000, 1, 1)
2026-04-23 23:06:16 [INFO ] (1002, 3000, 1, 1)
2026-04-23 23:06:16 [INFO ] (1773, 3000, 1, 1)
2026-04-23 23:06:16 [INFO ] (964, 3000, 1, 1)
2026-04-23 23:06:16 [INFO ] (920, 3000, 1, 1)
2026-04-23 23:06:16 [INFO ] (1535, 3000, 1, 1)
2026-04-23 23:06:16 [INFO ] (1274, 3000, 1, 1)
2026-04-23 23:06:16 [INFO ] (1578, 3000, 1, 1)
2026-04-23 23:06:16 [INFO ] (808, 3000, 1, 1)
2026-04-23 23:06:16 [INFO ] (1099, 3000, 1, 1)
2026-04-23 23:06:16 [INFO ] (1108, 3000, 1, 1)
2026-04-23 23:06:16 [INFO ] (904, 3000, 1, 1)
2026-04-23 23:06:16 [INFO ] (1729, 3000, 1, 1)
2026-04-23 23:06:16 [INFO ] (1673, 3000, 1, 1)
2026-04-23 23:06:16 [INFO ] (1775, 3000, 1, 1)
2026-04-23 23:06:16 [INFO ] (972, 3000, 1, 1)
2026-04-23 23:06:16 [INFO ] (1020, 3000, 1, 1)
2026-04-23 23:06:16 [INFO ] (1597, 3000, 1, 1)
2026-04-23 23:06:16 [INFO ] (980, 3000, 1, 1)
2026-04-23 23:06:16 [INFO ] (1052, 3000, 1, 1)
2026-04-23 23:06:16 [INFO ] (1090, 3000, 1, 1)
2026-04-23 23:06:16 [INFO ] (1127, 3000, 1, 1)
2026-04-23 23:06:16 [INFO ] (1070, 3000, 1, 1)
2026-04-23 23:06:16 [INFO ] (1131, 3000, 1, 1)
2026-04-23 23:06:16 [INFO ] (1605, 3000, 1, 1)
2026-04-23 23:06:16 [INFO ] (929, 3000, 1, 1)
2026-04-23 23:06:16 [INFO ] (854, 3000, 1, 1)
2026-04-23 23:06:16 [INFO ] (1054, 3000, 1, 1)
2026-04-23 23:06:16 [INFO ] (1181, 3000, 1, 1)
2026-04-23 23:06:16 [INFO ] (1078, 3000, 1, 1)
2026-04-23 23:06:16 [INFO ] (1939, 3000, 1, 1)
2026-04-23 23:06:16 [INFO ] (785, 3000, 1, 1)
2026-04-23 23:06:16 [INFO ] (884, 3000, 1, 1)
2026-04-23 23:06:16 [INFO ] (1594, 3000, 1, 1)
2026-04-23 23:06:16 [INFO ] (962, 3000, 1, 1)
2026-04-23 23:06:16 [INFO ] (1195, 3000, 1, 1)
2026-04-23 23:06:16 [INFO ] (1092, 3000, 1, 1)
2026-04-23 23:06:16 [INFO ] (1208, 3000, 1, 1)
2026-04-23 23:06:16 [INFO ] (1166, 3000, 1, 1)
2026-04-23 23:06:16 [INFO ] (983, 3000, 1, 1)
2026-04-23 23:06:16 [INFO ] (1022, 3000, 1, 1)
2026-04-23 23:06:16 [INFO ] (2027, 3000, 1, 1)
2026-04-23 23:06:16 [INFO ] (1910, 3000, 1, 1)
2026-04-23 23:06:16 [INFO ] (1101, 3000, 1, 1)
2026-04-23 23:06:16 [INFO ] (1040, 3000, 1, 1)
2026-04-23 23:06:16 [INFO ] (1326, 3000, 1, 1)
2026-04-23 23:06:16 [INFO ] (1103, 3000, 1, 1)
2026-04-23 23:06:16 [INFO ] (997, 3000, 1, 1)
2026-04-23 23:06:16 [INFO ] (1096, 3000, 1, 1)
2026-04-23 23:06:16 [INFO ] (1056, 3000, 1, 1)
2026-04-23 23:06:16 [INFO ] (1716, 3000, 1, 1)
2026-04-23 23:06:16 [INFO ] (1148, 3000, 1, 1)
2026-04-23 23:06:16 [INFO ] (1047, 3000, 1, 1)
2026-04-23 23:06:16 [INFO ] (1090, 3000, 1, 1)
2026-04-23 23:06:16 [INFO ] (1237, 3000, 1, 1)
2026-04-23 23:06:16 [INFO ] (1148, 3000, 1, 1)
2026-04-23 23:06:16 [INFO ] (1287, 3000, 1, 1)
2026-04-23 23:06:16 [INFO ] (1095, 3000, 1, 1)
2026-04-23 23:06:16 [INFO ] (1095, 3000, 1, 1)
2026-04-23 23:06:16 [INFO ] (1175, 3000, 1, 1)
2026-04-23 23:06:16 [INFO ] (1840, 3000, 1, 1)
2026-04-23 23:06:16 [INFO ] (1231, 3000, 1, 1)
2026-04-23 23:06:16 [INFO ] (1349, 3000, 1, 1)
2026-04-23 23:06:16 [INFO ] (2043, 3000, 1, 1)
2026-04-23 23:06:16 [INFO ] (1652, 3000, 1, 1)
2026-04-23 23:06:16 [INFO ] (1062, 3000, 1, 1)
2026-04-23 23:06:16 [INFO ] (1445, 3000, 1, 1)
2026-04-23 23:06:16 [INFO ] (1823, 3000, 1, 1)
2026-04-23 23:06:16 [INFO ] (1063, 3000, 1, 1)
2026-04-23 23:06:16 [INFO ] (1107, 3000, 1, 1)
2026-04-23 23:06:16 [INFO ] (1271, 3000, 1, 1)
2026-04-23 23:06:16 [INFO ] (2049, 3000, 1, 1)
2026-04-23 23:06:16 [INFO ] (2644, 3000, 1, 1)
2026-04-23 23:06:16 [INFO ] (1929, 3000, 1, 1)
2026-04-23 23:06:16 [INFO ] (2026, 3000, 1, 1)
2026-04-23 23:06:16 [INFO ] (1994, 3000, 1, 1)
2026-04-23 23:06:16 [INFO ] (1968, 3000, 1, 1)
2026-04-23 23:06:16 [INFO ] (1021, 3000, 1, 1)
2026-04-23 23:06:16 [INFO ] (1717, 3000, 1, 1)
2026-04-23 23:06:16 [INFO ] (1515, 3000, 1, 1)
2026-04-23 23:06:16 [INFO ] (1413, 3000, 1, 1)
2026-04-23 23:06:16 [INFO ] (1241, 3000, 1, 1)
2026-04-23 23:06:16 [INFO ] (1031, 3000, 1, 1)
2026-04-23 23:06:16 [INFO ] (1130, 3000, 1, 1)
2026-04-23 23:06:16 [INFO ] (2667, 3000, 1, 1)
2026-04-23 23:06:16 [INFO ] (2318, 3000, 1, 1)
2026-04-23 23:06:16 [INFO ] (2044, 3000, 1, 1)
2026-04-23 23:06:16 [INFO ] (1049, 3000, 1, 1)
2026-04-23 23:06:16 [INFO ] (1683, 3000, 1, 1)
2026-04-23 23:06:16 [INFO ] (2662, 3000, 1, 1)
2026-04-23 23:06:16 [INFO ] (1241, 3000, 1, 1)
2026-04-23 23:06:16 [INFO ] (1229, 3000, 1, 1)
2026-04-23 23:06:16 [INFO ] (1293, 3000, 1, 1)
2026-04-23 23:06:16 [INFO ] (1183, 3000, 1, 1)
2026-04-23 23:06:16 [INFO ] (1704, 3000, 1, 1)
2026-04-23 23:06:16 [INFO ] (1366, 3000, 1, 1)
2026-04-23 23:06:16 [INFO ] W: 56377
2026-04-23 23:06:16 [INFO ] N1: 17370
2026-04-23 23:06:16 [INFO ] N2: 55770
2026-04-23 23:06:16 [INFO ] N3: 11867
2026-04-23 23:06:16 [INFO ] REM: 21553
2026-04-23 23:06:16 [INFO ] Validation set (n_night_sleeps=13)
2026-04-23 23:06:16 [INFO ] (1104, 3000, 1, 1)
2026-04-23 23:06:16 [INFO ] (1092, 3000, 1, 1)
2026-04-23 23:06:16 [INFO ] (1022, 3000, 1, 1)
2026-04-23 23:06:16 [INFO ] (1021, 3000, 1, 1)
2026-04-23 23:06:16 [INFO ] (1028, 3000, 1, 1)
2026-04-23 23:06:16 [INFO ] (2210, 3000, 1, 1)
2026-04-23 23:06:16 [INFO ] (1063, 3000, 1, 1)
2026-04-23 23:06:16 [INFO ] (1187, 3000, 1, 1)
2026-04-23 23:06:16 [INFO ] (2161, 3000, 1, 1)
2026-04-23 23:06:16 [INFO ] (1087, 3000, 1, 1)
2026-04-23 23:06:16 [INFO ] (954, 3000, 1, 1)
2026-04-23 23:06:16 [INFO ] (1325, 3000, 1, 1)
2026-04-23 23:06:16 [INFO ] (1324, 3000, 1, 1)
2026-04-23 23:06:16 [INFO ] W: 5803
2026-04-23 23:06:16 [INFO ] N1: 2049
2026-04-23 23:06:16 [INFO ] N2: 5925
2026-04-23 23:06:16 [INFO ] N3: 698
2026-04-23 23:06:16 [INFO ] REM: 2103
2026-04-23 23:06:16 [INFO ] Test set (n_night_sleeps=15)
2026-04-23 23:06:16 [INFO ] (1560, 3000, 1, 1)
2026-04-23 23:06:16 [INFO ] (1021, 3000, 1, 1)
2026-04-23 23:06:16 [INFO ] (1888, 3000, 1, 1)
2026-04-23 23:06:16 [INFO ] (1312, 3000, 1, 1)
2026-04-23 23:06:16 [INFO ] (1501, 3000, 1, 1)
2026-04-23 23:06:16 [INFO ] (1582, 3000, 1, 1)
2026-04-23 23:06:16 [INFO ] (976, 3000, 1, 1)
2026-04-23 23:06:16 [INFO ] (963, 3000, 1, 1)
2026-04-23 23:06:16 [INFO ] (824, 3000, 1, 1)
2026-04-23 23:06:16 [INFO ] (918, 3000, 1, 1)
2026-04-23 23:06:16 [INFO ] (1509, 3000, 1, 1)
2026-04-23 23:06:16 [INFO ] (1776, 3000, 1, 1)
2026-04-23 23:06:16 [INFO ] (1871, 3000, 1, 1)
2026-04-23 23:06:16 [INFO ] (1064, 3000, 1, 1)
2026-04-23 23:06:16 [INFO ] (1072, 3000, 1, 1)
2026-04-23 23:06:16 [INFO ] W: 7644
2026-04-23 23:06:16 [INFO ] N1: 2103
2026-04-23 23:06:16 [INFO ] N2: 7437
2026-04-23 23:06:16 [INFO ] N3: 474
2026-04-23 23:06:16 [INFO ] REM: 2179
2026-04-23 23:06:16 [INFO ]   Weighted cross entropy: True
2026-04-23 23:06:16 [INFO ]   Weighted cross entropy: [1.  1.5 1.  1.  1. ]
2026-04-23 23:06:16 [INFO ] using device 0
2026-04-23 23:06:17 [INFO ] Data Augmentation
2026-04-23 23:06:17 [INFO ]   Sequence: True
2026-04-23 23:06:17 [INFO ]   Signal full: True
2026-04-23 23:06:27 [INFO ] [e1/200 s956] TR (n=162551) l=1.3309 a=49.1 f1=28.4 (9.2s)| VA (n=16578) l=0.9721 a=46.6, f1=27.7 (0.4s) | TE (n=19837) l=1.1124 a=52.6, f1=30.6 (0.3s)
2026-04-23 23:06:27 [INFO ] Saved best checkpoint to out_sleepedfx/train/4/best_ckpt/best_model.ckpt
2026-04-23 23:06:38 [INFO ] [e2/200 s1933] TR (n=162558) l=1.0915 a=60.3 f1=40.9 (9.7s)| VA (n=16578) l=0.9968 a=60.4, f1=43.8 (0.4s) | TE (n=19837) l=1.0263 a=62.9, f1=44.1 (0.3s)
2026-04-23 23:06:38 [INFO ] Saved best checkpoint to out_sleepedfx/train/4/best_ckpt/best_model.ckpt
2026-04-23 23:06:49 [INFO ] [e3/200 s2954] TR (n=162534) l=0.9745 a=63.7 f1=48.8 (10.0s)| VA (n=16578) l=0.7955 a=64.9, f1=40.9 (0.4s) | TE (n=19837) l=0.7283 a=73.9, f1=46.9 (0.4s)
2026-04-23 23:07:00 [INFO ] [e4/200 s3968] TR (n=162550) l=0.9032 a=66.8 f1=54.9 (9.5s)| VA (n=16578) l=0.9015 a=65.2, f1=42.4 (0.4s) | TE (n=19837) l=0.9021 a=67.0, f1=40.4 (0.3s)
2026-04-23 23:07:11 [INFO ] [e5/200 s4931] TR (n=162615) l=0.8560 a=68.4 f1=58.1 (9.3s)| VA (n=16578) l=1.6147 a=38.1, f1=15.4 (0.4s) | TE (n=19837) l=1.7043 a=44.2, f1=19.6 (0.3s)
2026-04-23 23:07:23 [INFO ] [e6/200 s5962] TR (n=162552) l=0.8471 a=70.5 f1=61.3 (10.4s)| VA (n=16578) l=1.2708 a=46.3, f1=27.9 (0.4s) | TE (n=19837) l=1.3263 a=50.1, f1=29.8 (0.4s)
2026-04-23 23:07:35 [INFO ] [e7/200 s6971] TR (n=162545) l=0.8695 a=70.9 f1=62.1 (10.1s)| VA (n=16578) l=0.6993 a=70.6, f1=44.2 (0.4s) | TE (n=19837) l=0.6349 a=77.3, f1=49.0 (0.3s)
2026-04-23 23:07:35 [INFO ] Saved best checkpoint to out_sleepedfx/train/4/best_ckpt/best_model.ckpt
2026-04-23 23:07:46 [INFO ] [e8/200 s7983] TR (n=162546) l=0.7581 a=72.9 f1=64.9 (10.0s)| VA (n=16578) l=0.9318 a=59.4, f1=34.9 (0.4s) | TE (n=19837) l=0.8435 a=70.1, f1=44.3 (0.3s)
2026-04-23 23:07:57 [INFO ] [e9/200 s9009] TR (n=162582) l=0.7612 a=74.5 f1=66.7 (10.2s)| VA (n=16578) l=0.7084 a=71.8, f1=51.0 (0.4s) | TE (n=19837) l=0.6254 a=78.3, f1=54.5 (0.3s)
2026-04-23 23:07:57 [INFO ] Saved best checkpoint to out_sleepedfx/train/4/best_ckpt/best_model.ckpt
2026-04-23 23:08:08 [INFO ] [e10/200 s9993] TR (n=162569) l=0.7525 a=74.9 f1=67.3 (9.2s)| VA (n=16578) l=0.8875 a=67.8, f1=49.1 (0.4s) | TE (n=19837) l=0.7151 a=74.3, f1=50.4 (0.3s)
2026-04-23 23:08:19 [INFO ] [e11/200 s10988] TR (n=162549) l=0.7008 a=76.6 f1=69.4 (9.9s)| VA (n=16578) l=0.6397 a=76.0, f1=58.0 (0.4s) | TE (n=19837) l=0.5273 a=81.6, f1=58.5 (0.3s)
2026-04-23 23:08:19 [INFO ] Saved best checkpoint to out_sleepedfx/train/4/best_ckpt/best_model.ckpt
2026-04-23 23:08:30 [INFO ] [e12/200 s12012] TR (n=162568) l=0.6925 a=77.5 f1=70.4 (9.8s)| VA (n=16578) l=0.5745 a=76.0, f1=58.3 (0.4s) | TE (n=19837) l=0.4722 a=82.6, f1=63.3 (0.4s)
2026-04-23 23:08:30 [INFO ] Saved best checkpoint to out_sleepedfx/train/4/best_ckpt/best_model.ckpt
2026-04-23 23:08:42 [INFO ] [e13/200 s13019] TR (n=162568) l=0.6866 a=77.3 f1=70.6 (10.0s)| VA (n=16578) l=0.7032 a=71.4, f1=51.6 (0.4s) | TE (n=19837) l=0.5710 a=79.9, f1=57.3 (0.4s)
2026-04-23 23:08:52 [INFO ] [e14/200 s13995] TR (n=162547) l=0.6908 a=77.7 f1=70.6 (9.0s)| VA (n=16578) l=0.7651 a=63.5, f1=51.1 (0.4s) | TE (n=19837) l=0.7092 a=71.1, f1=55.4 (0.3s)
2026-04-23 23:09:03 [INFO ] [e15/200 s15030] TR (n=162553) l=0.7145 a=77.9 f1=71.3 (10.0s)| VA (n=16578) l=2.0649 a=35.0, f1=10.4 (0.4s) | TE (n=19837) l=2.5057 a=38.5, f1=11.2 (0.3s)
2026-04-23 23:09:14 [INFO ] [e16/200 s16005] TR (n=162593) l=0.6450 a=78.9 f1=72.3 (9.3s)| VA (n=16578) l=0.5519 a=77.1, f1=63.8 (0.4s) | TE (n=19837) l=0.5113 a=81.6, f1=62.4 (0.4s)
2026-04-23 23:09:14 [INFO ] Saved best checkpoint to out_sleepedfx/train/4/best_ckpt/best_model.ckpt
2026-04-23 23:09:25 [INFO ] [e17/200 s16971] TR (n=162573) l=0.6413 a=78.9 f1=72.2 (9.3s)| VA (n=16578) l=1.4385 a=39.5, f1=32.9 (0.4s) | TE (n=19837) l=1.5132 a=39.3, f1=29.1 (0.3s)
2026-04-23 23:09:35 [INFO ] [e18/200 s17952] TR (n=162557) l=0.6258 a=78.9 f1=72.3 (9.1s)| VA (n=16578) l=0.8398 a=66.9, f1=50.1 (0.4s) | TE (n=19837) l=0.7324 a=71.9, f1=51.4 (0.3s)
2026-04-23 23:09:47 [INFO ] [e19/200 s18965] TR (n=162574) l=0.6581 a=79.1 f1=72.8 (10.5s)| VA (n=16578) l=1.1908 a=65.4, f1=61.3 (0.4s) | TE (n=19837) l=0.7033 a=74.7, f1=62.7 (0.4s)
2026-04-23 23:09:59 [INFO ] [e20/200 s19927] TR (n=162580) l=0.6873 a=79.5 f1=73.3 (9.9s)| VA (n=16578) l=0.6520 a=73.5, f1=57.7 (0.5s) | TE (n=19837) l=0.5679 a=78.2, f1=56.3 (0.4s)
2026-04-23 23:10:10 [INFO ] [e21/200 s20936] TR (n=162575) l=0.6028 a=79.9 f1=73.6 (9.9s)| VA (n=16578) l=0.7341 a=65.2, f1=57.7 (0.4s) | TE (n=19837) l=0.7485 a=67.4, f1=59.6 (0.4s)
2026-04-23 23:10:21 [INFO ] [e22/200 s21907] TR (n=162581) l=0.6717 a=79.5 f1=73.1 (9.5s)| VA (n=16578) l=0.7851 a=71.0, f1=50.7 (0.4s) | TE (n=19837) l=0.6872 a=77.2, f1=51.4 (0.4s)
2026-04-23 23:10:31 [INFO ] [e23/200 s22876] TR (n=162551) l=0.6748 a=79.8 f1=73.4 (9.1s)| VA (n=16578) l=0.8981 a=58.5, f1=45.8 (0.4s) | TE (n=19837) l=1.0456 a=57.0, f1=41.3 (0.3s)
2026-04-23 23:10:42 [INFO ] [e24/200 s23876] TR (n=162553) l=0.6321 a=80.1 f1=74.1 (9.6s)| VA (n=16578) l=1.5591 a=52.4, f1=42.7 (0.4s) | TE (n=19837) l=1.4102 a=53.8, f1=37.6 (0.3s)
2026-04-23 23:10:53 [INFO ] [e25/200 s24842] TR (n=162573) l=0.7023 a=79.8 f1=73.6 (9.3s)| VA (n=16578) l=3.2327 a=23.6, f1=14.1 (0.4s) | TE (n=19837) l=2.6330 a=17.6, f1=10.2 (0.3s)
2026-04-23 23:11:03 [INFO ] [e26/200 s25809] TR (n=162546) l=0.6097 a=80.3 f1=74.2 (9.1s)| VA (n=16578) l=1.4181 a=56.1, f1=43.2 (0.4s) | TE (n=19837) l=1.0695 a=61.3, f1=46.2 (0.4s)
2026-04-23 23:11:14 [INFO ] [e27/200 s26813] TR (n=162540) l=0.6312 a=80.4 f1=74.3 (9.7s)| VA (n=16578) l=1.6876 a=40.5, f1=20.9 (0.4s) | TE (n=19837) l=1.7143 a=43.3, f1=21.2 (0.4s)
2026-04-23 23:11:25 [INFO ] [e28/200 s27832] TR (n=162571) l=0.6372 a=80.2 f1=74.2 (9.6s)| VA (n=16578) l=1.2516 a=54.0, f1=39.7 (0.4s) | TE (n=19837) l=1.0074 a=61.2, f1=41.6 (0.3s)
2026-04-23 23:11:36 [INFO ] [e29/200 s28807] TR (n=162572) l=0.5931 a=80.5 f1=74.4 (9.3s)| VA (n=16578) l=0.5322 a=78.5, f1=71.8 (0.4s) | TE (n=19837) l=0.4915 a=81.9, f1=70.4 (0.3s)
2026-04-23 23:11:36 [INFO ] Saved best checkpoint to out_sleepedfx/train/4/best_ckpt/best_model.ckpt
2026-04-23 23:11:46 [INFO ] [e30/200 s29790] TR (n=162596) l=0.5930 a=81.0 f1=75.1 (9.6s)| VA (n=16578) l=0.7095 a=76.5, f1=70.6 (0.4s) | TE (n=19837) l=0.4822 a=83.7, f1=70.7 (0.4s)
2026-04-23 23:11:58 [INFO ] [e31/200 s30810] TR (n=162548) l=0.5983 a=80.5 f1=74.8 (9.8s)| VA (n=16578) l=1.6511 a=47.2, f1=39.5 (0.4s) | TE (n=19837) l=1.2834 a=48.5, f1=40.0 (0.3s)
2026-04-23 23:12:09 [INFO ] [e32/200 s31814] TR (n=162561) l=0.5752 a=80.7 f1=74.6 (9.7s)| VA (n=16578) l=0.5762 a=76.1, f1=66.2 (0.4s) | TE (n=19837) l=0.5215 a=80.2, f1=70.1 (0.3s)
2026-04-23 23:12:21 [INFO ] [e33/200 s32823] TR (n=162566) l=0.5739 a=81.0 f1=75.2 (10.3s)| VA (n=16578) l=0.8227 a=72.5, f1=50.7 (0.4s) | TE (n=19837) l=0.6856 a=80.4, f1=53.7 (0.4s)
2026-04-23 23:12:32 [INFO ] [e34/200 s33819] TR (n=162553) l=0.5772 a=81.0 f1=75.0 (10.0s)| VA (n=16578) l=1.2673 a=57.6, f1=50.6 (0.4s) | TE (n=19837) l=0.8893 a=67.1, f1=50.6 (0.4s)
2026-04-23 23:12:43 [INFO ] [e35/200 s34820] TR (n=162533) l=0.5848 a=81.4 f1=75.7 (9.8s)| VA (n=16578) l=0.7169 a=68.1, f1=62.4 (0.4s) | TE (n=19837) l=0.5776 a=77.8, f1=67.9 (0.4s)
2026-04-23 23:12:54 [INFO ] [e36/200 s35794] TR (n=162562) l=0.5610 a=81.8 f1=76.0 (9.7s)| VA (n=16578) l=1.0109 a=63.1, f1=42.2 (0.4s) | TE (n=19837) l=0.8970 a=70.2, f1=45.6 (0.3s)
2026-04-23 23:13:05 [INFO ] [e37/200 s36806] TR (n=162564) l=0.6479 a=81.1 f1=75.3 (9.5s)| VA (n=16578) l=1.8154 a=39.4, f1=20.4 (0.4s) | TE (n=19837) l=2.1711 a=42.2, f1=20.0 (0.3s)
2026-04-23 23:13:16 [INFO ] [e38/200 s37801] TR (n=162551) l=0.5661 a=80.8 f1=74.8 (9.9s)| VA (n=16578) l=0.5358 a=78.1, f1=59.2 (0.4s) | TE (n=19837) l=0.4833 a=81.6, f1=58.9 (0.4s)
2026-04-23 23:13:27 [INFO ] [e39/200 s38769] TR (n=162542) l=0.5528 a=81.4 f1=75.6 (9.4s)| VA (n=16578) l=1.4960 a=60.8, f1=43.5 (0.4s) | TE (n=19837) l=0.9798 a=71.3, f1=44.7 (0.4s)
2026-04-23 23:13:39 [INFO ] [e40/200 s39772] TR (n=162584) l=0.5478 a=81.6 f1=75.7 (9.9s)| VA (n=16578) l=2.1879 a=32.6, f1=23.9 (0.4s) | TE (n=19837) l=1.7096 a=32.0, f1=23.0 (0.3s)
2026-04-23 23:13:49 [INFO ] [e41/200 s40737] TR (n=162562) l=0.5914 a=81.4 f1=75.5 (9.0s)| VA (n=16578) l=0.6826 a=69.2, f1=54.7 (0.4s) | TE (n=19837) l=0.6702 a=70.5, f1=51.7 (0.4s)
2026-04-23 23:14:00 [INFO ] [e42/200 s41701] TR (n=162545) l=0.5604 a=81.5 f1=76.0 (9.7s)| VA (n=16578) l=2.2136 a=35.3, f1=28.5 (0.4s) | TE (n=19837) l=1.7114 a=32.1, f1=25.1 (0.3s)
2026-04-23 23:14:10 [INFO ] [e43/200 s42676] TR (n=162583) l=0.5751 a=81.6 f1=75.9 (9.3s)| VA (n=16578) l=0.6904 a=75.6, f1=65.6 (0.4s) | TE (n=19837) l=0.5797 a=81.1, f1=63.6 (0.3s)
2026-04-23 23:14:21 [INFO ] [e44/200 s43658] TR (n=162553) l=0.5552 a=81.9 f1=76.4 (9.6s)| VA (n=16578) l=0.6013 a=75.3, f1=70.3 (0.4s) | TE (n=19837) l=0.5087 a=80.7, f1=73.0 (0.3s)
2026-04-23 23:14:32 [INFO ] [e45/200 s44646] TR (n=162580) l=0.5393 a=81.9 f1=76.5 (9.5s)| VA (n=16578) l=0.7277 a=72.3, f1=54.5 (0.4s) | TE (n=19837) l=0.5677 a=79.8, f1=61.7 (0.3s)
2026-04-23 23:14:43 [INFO ] [e46/200 s45608] TR (n=162580) l=0.6010 a=82.0 f1=76.2 (9.8s)| VA (n=16578) l=0.6794 a=73.4, f1=68.0 (0.4s) | TE (n=19837) l=0.5397 a=77.9, f1=64.3 (0.4s)
2026-04-23 23:14:55 [INFO ] [e47/200 s46580] TR (n=162561) l=0.5426 a=81.9 f1=76.3 (9.6s)| VA (n=16578) l=0.6096 a=75.6, f1=65.7 (0.4s) | TE (n=19837) l=0.5120 a=81.6, f1=66.4 (0.4s)
2026-04-23 23:15:06 [INFO ] [e48/200 s47579] TR (n=162546) l=0.5870 a=82.2 f1=76.7 (10.1s)| VA (n=16578) l=2.1049 a=44.9, f1=44.0 (0.4s) | TE (n=19837) l=1.5383 a=47.8, f1=48.4 (0.4s)
2026-04-23 23:15:17 [INFO ] [e49/200 s48589] TR (n=162555) l=0.5419 a=82.3 f1=76.9 (9.7s)| VA (n=16578) l=0.8025 a=75.0, f1=69.0 (0.4s) | TE (n=19837) l=0.5486 a=80.9, f1=70.4 (0.3s)
2026-04-23 23:15:28 [INFO ] [e50/200 s49569] TR (n=162567) l=0.5291 a=81.8 f1=76.1 (9.3s)| VA (n=16578) l=0.5905 a=77.3, f1=66.7 (0.4s) | TE (n=19837) l=0.4756 a=82.2, f1=64.2 (0.3s)
2026-04-23 23:15:28 [INFO ] >> Confusion Matrix
2026-04-23 23:15:28 [INFO ] [[6626  971   29    0   18]
 [  92 1014  820    0  177]
 [   6  271 6987    2  171]
 [   4    4  414   52    0]
 [   9  229  322    0 1619]]
2026-04-23 23:15:39 [INFO ] [e51/200 s50560] TR (n=162562) l=0.5734 a=81.7 f1=76.3 (9.7s)| VA (n=16578) l=0.7300 a=72.3, f1=59.5 (0.4s) | TE (n=19837) l=0.6313 a=77.5, f1=58.5 (0.3s)
2026-04-23 23:15:50 [INFO ] [e52/200 s51571] TR (n=162565) l=0.5423 a=82.2 f1=76.6 (9.5s)| VA (n=16578) l=0.6532 a=78.0, f1=59.6 (0.4s) | TE (n=19837) l=0.4637 a=84.7, f1=64.3 (0.3s)
2026-04-23 23:16:00 [INFO ] [e53/200 s52495] TR (n=162556) l=0.5308 a=82.3 f1=76.6 (8.9s)| VA (n=16578) l=0.8236 a=72.1, f1=54.4 (0.4s) | TE (n=19837) l=0.6204 a=79.7, f1=58.3 (0.3s)
2026-04-23 23:16:11 [INFO ] [e54/200 s53497] TR (n=162563) l=0.5209 a=82.4 f1=77.1 (9.5s)| VA (n=16578) l=0.5873 a=75.0, f1=67.1 (0.4s) | TE (n=19837) l=0.4560 a=83.0, f1=75.3 (0.4s)
2026-04-23 23:16:22 [INFO ] [e55/200 s54468] TR (n=162569) l=0.5209 a=82.5 f1=77.2 (9.5s)| VA (n=16578) l=0.5885 a=77.2, f1=71.5 (0.4s) | TE (n=19837) l=0.4822 a=82.1, f1=72.8 (0.4s)
2026-04-23 23:16:32 [INFO ] [e56/200 s55419] TR (n=162558) l=0.5717 a=82.1 f1=76.4 (9.2s)| VA (n=16578) l=1.5293 a=61.2, f1=43.1 (0.4s) | TE (n=19837) l=0.8129 a=73.6, f1=51.5 (0.3s)
2026-04-23 23:16:42 [INFO ] [e57/200 s56331] TR (n=162561) l=0.5265 a=82.7 f1=77.1 (8.9s)| VA (n=16578) l=0.8372 a=62.1, f1=47.4 (0.4s) | TE (n=19837) l=0.6327 a=72.9, f1=55.3 (0.3s)
2026-04-23 23:16:53 [INFO ] [e58/200 s57302] TR (n=162584) l=0.5419 a=82.6 f1=77.4 (9.1s)| VA (n=16578) l=1.2759 a=60.8, f1=46.5 (0.4s) | TE (n=19837) l=1.1128 a=65.5, f1=48.3 (0.3s)
2026-04-23 23:17:04 [INFO ] [e59/200 s58323] TR (n=162561) l=0.5153 a=82.2 f1=76.6 (9.9s)| VA (n=16578) l=0.8229 a=71.9, f1=58.1 (0.4s) | TE (n=19837) l=0.5459 a=79.8, f1=58.3 (0.4s)
2026-04-23 23:17:16 [INFO ] [e60/200 s59358] TR (n=162557) l=0.5651 a=82.5 f1=77.3 (10.5s)| VA (n=16578) l=0.5791 a=76.0, f1=68.5 (0.4s) | TE (n=19837) l=0.4653 a=83.8, f1=73.0 (0.4s)
2026-04-23 23:17:27 [INFO ] [e61/200 s60331] TR (n=162552) l=0.5186 a=82.9 f1=77.5 (9.5s)| VA (n=16578) l=0.6563 a=69.1, f1=63.2 (0.4s) | TE (n=19837) l=0.5746 a=75.1, f1=65.7 (0.4s)
2026-04-23 23:17:38 [INFO ] [e62/200 s61298] TR (n=162577) l=0.5186 a=82.8 f1=77.6 (9.5s)| VA (n=16578) l=0.6820 a=75.2, f1=71.6 (0.4s) | TE (n=19837) l=0.5229 a=82.0, f1=72.9 (0.4s)
2026-04-23 23:17:49 [INFO ] [e63/200 s62300] TR (n=162564) l=0.5026 a=83.1 f1=77.9 (10.0s)| VA (n=16578) l=0.5014 a=83.5, f1=78.0 (0.4s) | TE (n=19837) l=0.4276 a=85.8, f1=75.9 (0.4s)
2026-04-23 23:17:49 [INFO ] Saved best checkpoint to out_sleepedfx/train/4/best_ckpt/best_model.ckpt
2026-04-23 23:18:00 [INFO ] [e64/200 s63274] TR (n=162571) l=0.5220 a=83.2 f1=77.8 (9.3s)| VA (n=16578) l=2.6390 a=48.8, f1=34.8 (0.4s) | TE (n=19837) l=1.4598 a=57.1, f1=40.6 (0.3s)
2026-04-23 23:18:11 [INFO ] [e65/200 s64240] TR (n=162544) l=0.5724 a=82.8 f1=77.4 (9.5s)| VA (n=16578) l=0.5471 a=79.3, f1=74.8 (0.4s) | TE (n=19837) l=0.4854 a=82.3, f1=72.7 (0.4s)
2026-04-23 23:18:21 [INFO ] [e66/200 s65184] TR (n=162553) l=0.5107 a=83.0 f1=78.0 (9.2s)| VA (n=16578) l=0.9783 a=67.9, f1=64.5 (0.4s) | TE (n=19837) l=0.7409 a=71.1, f1=65.0 (0.3s)
2026-04-23 23:18:32 [INFO ] [e67/200 s66134] TR (n=162574) l=0.4951 a=83.1 f1=77.9 (9.5s)| VA (n=16578) l=1.8384 a=61.6, f1=50.7 (0.4s) | TE (n=19837) l=0.8401 a=72.5, f1=53.8 (0.3s)
2026-04-23 23:18:43 [INFO ] [e68/200 s67112] TR (n=162559) l=0.5546 a=83.1 f1=78.0 (9.3s)| VA (n=16578) l=0.5839 a=75.8, f1=69.4 (0.4s) | TE (n=19837) l=0.4656 a=82.2, f1=72.4 (0.3s)
2026-04-23 23:18:54 [INFO ] [e69/200 s68111] TR (n=162545) l=0.5354 a=83.0 f1=77.8 (9.9s)| VA (n=16578) l=0.5190 a=79.5, f1=74.4 (0.4s) | TE (n=19837) l=0.4735 a=80.6, f1=70.1 (0.4s)
2026-04-23 23:19:04 [INFO ] [e70/200 s69055] TR (n=162557) l=0.5324 a=83.3 f1=78.2 (8.8s)| VA (n=16578) l=0.4868 a=81.6, f1=77.2 (0.4s) | TE (n=19837) l=0.4130 a=85.3, f1=77.7 (0.3s)
2026-04-23 23:19:15 [INFO ] [e71/200 s70031] TR (n=162571) l=0.4904 a=83.0 f1=77.9 (9.5s)| VA (n=16578) l=0.5974 a=77.5, f1=69.5 (0.4s) | TE (n=19837) l=0.5411 a=80.5, f1=67.7 (0.4s)
2026-04-23 23:19:26 [INFO ] [e72/200 s71010] TR (n=162558) l=0.4644 a=83.3 f1=78.1 (9.3s)| VA (n=16578) l=0.5404 a=80.0, f1=74.0 (0.4s) | TE (n=19837) l=0.4235 a=84.8, f1=73.5 (0.3s)
2026-04-23 23:19:37 [INFO ] [e73/200 s71999] TR (n=162571) l=0.5269 a=83.0 f1=77.8 (9.8s)| VA (n=16578) l=0.5233 a=81.3, f1=76.1 (0.4s) | TE (n=19837) l=0.4482 a=83.8, f1=74.9 (0.4s)
2026-04-23 23:19:48 [INFO ] [e74/200 s73002] TR (n=162553) l=0.5059 a=83.0 f1=77.7 (10.1s)| VA (n=16578) l=0.8131 a=63.6, f1=49.2 (0.4s) | TE (n=19837) l=0.7461 a=67.8, f1=49.8 (0.4s)
2026-04-23 23:20:00 [INFO ] [e75/200 s74010] TR (n=162564) l=0.5075 a=83.3 f1=78.1 (10.1s)| VA (n=16578) l=0.5801 a=76.9, f1=72.8 (0.4s) | TE (n=19837) l=0.4344 a=83.5, f1=73.5 (0.4s)
2026-04-23 23:20:12 [INFO ] [e76/200 s75047] TR (n=162591) l=0.5256 a=83.2 f1=78.1 (10.1s)| VA (n=16578) l=0.5553 a=76.7, f1=64.8 (0.4s) | TE (n=19837) l=0.4840 a=80.9, f1=66.8 (0.4s)
2026-04-23 23:20:23 [INFO ] [e77/200 s76064] TR (n=162571) l=0.4890 a=83.5 f1=78.6 (9.9s)| VA (n=16578) l=0.6497 a=76.5, f1=67.3 (0.4s) | TE (n=19837) l=0.5683 a=80.6, f1=66.0 (0.3s)
2026-04-23 23:20:34 [INFO ] [e78/200 s77097] TR (n=162582) l=0.5308 a=82.7 f1=77.2 (9.7s)| VA (n=16578) l=0.8414 a=70.7, f1=65.5 (0.4s) | TE (n=19837) l=0.5246 a=80.2, f1=65.5 (0.3s)
2026-04-23 23:20:45 [INFO ] [e79/200 s78080] TR (n=162559) l=0.4885 a=83.1 f1=78.1 (9.8s)| VA (n=16578) l=0.4933 a=79.2, f1=74.0 (0.4s) | TE (n=19837) l=0.4418 a=83.5, f1=74.8 (0.3s)
2026-04-23 23:20:56 [INFO ] [e80/200 s79058] TR (n=162562) l=0.4998 a=83.6 f1=78.5 (9.9s)| VA (n=16578) l=0.5303 a=79.4, f1=72.9 (0.4s) | TE (n=19837) l=0.4334 a=81.8, f1=69.7 (0.4s)
2026-04-23 23:21:08 [INFO ] [e81/200 s80067] TR (n=162589) l=0.4946 a=83.5 f1=78.6 (9.8s)| VA (n=16578) l=0.4968 a=81.5, f1=77.3 (0.4s) | TE (n=19837) l=0.4288 a=84.5, f1=76.3 (0.3s)
2026-04-23 23:21:19 [INFO ] [e82/200 s81076] TR (n=162560) l=0.4972 a=83.7 f1=78.6 (9.9s)| VA (n=16578) l=0.9056 a=70.9, f1=54.2 (0.4s) | TE (n=19837) l=0.4901 a=82.6, f1=61.3 (0.4s)
2026-04-23 23:21:30 [INFO ] [e83/200 s82063] TR (n=162566) l=0.4642 a=83.8 f1=78.8 (9.6s)| VA (n=16578) l=0.5600 a=77.4, f1=72.4 (0.4s) | TE (n=19837) l=0.4438 a=83.5, f1=75.5 (0.4s)
2026-04-23 23:21:41 [INFO ] [e84/200 s83069] TR (n=162534) l=0.4658 a=83.7 f1=78.9 (9.7s)| VA (n=16578) l=0.6868 a=76.0, f1=57.7 (0.4s) | TE (n=19837) l=0.4785 a=83.9, f1=62.8 (0.4s)
2026-04-23 23:21:51 [INFO ] [e85/200 s83988] TR (n=162542) l=0.5009 a=83.7 f1=78.5 (9.0s)| VA (n=16578) l=1.5288 a=57.5, f1=43.5 (0.4s) | TE (n=19837) l=1.0216 a=66.0, f1=47.9 (0.3s)
2026-04-23 23:22:01 [INFO ] [e86/200 s84968] TR (n=162559) l=0.4804 a=83.8 f1=78.7 (9.1s)| VA (n=16578) l=0.8602 a=69.8, f1=58.3 (0.4s) | TE (n=19837) l=0.6163 a=77.8, f1=58.6 (0.3s)
2026-04-23 23:22:13 [INFO ] [e87/200 s85956] TR (n=162562) l=0.5149 a=83.5 f1=78.3 (9.8s)| VA (n=16578) l=0.5190 a=80.3, f1=75.2 (0.4s) | TE (n=19837) l=0.4126 a=84.4, f1=75.6 (0.4s)
2026-04-23 23:22:24 [INFO ] [e88/200 s86911] TR (n=162575) l=0.4898 a=84.1 f1=79.2 (9.6s)| VA (n=16578) l=1.4666 a=64.5, f1=49.3 (0.4s) | TE (n=19837) l=0.8302 a=72.0, f1=53.3 (0.4s)
2026-04-23 23:22:36 [INFO ] [e89/200 s87950] TR (n=162561) l=0.4806 a=83.6 f1=78.6 (10.2s)| VA (n=16578) l=0.5018 a=81.1, f1=75.1 (0.4s) | TE (n=19837) l=0.4330 a=83.6, f1=70.2 (0.4s)
2026-04-23 23:22:47 [INFO ] [e90/200 s88957] TR (n=162522) l=0.5324 a=83.6 f1=78.6 (10.2s)| VA (n=16578) l=0.5849 a=78.3, f1=69.1 (0.5s) | TE (n=19837) l=0.4940 a=81.6, f1=64.1 (0.4s)
2026-04-23 23:22:58 [INFO ] [e91/200 s89922] TR (n=162551) l=0.4801 a=83.6 f1=78.6 (9.3s)| VA (n=16578) l=0.5790 a=79.2, f1=60.6 (0.4s) | TE (n=19837) l=0.4881 a=82.7, f1=61.5 (0.3s)
2026-04-23 23:23:08 [INFO ] [e92/200 s90884] TR (n=162583) l=0.5012 a=84.1 f1=79.2 (9.4s)| VA (n=16578) l=0.5579 a=77.1, f1=59.0 (0.4s) | TE (n=19837) l=0.4592 a=82.0, f1=61.1 (0.3s)
2026-04-23 23:23:19 [INFO ] [e93/200 s91896] TR (n=162580) l=0.4940 a=83.6 f1=78.5 (9.6s)| VA (n=16578) l=0.7765 a=69.4, f1=52.5 (0.4s) | TE (n=19837) l=0.6435 a=75.0, f1=55.2 (0.3s)
2026-04-23 23:23:31 [INFO ] [e94/200 s92912] TR (n=162550) l=0.4846 a=84.2 f1=79.1 (9.9s)| VA (n=16578) l=0.6071 a=74.7, f1=60.0 (0.4s) | TE (n=19837) l=0.5044 a=79.1, f1=59.8 (0.3s)
2026-04-23 23:23:42 [INFO ] [e95/200 s93933] TR (n=162585) l=0.4778 a=84.0 f1=79.2 (9.6s)| VA (n=16578) l=0.5665 a=75.8, f1=73.0 (0.4s) | TE (n=19837) l=0.4518 a=82.0, f1=74.9 (0.3s)
2026-04-23 23:23:53 [INFO ] [e96/200 s94944] TR (n=162570) l=0.4682 a=83.9 f1=79.0 (10.0s)| VA (n=16578) l=0.5289 a=77.7, f1=73.8 (0.4s) | TE (n=19837) l=0.4357 a=81.5, f1=71.5 (0.4s)
2026-04-23 23:24:04 [INFO ] [e97/200 s95880] TR (n=162561) l=0.4613 a=84.0 f1=79.2 (9.3s)| VA (n=16578) l=0.7223 a=72.7, f1=57.7 (0.4s) | TE (n=19837) l=0.5769 a=78.2, f1=58.3 (0.4s)
2026-04-23 23:24:15 [INFO ] [e98/200 s96876] TR (n=162570) l=0.5009 a=83.7 f1=78.7 (10.2s)| VA (n=16578) l=0.4996 a=81.9, f1=72.2 (0.4s) | TE (n=19837) l=0.4377 a=84.8, f1=67.3 (0.3s)
2026-04-23 23:24:26 [INFO ] [e99/200 s97856] TR (n=162564) l=0.5098 a=84.1 f1=79.0 (9.1s)| VA (n=16578) l=0.7429 a=71.7, f1=53.1 (0.4s) | TE (n=19837) l=0.6038 a=78.3, f1=56.2 (0.3s)
2026-04-23 23:24:37 [INFO ] [e100/200 s98866] TR (n=162568) l=0.4884 a=84.0 f1=79.2 (10.1s)| VA (n=16578) l=1.2637 a=66.5, f1=48.8 (0.4s) | TE (n=19837) l=0.6107 a=79.4, f1=56.3 (0.3s)
2026-04-23 23:24:37 [INFO ] >> Confusion Matrix
2026-04-23 23:24:37 [INFO ] [[6660  486   25    0  473]
 [ 140  892  754    0  317]
 [   5  344 6774    0  314]
 [   1    1  453    0   19]
 [  21  204  530    0 1424]]
2026-04-23 23:24:48 [INFO ] [e101/200 s99838] TR (n=162576) l=0.4478 a=84.2 f1=79.3 (9.9s)| VA (n=16578) l=0.5849 a=75.8, f1=64.5 (0.4s) | TE (n=19837) l=0.4772 a=81.5, f1=61.4 (0.4s)
2026-04-23 23:25:00 [INFO ] [e102/200 s100861] TR (n=162564) l=0.5172 a=84.2 f1=79.1 (10.2s)| VA (n=16578) l=0.5779 a=79.9, f1=71.3 (0.4s) | TE (n=19837) l=0.4992 a=82.3, f1=68.6 (0.4s)
2026-04-23 23:25:12 [INFO ] [e103/200 s101822] TR (n=162545) l=0.4849 a=84.0 f1=78.9 (10.0s)| VA (n=16578) l=0.5956 a=77.8, f1=72.4 (0.4s) | TE (n=19837) l=0.4330 a=84.0, f1=72.5 (0.4s)
2026-04-23 23:25:22 [INFO ] [e104/200 s102780] TR (n=162563) l=0.4743 a=83.9 f1=78.9 (9.0s)| VA (n=16578) l=0.7925 a=68.6, f1=52.7 (0.4s) | TE (n=19837) l=0.6116 a=75.6, f1=56.2 (0.3s)
2026-04-23 23:25:32 [INFO ] [e105/200 s103741] TR (n=162578) l=0.4387 a=84.3 f1=79.4 (8.8s)| VA (n=16578) l=0.8866 a=64.3, f1=49.1 (0.4s) | TE (n=19837) l=0.7558 a=71.5, f1=56.2 (0.3s)
2026-04-23 23:25:42 [INFO ] [e106/200 s104705] TR (n=162582) l=0.4707 a=84.2 f1=79.4 (9.1s)| VA (n=16578) l=0.6729 a=71.3, f1=55.2 (0.4s) | TE (n=19837) l=0.5401 a=79.2, f1=62.9 (0.3s)
2026-04-23 23:25:53 [INFO ] [e107/200 s105670] TR (n=162590) l=0.4725 a=84.3 f1=79.8 (8.9s)| VA (n=16578) l=0.5036 a=82.4, f1=73.4 (0.4s) | TE (n=19837) l=0.4292 a=85.4, f1=70.3 (0.4s)
2026-04-23 23:26:03 [INFO ] [e108/200 s106682] TR (n=162563) l=0.4537 a=84.5 f1=79.7 (9.5s)| VA (n=16578) l=0.5305 a=81.3, f1=75.3 (0.4s) | TE (n=19837) l=0.4761 a=83.8, f1=73.2 (0.3s)
2026-04-23 23:26:14 [INFO ] [e109/200 s107637] TR (n=162560) l=0.4964 a=84.4 f1=79.5 (8.9s)| VA (n=16578) l=0.7453 a=71.9, f1=52.7 (0.4s) | TE (n=19837) l=0.6884 a=76.9, f1=52.2 (0.3s)
2026-04-23 23:26:25 [INFO ] [e110/200 s108614] TR (n=162567) l=0.4719 a=84.3 f1=79.5 (9.8s)| VA (n=16578) l=0.6220 a=76.4, f1=71.3 (0.4s) | TE (n=19837) l=0.5179 a=80.0, f1=71.5 (0.3s)
2026-04-23 23:26:36 [INFO ] [e111/200 s109638] TR (n=162565) l=0.4693 a=84.1 f1=79.3 (9.7s)| VA (n=16578) l=0.6671 a=72.3, f1=66.6 (0.4s) | TE (n=19837) l=0.5461 a=80.5, f1=69.9 (0.4s)
2026-04-23 23:26:47 [INFO ] [e112/200 s110648] TR (n=162544) l=0.5037 a=84.5 f1=79.6 (9.8s)| VA (n=16578) l=1.4238 a=54.7, f1=49.6 (0.4s) | TE (n=19837) l=0.7315 a=72.8, f1=61.1 (0.3s)
